Copyright 1986-2022 Xilinx, Inc. All Rights Reserved.
---------------------------------------------------------------------------------------
| Tool Version : Vivado v.2022.2 (lin64) Build 3671981 Fri Oct 14 04:59:54 MDT 2022
| Date         : Tue Jun  2 10:41:26 2026
| Host         : manuale97-Prestige-15-A12UC running 64-bit Ubuntu 22.04.5 LTS
| Command      : report_utilization -hierarchical -file reports/ariane.utilization.rpt
| Design       : ariane_xilinx
| Device       : xc7k325tffg900-2
| Speed File   : -2
| Design State : Routed
---------------------------------------------------------------------------------------

Utilization Design Information

Table of Contents
-----------------
1. Utilization by Hierarchy

1. Utilization by Hierarchy
---------------------------

+-----------------------------------------------------------------------------------------------+------------------------------------------------------------------------------------------------------+------------+------------+---------+------+-------+--------+--------+------------+
|                                            Instance                                           |                                                Module                                                | Total LUTs | Logic LUTs | LUTRAMs | SRLs |  FFs  | RAMB36 | RAMB18 | DSP Blocks |
+-----------------------------------------------------------------------------------------------+------------------------------------------------------------------------------------------------------+------------+------------+---------+------+-------+--------+--------+------------+
| ariane_xilinx                                                                                 |                                                                                                (top) |      73298 |      71671 |    1220 |  407 | 43469 |     35 |     10 |          6 |
|   (ariane_xilinx)                                                                             |                                                                                                (top) |        106 |        106 |       0 |    0 |     3 |      0 |      0 |          0 |
|   i_ariane                                                                                    |                                                                                               ariane |      39389 |      39357 |      32 |    0 | 15653 |     20 |      8 |          6 |
|     i_cva6                                                                                    |                                                                                                 cva6 |      39389 |      39357 |      32 |    0 | 15653 |     20 |      8 |          6 |
|       csr_regfile_i                                                                           |                                                                                          csr_regfile |       6428 |       6428 |       0 |    0 |  3596 |      0 |      0 |          0 |
|       ex_stage_i                                                                              |                                                                                             ex_stage |      10770 |      10770 |       0 |    0 |  2440 |      0 |      0 |          6 |
|         alu_i                                                                                 |                                                                                                  alu |         30 |         30 |       0 |    0 |     0 |      0 |      0 |          0 |
|         branch_unit_i                                                                         |                                                                                          branch_unit |         12 |         12 |       0 |    0 |     0 |      0 |      0 |          0 |
|         csr_buffer_i                                                                          |                                                                                           csr_buffer |       3428 |       3428 |       0 |    0 |    13 |      0 |      0 |          0 |
|         fpu_gen.fpu_i                                                                         |                                                                                             fpu_wrap |       3827 |       3827 |       0 |    0 |  1015 |      0 |      0 |          2 |
|           (fpu_gen.fpu_i)                                                                     |                                                                                             fpu_wrap |        505 |        505 |       0 |    0 |   116 |      0 |      0 |          0 |
|           fpu_gen.i_fpnew_bulk                                                                |                                                                                            fpnew_top |       3351 |       3351 |       0 |    0 |   899 |      0 |      0 |          2 |
|             gen_operation_groups[0].i_opgroup_block                                           |                                                                                  fpnew_opgroup_block |        869 |        869 |       0 |    0 |   292 |      0 |      0 |          2 |
|               gen_parallel_slices[0].active_format.i_fmt_slice                                |                                                                              fpnew_opgroup_fmt_slice |        869 |        869 |       0 |    0 |   292 |      0 |      0 |          2 |
|                 gen_num_lanes[0].active_lane.lane_instance.i_fma                              |                                                                                            fpnew_fma |        869 |        869 |       0 |    0 |   292 |      0 |      0 |          2 |
|             gen_operation_groups[1].i_opgroup_block                                           |                                                                  fpnew_opgroup_block__parameterized0 |       1726 |       1726 |       0 |    0 |   380 |      0 |      0 |          0 |
|               gen_merged_slice.i_multifmt_slice                                               |                                                                         fpnew_opgroup_multifmt_slice |       1726 |       1726 |       0 |    0 |   380 |      0 |      0 |          0 |
|                 gen_num_lanes[0].active_lane.lane_instance.i_fpnew_divsqrt_multi              |                                                                                  fpnew_divsqrt_multi |       1726 |       1726 |       0 |    0 |   380 |      0 |      0 |          0 |
|                   (gen_num_lanes[0].active_lane.lane_instance.i_fpnew_divsqrt_multi)          |                                                                                  fpnew_divsqrt_multi |         39 |         39 |       0 |    0 |   133 |      0 |      0 |          0 |
|                   i_divsqrt_lei                                                               |                                                                                     div_sqrt_top_mvp |       1687 |       1687 |       0 |    0 |   247 |      0 |      0 |          0 |
|                     nrbd_nrsc_U0                                                              |                                                                                        nrbd_nrsc_mvp |       1317 |       1317 |       0 |    0 |   151 |      0 |      0 |          0 |
|                       control_U0                                                              |                                                                                          control_mvp |       1317 |       1317 |       0 |    0 |   151 |      0 |      0 |          0 |
|                     preprocess_U0                                                             |                                                                                       preprocess_mvp |        370 |        370 |       0 |    0 |    96 |      0 |      0 |          0 |
|             gen_operation_groups[2].i_opgroup_block                                           |                                                                  fpnew_opgroup_block__parameterized1 |        123 |        123 |       0 |    0 |    77 |      0 |      0 |          0 |
|               gen_parallel_slices[0].active_format.i_fmt_slice                                |                                                              fpnew_opgroup_fmt_slice__parameterized0 |        123 |        123 |       0 |    0 |    77 |      0 |      0 |          0 |
|                 gen_num_lanes[0].active_lane.lane_instance.i_noncomp                          |                                                                                        fpnew_noncomp |        123 |        123 |       0 |    0 |    77 |      0 |      0 |          0 |
|             gen_operation_groups[3].i_opgroup_block                                           |                                                                  fpnew_opgroup_block__parameterized2 |        594 |        594 |       0 |    0 |   148 |      0 |      0 |          0 |
|               gen_merged_slice.i_multifmt_slice                                               |                                                         fpnew_opgroup_multifmt_slice__parameterized0 |        594 |        594 |       0 |    0 |   148 |      0 |      0 |          0 |
|                 gen_num_lanes[0].active_lane.lane_instance.i_fpnew_cast_multi                 |                                                                                     fpnew_cast_multi |        594 |        594 |       0 |    0 |   148 |      0 |      0 |          0 |
|             i_arbiter                                                                         |                                                                          rr_arb_tree__parameterized6 |         39 |         39 |       0 |    0 |     2 |      0 |      0 |          0 |
|         i_mult                                                                                |                                                                                                 mult |        295 |        295 |       0 |    0 |   190 |      0 |      0 |          4 |
|           i_div                                                                               |                                                                                               serdiv |        174 |        174 |       0 |    0 |   112 |      0 |      0 |          0 |
|           i_multiplier                                                                        |                                                                                           multiplier |        121 |        121 |       0 |    0 |    78 |      0 |      0 |          4 |
|         lsu_i                                                                                 |                                                                                      load_store_unit |       3179 |       3179 |       0 |    0 |  1222 |      0 |      0 |          0 |
|           gen_no_mmu.gen_spmp.gen_double_spmp.i_spmp_interface_hyp                            |                                                                                   spmp_interface_hyp |       1112 |       1112 |       0 |    0 |   126 |      0 |      0 |          0 |
|             (gen_no_mmu.gen_spmp.gen_double_spmp.i_spmp_interface_hyp)                        |                                                                                   spmp_interface_hyp |        612 |        612 |       0 |    0 |   126 |      0 |      0 |          0 |
|             i_if_spmp                                                                         |                                                                             spmp_hyp__parameterized0 |        292 |        292 |       0 |    0 |     0 |      0 |      0 |          0 |
|             i_lsu_spmp                                                                        |                                                                         spmp_hyp__parameterized0_445 |        208 |        208 |       0 |    0 |     0 |      0 |      0 |          0 |
|             i_lsu_vspmp                                                                       |                                                                                             spmp_hyp |          0 |          0 |       0 |    0 |     0 |      0 |      0 |          0 |
|               gen_spmp_logic.gen_spmp_matchers[1].i_spmp_matcher                              |                                                                                    spmp_addr_matcher |          0 |          0 |       0 |    0 |     0 |      0 |      0 |          0 |
|               gen_spmp_logic.gen_spmp_matchers[2].i_spmp_matcher                              |                                                                                spmp_addr_matcher_446 |          0 |          0 |       0 |    0 |     0 |      0 |      0 |          0 |
|               gen_spmp_logic.gen_spmp_matchers[3].i_spmp_matcher                              |                                                                                spmp_addr_matcher_447 |          0 |          0 |       0 |    0 |     0 |      0 |      0 |          0 |
|               gen_spmp_logic.gen_spmp_matchers[4].i_spmp_matcher                              |                                                                                spmp_addr_matcher_448 |          0 |          0 |       0 |    0 |     0 |      0 |      0 |          0 |
|               gen_spmp_logic.gen_spmp_matchers[5].i_spmp_matcher                              |                                                                                spmp_addr_matcher_449 |          0 |          0 |       0 |    0 |     0 |      0 |      0 |          0 |
|               gen_spmp_logic.gen_spmp_matchers[6].i_spmp_matcher                              |                                                                                spmp_addr_matcher_450 |          0 |          0 |       0 |    0 |     0 |      0 |      0 |          0 |
|               gen_spmp_logic.gen_spmp_matchers[7].i_spmp_matcher                              |                                                                                spmp_addr_matcher_451 |          0 |          0 |       0 |    0 |     0 |      0 |      0 |          0 |
|           i_load_unit                                                                         |                                                                                            load_unit |         76 |         76 |       0 |    0 |    35 |      0 |      0 |          0 |
|           i_pipe_reg_load                                                                     |                                                                                            shift_reg |          1 |          1 |       0 |    0 |   132 |      0 |      0 |          0 |
|           i_pmp_data_if                                                                       |                                                                                          pmp_data_if |        286 |        286 |       0 |    0 |     0 |      0 |      0 |          0 |
|             i_pmp_data                                                                        |                                                                                                  pmp |        187 |        187 |       0 |    0 |     0 |      0 |      0 |          0 |
|             i_pmp_if                                                                          |                                                                                              pmp_444 |         99 |         99 |       0 |    0 |     0 |      0 |      0 |          0 |
|           i_store_unit                                                                        |                                                                                           store_unit |        315 |        315 |       0 |    0 |   701 |      0 |      0 |          0 |
|             (i_store_unit)                                                                    |                                                                                           store_unit |          3 |          3 |       0 |    0 |    47 |      0 |      0 |          0 |
|             i_amo_buffer                                                                      |                                                                                           amo_buffer |         14 |         14 |       0 |    0 |    72 |      0 |      0 |          0 |
|               i_amo_fifo                                                                      |                                                                         cva6_fifo_v3__parameterized1 |         14 |         14 |       0 |    0 |    72 |      0 |      0 |          0 |
|             store_buffer_i                                                                    |                                                                                         store_buffer |        298 |        298 |       0 |    0 |   582 |      0 |      0 |          0 |
|           lsu_bypass_i                                                                        |                                                                                           lsu_bypass |       1502 |       1502 |       0 |    0 |   228 |      0 |      0 |          0 |
|       gen_cache_hpd.i_cache_subsystem                                                         |                                                                              cva6_hpdcache_subsystem |      10543 |      10511 |      32 |    0 |  2327 |     20 |      8 |          0 |
|         i_axi_arbiter                                                                         |                                                                  cva6_hpdcache_subsystem_axi_arbiter |        607 |        607 |       0 |    0 |   166 |      0 |      0 |          0 |
|           (i_axi_arbiter)                                                                     |                                                                  cva6_hpdcache_subsystem_axi_arbiter |          0 |          0 |       0 |    0 |     1 |      0 |      0 |          0 |
|           i_icache_hpdcache_data_upsize                                                       |                                                                                 hpdcache_data_upsize |         32 |         32 |       0 |    0 |   130 |      0 |      0 |          0 |
|           i_icache_miss_req_fifo                                                              |                                                                    hpdcache_fifo_reg__parameterized7 |        450 |        450 |       0 |    0 |    31 |      0 |      0 |          0 |
|             gen_buffer.i_sync_buffer                                                          |                                                                 hpdcache_sync_buffer__parameterized3 |        450 |        450 |       0 |    0 |    31 |      0 |      0 |          0 |
|           i_icache_refill_meta_fifo                                                           |                                                                    hpdcache_fifo_reg__parameterized6 |          1 |          1 |       0 |    0 |     1 |      0 |      0 |          0 |
|             gen_buffer.i_sync_buffer                                                          |                                                                 hpdcache_sync_buffer__parameterized2 |          1 |          1 |       0 |    0 |     1 |      0 |      0 |          0 |
|           i_mem_req_read_arbiter                                                              |                                                                    hpdcache_mem_req_read_arbiter_442 |        124 |        124 |       0 |    0 |     3 |      0 |      0 |          0 |
|             hpdcache_fxarb_mem_req_write_i                                                    |                                                                   hpdcache_fxarb__parameterized1_443 |        124 |        124 |       0 |    0 |     3 |      0 |      0 |          0 |
|         i_cva6_icache                                                                         |                                                                                          cva6_icache |       1740 |       1740 |       0 |    0 |   119 |     12 |      0 |          0 |
|           (i_cva6_icache)                                                                     |                                                                                          cva6_icache |       1450 |       1450 |       0 |    0 |   111 |      0 |      0 |          0 |
|           gen_sram[0].data_sram                                                               |                                                                           sram_cache__parameterized0 |         34 |         34 |       0 |    0 |     0 |      2 |      0 |          0 |
|             data_sram                                                                         |                                                                             sram__parameterized0_437 |         34 |         34 |       0 |    0 |     0 |      2 |      0 |          0 |
|               gen_cut[0].i_tc_sram_wrapper                                                    |                                                                                  tc_sram_wrapper_438 |          0 |          0 |       0 |    0 |     0 |      1 |      0 |          0 |
|                 i_ram                                                                         |                                                                                  SyncSpRamBeNx64_441 |          0 |          0 |       0 |    0 |     0 |      1 |      0 |          0 |
|               gen_cut[1].i_tc_sram_wrapper                                                    |                                                                                  tc_sram_wrapper_439 |         34 |         34 |       0 |    0 |     0 |      1 |      0 |          0 |
|                 i_ram                                                                         |                                                                                  SyncSpRamBeNx64_440 |         34 |         34 |       0 |    0 |     0 |      1 |      0 |          0 |
|           gen_sram[0].tag_sram                                                                |                                                                                           sram_cache |         79 |         79 |       0 |    0 |     0 |      1 |      0 |          0 |
|             data_sram                                                                         |                                                                                             sram_434 |         79 |         79 |       0 |    0 |     0 |      1 |      0 |          0 |
|               gen_cut[0].i_tc_sram_wrapper                                                    |                                                                                  tc_sram_wrapper_435 |         79 |         79 |       0 |    0 |     0 |      1 |      0 |          0 |
|                 i_ram                                                                         |                                                                                  SyncSpRamBeNx64_436 |         79 |         79 |       0 |    0 |     0 |      1 |      0 |          0 |
|           gen_sram[1].data_sram                                                               |                                                                       sram_cache__parameterized0_408 |         34 |         34 |       0 |    0 |     0 |      2 |      0 |          0 |
|             data_sram                                                                         |                                                                             sram__parameterized0_429 |         34 |         34 |       0 |    0 |     0 |      2 |      0 |          0 |
|               gen_cut[0].i_tc_sram_wrapper                                                    |                                                                                  tc_sram_wrapper_430 |          0 |          0 |       0 |    0 |     0 |      1 |      0 |          0 |
|                 i_ram                                                                         |                                                                                  SyncSpRamBeNx64_433 |          0 |          0 |       0 |    0 |     0 |      1 |      0 |          0 |
|               gen_cut[1].i_tc_sram_wrapper                                                    |                                                                                  tc_sram_wrapper_431 |         34 |         34 |       0 |    0 |     0 |      1 |      0 |          0 |
|                 i_ram                                                                         |                                                                                  SyncSpRamBeNx64_432 |         34 |         34 |       0 |    0 |     0 |      1 |      0 |          0 |
|           gen_sram[1].tag_sram                                                                |                                                                                       sram_cache_409 |         10 |         10 |       0 |    0 |     0 |      1 |      0 |          0 |
|             data_sram                                                                         |                                                                                             sram_426 |         10 |         10 |       0 |    0 |     0 |      1 |      0 |          0 |
|               gen_cut[0].i_tc_sram_wrapper                                                    |                                                                                  tc_sram_wrapper_427 |         10 |         10 |       0 |    0 |     0 |      1 |      0 |          0 |
|                 i_ram                                                                         |                                                                                  SyncSpRamBeNx64_428 |         10 |         10 |       0 |    0 |     0 |      1 |      0 |          0 |
|           gen_sram[2].data_sram                                                               |                                                                       sram_cache__parameterized0_410 |         34 |         34 |       0 |    0 |     0 |      2 |      0 |          0 |
|             data_sram                                                                         |                                                                             sram__parameterized0_421 |         34 |         34 |       0 |    0 |     0 |      2 |      0 |          0 |
|               gen_cut[0].i_tc_sram_wrapper                                                    |                                                                                  tc_sram_wrapper_422 |          0 |          0 |       0 |    0 |     0 |      1 |      0 |          0 |
|                 i_ram                                                                         |                                                                                  SyncSpRamBeNx64_425 |          0 |          0 |       0 |    0 |     0 |      1 |      0 |          0 |
|               gen_cut[1].i_tc_sram_wrapper                                                    |                                                                                  tc_sram_wrapper_423 |         34 |         34 |       0 |    0 |     0 |      1 |      0 |          0 |
|                 i_ram                                                                         |                                                                                  SyncSpRamBeNx64_424 |         34 |         34 |       0 |    0 |     0 |      1 |      0 |          0 |
|           gen_sram[2].tag_sram                                                                |                                                                                       sram_cache_411 |         12 |         12 |       0 |    0 |     0 |      1 |      0 |          0 |
|             data_sram                                                                         |                                                                                             sram_418 |         12 |         12 |       0 |    0 |     0 |      1 |      0 |          0 |
|               gen_cut[0].i_tc_sram_wrapper                                                    |                                                                                  tc_sram_wrapper_419 |         12 |         12 |       0 |    0 |     0 |      1 |      0 |          0 |
|                 i_ram                                                                         |                                                                                  SyncSpRamBeNx64_420 |         12 |         12 |       0 |    0 |     0 |      1 |      0 |          0 |
|           gen_sram[3].data_sram                                                               |                                                                       sram_cache__parameterized0_412 |         56 |         56 |       0 |    0 |     0 |      2 |      0 |          0 |
|             data_sram                                                                         |                                                                                 sram__parameterized0 |         56 |         56 |       0 |    0 |     0 |      2 |      0 |          0 |
|               gen_cut[0].i_tc_sram_wrapper                                                    |                                                                                  tc_sram_wrapper_414 |          0 |          0 |       0 |    0 |     0 |      1 |      0 |          0 |
|                 i_ram                                                                         |                                                                                  SyncSpRamBeNx64_417 |          0 |          0 |       0 |    0 |     0 |      1 |      0 |          0 |
|               gen_cut[1].i_tc_sram_wrapper                                                    |                                                                                  tc_sram_wrapper_415 |         56 |         56 |       0 |    0 |     0 |      1 |      0 |          0 |
|                 i_ram                                                                         |                                                                                  SyncSpRamBeNx64_416 |         56 |         56 |       0 |    0 |     0 |      1 |      0 |          0 |
|           gen_sram[3].tag_sram                                                                |                                                                                       sram_cache_413 |         24 |         24 |       0 |    0 |     0 |      1 |      0 |          0 |
|             data_sram                                                                         |                                                                                                 sram |         24 |         24 |       0 |    0 |     0 |      1 |      0 |          0 |
|               gen_cut[0].i_tc_sram_wrapper                                                    |                                                                                      tc_sram_wrapper |         24 |         24 |       0 |    0 |     0 |      1 |      0 |          0 |
|                 i_ram                                                                         |                                                                                      SyncSpRamBeNx64 |         24 |         24 |       0 |    0 |     0 |      1 |      0 |          0 |
|           i_lfsr                                                                              |                                                                                                 lfsr |          7 |          7 |       0 |    0 |     8 |      0 |      0 |          0 |
|         i_dcache                                                                              |                                                                                cva6_hpdcache_wrapper |       8196 |       8164 |      32 |    0 |  2042 |      8 |      8 |          0 |
|           gen_cva6_hpdcache_load_if_adapter[1].i_cva6_hpdcache_load_if_adapter                |                                                                             cva6_hpdcache_if_adapter |          0 |          0 |       0 |    0 |     0 |      0 |      0 |          0 |
|           i_cva6_hpdcache_store_if_adapter                                                    |                                                             cva6_hpdcache_if_adapter__parameterized0 |          1 |          1 |       0 |    0 |     1 |      0 |      0 |          0 |
|           i_hpdcache                                                                          |                                                                                             hpdcache |       8195 |       8163 |      32 |    0 |  2041 |      8 |      8 |          0 |
|             (i_hpdcache)                                                                      |                                                                                             hpdcache |          1 |          1 |       0 |    0 |     0 |      0 |      0 |          0 |
|             core_req_arbiter_i                                                                |                                                                                hpdcache_core_arbiter |          5 |          5 |       0 |    0 |     4 |      0 |      0 |          0 |
|               (core_req_arbiter_i)                                                            |                                                                                hpdcache_core_arbiter |          0 |          0 |       0 |    0 |     1 |      0 |      0 |          0 |
|               req_arbiter_i                                                                   |                                                                       hpdcache_fxarb__parameterized0 |          5 |          5 |       0 |    0 |     3 |      0 |      0 |          0 |
|             gen_wbuf.hpdcache_wbuf_i                                                          |                                                                                        hpdcache_wbuf |       4825 |       4795 |      30 |    0 |   678 |      0 |      0 |          0 |
|               (gen_wbuf.hpdcache_wbuf_i)                                                      |                                                                                        hpdcache_wbuf |       1545 |       1545 |       0 |    0 |   638 |      0 |      0 |          0 |
|               data_free_ptr_binary_i                                                          |                                                                              hpdcache_1hot_to_binary |          3 |          3 |       0 |    0 |     0 |      0 |      0 |          0 |
|               data_free_rrarb_i                                                               |                                                                                       hpdcache_fxarb |        230 |        230 |       0 |    0 |     8 |      0 |      0 |          0 |
|               dir_free_rrarb_i                                                                |                                                                                   hpdcache_fxarb_407 |       2678 |       2678 |       0 |    0 |     9 |      0 |      0 |          0 |
|               pend_rrarb_i                                                                    |                                                                       hpdcache_rrarb__parameterized0 |        146 |        146 |       0 |    0 |     9 |      0 |      0 |          0 |
|               send_data_ptr_fifo_i                                                            |                                                                                    hpdcache_fifo_reg |        185 |        179 |       6 |    0 |     7 |      0 |      0 |          0 |
|               send_meta_fifo_i                                                                |                                                                    hpdcache_fifo_reg__parameterized0 |         40 |         16 |      24 |    0 |     7 |      0 |      0 |          0 |
|             hpdcache_cmo_i                                                                    |                                                                                         hpdcache_cmo |        221 |        221 |       0 |    0 |    74 |      0 |      0 |          0 |
|               (hpdcache_cmo_i)                                                                |                                                                                         hpdcache_cmo |        206 |        206 |       0 |    0 |    67 |      0 |      0 |          0 |
|               cmoh_core_rsp_buffer_i                                                          |                                                                 hpdcache_sync_buffer__parameterized0 |         15 |         15 |       0 |    0 |     7 |      0 |      0 |          0 |
|             hpdcache_ctrl_i                                                                   |                                                                                        hpdcache_ctrl |       1788 |       1788 |       0 |    0 |   678 |      8 |      8 |          0 |
|               (hpdcache_ctrl_i)                                                               |                                                                                        hpdcache_ctrl |        251 |        251 |       0 |    0 |   191 |      0 |      0 |          0 |
|               hpdcache_memctrl_i                                                              |                                                                                     hpdcache_memctrl |        804 |        804 |       0 |    0 |    35 |      8 |      8 |          0 |
|                 (hpdcache_memctrl_i)                                                          |                                                                                     hpdcache_memctrl |         20 |         20 |       0 |    0 |    27 |      0 |      0 |          0 |
|                 gen_data_sram_row[0].gen_data_sram_col[0].gen_data_sram_wbyteenable.data_sram |                                                                            hpdcache_sram_wbyteenable |          0 |          0 |       0 |    0 |     0 |      2 |      0 |          0 |
|                   ram_i                                                                       |                                                                    hpdcache_sram_wbyteenable_1rw_404 |          0 |          0 |       0 |    0 |     0 |      2 |      0 |          0 |
|                     SyncSpRam_0                                                               |                                                                  SyncSpRamBeNx64__parameterized0_405 |          0 |          0 |       0 |    0 |     0 |      1 |      0 |          0 |
|                     SyncSpRam_1                                                               |                                                                  SyncSpRamBeNx64__parameterized0_406 |          0 |          0 |       0 |    0 |     0 |      1 |      0 |          0 |
|                 gen_data_sram_row[0].gen_data_sram_col[1].gen_data_sram_wbyteenable.data_sram |                                                                        hpdcache_sram_wbyteenable_373 |         64 |         64 |       0 |    0 |     0 |      2 |      0 |          0 |
|                   ram_i                                                                       |                                                                    hpdcache_sram_wbyteenable_1rw_401 |         64 |         64 |       0 |    0 |     0 |      2 |      0 |          0 |
|                     SyncSpRam_0                                                               |                                                                  SyncSpRamBeNx64__parameterized0_402 |          0 |          0 |       0 |    0 |     0 |      1 |      0 |          0 |
|                     SyncSpRam_1                                                               |                                                                  SyncSpRamBeNx64__parameterized0_403 |         64 |         64 |       0 |    0 |     0 |      1 |      0 |          0 |
|                 gen_data_sram_row[1].gen_data_sram_col[0].gen_data_sram_wbyteenable.data_sram |                                                                        hpdcache_sram_wbyteenable_374 |          1 |          1 |       0 |    0 |     0 |      2 |      0 |          0 |
|                   ram_i                                                                       |                                                                    hpdcache_sram_wbyteenable_1rw_398 |          1 |          1 |       0 |    0 |     0 |      2 |      0 |          0 |
|                     SyncSpRam_0                                                               |                                                                  SyncSpRamBeNx64__parameterized0_399 |          0 |          0 |       0 |    0 |     0 |      1 |      0 |          0 |
|                     SyncSpRam_1                                                               |                                                                  SyncSpRamBeNx64__parameterized0_400 |          1 |          1 |       0 |    0 |     0 |      1 |      0 |          0 |
|                 gen_data_sram_row[1].gen_data_sram_col[1].gen_data_sram_wbyteenable.data_sram |                                                                        hpdcache_sram_wbyteenable_375 |         10 |         10 |       0 |    0 |     0 |      2 |      0 |          0 |
|                   ram_i                                                                       |                                                                        hpdcache_sram_wbyteenable_1rw |         10 |         10 |       0 |    0 |     0 |      2 |      0 |          0 |
|                     SyncSpRam_0                                                               |                                                                      SyncSpRamBeNx64__parameterized0 |          0 |          0 |       0 |    0 |     0 |      1 |      0 |          0 |
|                     SyncSpRam_1                                                               |                                                                  SyncSpRamBeNx64__parameterized0_397 |         10 |         10 |       0 |    0 |     0 |      1 |      0 |          0 |
|                 gen_dir_sram[0].dir_sram                                                      |                                                                                        hpdcache_sram |         53 |         53 |       0 |    0 |     0 |      0 |      1 |          0 |
|                   ram_i                                                                       |                                                                                hpdcache_sram_1rw_395 |         53 |         53 |       0 |    0 |     0 |      0 |      1 |          0 |
|                     SyncSpRam_i                                                               |                                                                                        SyncSpRam_396 |         53 |         53 |       0 |    0 |     0 |      0 |      1 |          0 |
|                 gen_dir_sram[1].dir_sram                                                      |                                                                                    hpdcache_sram_376 |         96 |         96 |       0 |    0 |     0 |      0 |      1 |          0 |
|                   ram_i                                                                       |                                                                                hpdcache_sram_1rw_393 |         96 |         96 |       0 |    0 |     0 |      0 |      1 |          0 |
|                     SyncSpRam_i                                                               |                                                                                        SyncSpRam_394 |         96 |         96 |       0 |    0 |     0 |      0 |      1 |          0 |
|                 gen_dir_sram[2].dir_sram                                                      |                                                                                    hpdcache_sram_377 |         91 |         91 |       0 |    0 |     0 |      0 |      1 |          0 |
|                   ram_i                                                                       |                                                                                hpdcache_sram_1rw_391 |         91 |         91 |       0 |    0 |     0 |      0 |      1 |          0 |
|                     SyncSpRam_i                                                               |                                                                                        SyncSpRam_392 |         91 |         91 |       0 |    0 |     0 |      0 |      1 |          0 |
|                 gen_dir_sram[3].dir_sram                                                      |                                                                                    hpdcache_sram_378 |         79 |         79 |       0 |    0 |     0 |      0 |      1 |          0 |
|                   ram_i                                                                       |                                                                                hpdcache_sram_1rw_389 |         79 |         79 |       0 |    0 |     0 |      0 |      1 |          0 |
|                     SyncSpRam_i                                                               |                                                                                        SyncSpRam_390 |         79 |         79 |       0 |    0 |     0 |      0 |      1 |          0 |
|                 gen_dir_sram[4].dir_sram                                                      |                                                                                    hpdcache_sram_379 |         57 |         57 |       0 |    0 |     0 |      0 |      1 |          0 |
|                   ram_i                                                                       |                                                                                hpdcache_sram_1rw_387 |         57 |         57 |       0 |    0 |     0 |      0 |      1 |          0 |
|                     SyncSpRam_i                                                               |                                                                                        SyncSpRam_388 |         57 |         57 |       0 |    0 |     0 |      0 |      1 |          0 |
|                 gen_dir_sram[5].dir_sram                                                      |                                                                                    hpdcache_sram_380 |         96 |         96 |       0 |    0 |     0 |      0 |      1 |          0 |
|                   ram_i                                                                       |                                                                                hpdcache_sram_1rw_385 |         96 |         96 |       0 |    0 |     0 |      0 |      1 |          0 |
|                     SyncSpRam_i                                                               |                                                                                        SyncSpRam_386 |         96 |         96 |       0 |    0 |     0 |      0 |      1 |          0 |
|                 gen_dir_sram[6].dir_sram                                                      |                                                                                    hpdcache_sram_381 |        138 |        138 |       0 |    0 |     0 |      0 |      1 |          0 |
|                   ram_i                                                                       |                                                                                hpdcache_sram_1rw_383 |        138 |        138 |       0 |    0 |     0 |      0 |      1 |          0 |
|                     SyncSpRam_i                                                               |                                                                                        SyncSpRam_384 |        138 |        138 |       0 |    0 |     0 |      0 |      1 |          0 |
|                 gen_dir_sram[7].dir_sram                                                      |                                                                                    hpdcache_sram_382 |         89 |         89 |       0 |    0 |     0 |      0 |      1 |          0 |
|                   ram_i                                                                       |                                                                                    hpdcache_sram_1rw |         89 |         89 |       0 |    0 |     0 |      0 |      1 |          0 |
|                     SyncSpRam_i                                                               |                                                                                            SyncSpRam |         89 |         89 |       0 |    0 |     0 |      0 |      1 |          0 |
|                 victim_sel_i                                                                  |                                                                                  hpdcache_victim_sel |         10 |         10 |       0 |    0 |     8 |      0 |      0 |          0 |
|                   gen_random_victim_sel.victim_rand_i                                         |                                                                               hpdcache_victim_random |         10 |         10 |       0 |    0 |     8 |      0 |      0 |          0 |
|                     lfsr_i                                                                    |                                                                                        hpdcache_lfsr |         10 |         10 |       0 |    0 |     8 |      0 |      0 |          0 |
|               hpdcache_rtab_i                                                                 |                                                                                        hpdcache_rtab |        734 |        734 |       0 |    0 |   452 |      0 |      0 |          0 |
|                 (hpdcache_rtab_i)                                                             |                                                                                        hpdcache_rtab |        142 |        142 |       0 |    0 |   434 |      0 |      0 |          0 |
|                 pop_arb_i                                                                     |                                                                                       hpdcache_rrarb |        287 |        287 |       0 |    0 |     5 |      0 |      0 |          0 |
|                 wbuf_pending_arb_i                                                            |                                                                   hpdcache_fxarb__parameterized1_370 |        255 |        255 |       0 |    0 |     3 |      0 |      0 |          0 |
|                 wbuf_rd_pending_arb_i                                                         |                                                                                   hpdcache_rrarb_371 |         15 |         15 |       0 |    0 |     5 |      0 |      0 |          0 |
|                 wbuf_wr_pending_arb_i                                                         |                                                                                   hpdcache_rrarb_372 |         35 |         35 |       0 |    0 |     5 |      0 |      0 |          0 |
|             hpdcache_mem_req_read_arbiter_i                                                   |                                                                        hpdcache_mem_req_read_arbiter |         42 |         42 |       0 |    0 |     3 |      0 |      0 |          0 |
|               hpdcache_fxarb_mem_req_write_i                                                  |                                                                       hpdcache_fxarb__parameterized1 |         42 |         42 |       0 |    0 |     3 |      0 |      0 |          0 |
|             hpdcache_mem_req_write_arbiter_i                                                  |                                                                       hpdcache_mem_req_write_arbiter |        439 |        439 |       0 |    0 |    59 |      0 |      0 |          0 |
|               hpdcache_fxarb_mem_req_write_i                                                  |                                                                       hpdcache_fxarb__parameterized2 |         43 |         43 |       0 |    0 |     3 |      0 |      0 |          0 |
|               req_fifo_i                                                                      |                                                                    hpdcache_fifo_reg__parameterized4 |        380 |        380 |       0 |    0 |    49 |      0 |      0 |          0 |
|                 gen_buffer.i_sync_buffer                                                      |                                                                 hpdcache_sync_buffer__parameterized1 |        380 |        380 |       0 |    0 |    49 |      0 |      0 |          0 |
|               req_gnt_fifo_i                                                                  |                                                                    hpdcache_fifo_reg__parameterized5 |         16 |         16 |       0 |    0 |     7 |      0 |      0 |          0 |
|             hpdcache_miss_handler_i                                                           |                                                                                hpdcache_miss_handler |        309 |        307 |       2 |    0 |   379 |      0 |      0 |          0 |
|               (hpdcache_miss_handler_i)                                                       |                                                                                hpdcache_miss_handler |         25 |         25 |       0 |    0 |    78 |      0 |      0 |          0 |
|               hpdcache_mshr_i                                                                 |                                                                                        hpdcache_mshr |        155 |        155 |       0 |    0 |   167 |      0 |      0 |          0 |
|                 (hpdcache_mshr_i)                                                             |                                                                                        hpdcache_mshr |         32 |         32 |       0 |    0 |    27 |      0 |      0 |          0 |
|                 gen_mshr_wbyteenable.gen_mshr_regbank.mshr_mem                                |                                                                     hpdcache_regbank_wbyteenable_1rw |        123 |        123 |       0 |    0 |   140 |      0 |      0 |          0 |
|               i_data_resize                                                                   |                                                                                 hpdcache_data_resize |        101 |        101 |       0 |    0 |   131 |      0 |      0 |          0 |
|                 gen_noresize.fifo_i                                                           |                                                                    hpdcache_fifo_reg__parameterized3 |        101 |        101 |       0 |    0 |   131 |      0 |      0 |          0 |
|               i_r_metadata_fifo                                                               |                                                                    hpdcache_fifo_reg__parameterized2 |         28 |         26 |       2 |    0 |     3 |      0 |      0 |          0 |
|             hpdcache_uc_i                                                                     |                                                                                    hpdcache_uncached |        568 |        568 |       0 |    0 |   166 |      0 |      0 |          0 |
|       gen_perf_counter.perf_counters_i                                                        |                                                                                        perf_counters |        174 |        174 |       0 |    0 |   414 |      0 |      0 |          0 |
|       i_frontend                                                                              |                                                                                             frontend |       2359 |       2359 |       0 |    0 |  2652 |      0 |      0 |          0 |
|         (i_frontend)                                                                          |                                                                                             frontend |         18 |         18 |       0 |    0 |   175 |      0 |      0 |          0 |
|         bht_gen.i_bht                                                                         |                                                                                                  bht |        199 |        199 |       0 |    0 |   384 |      0 |      0 |          0 |
|         btb_gen.i_btb                                                                         |                                                                                                  btb |        299 |        299 |       0 |    0 |  1056 |      0 |      0 |          0 |
|         i_instr_queue                                                                         |                                                                                          instr_queue |       1241 |       1241 |       0 |    0 |   921 |      0 |      0 |          0 |
|           (i_instr_queue)                                                                     |                                                                                          instr_queue |          3 |          3 |       0 |    0 |    36 |      0 |      0 |          0 |
|           gen_instr_fifo[0].i_fifo_instr_data                                                 |                                                                                         cva6_fifo_v3 |        897 |        897 |       0 |    0 |   407 |      0 |      0 |          0 |
|           gen_instr_fifo[1].i_fifo_instr_data                                                 |                                                                                     cva6_fifo_v3_369 |        247 |        247 |       0 |    0 |   410 |      0 |      0 |          0 |
|           i_fifo_address                                                                      |                                                                         cva6_fifo_v3__parameterized0 |         94 |         94 |       0 |    0 |    68 |      0 |      0 |          0 |
|         i_instr_realign                                                                       |                                                                                        instr_realign |        602 |        602 |       0 |    0 |    50 |      0 |      0 |          0 |
|         ras_gen.i_ras                                                                         |                                                                                                  ras |          0 |          0 |       0 |    0 |    66 |      0 |      0 |          0 |
|       id_stage_i                                                                              |                                                                                             id_stage |        185 |        185 |       0 |    0 |   265 |      0 |      0 |          0 |
|         (id_stage_i)                                                                          |                                                                                             id_stage |        171 |        171 |       0 |    0 |   238 |      0 |      0 |          0 |
|         genblk2[0].decoder_i                                                                  |                                                                                              decoder |         14 |         14 |       0 |    0 |    27 |      0 |      0 |          0 |
|       issue_stage_i                                                                           |                                                                                          issue_stage |      10545 |      10545 |       0 |    0 |  3959 |      0 |      0 |          0 |
|         i_issue_read_operands                                                                 |                                                                                  issue_read_operands |       4052 |       4052 |       0 |    0 |  2244 |      0 |      0 |          0 |
|           (i_issue_read_operands)                                                             |                                                                                  issue_read_operands |       2547 |       2547 |       0 |    0 |   228 |      0 |      0 |          0 |
|           float_regfile_gen.gen_asic_fp_regfile.i_ariane_fp_regfile                           |                                                                       ariane_regfile__parameterized0 |        880 |        880 |       0 |    0 |  1024 |      0 |      0 |          0 |
|           gen_asic_regfile.i_ariane_regfile                                                   |                                                                                       ariane_regfile |        625 |        625 |       0 |    0 |   992 |      0 |      0 |          0 |
|         i_scoreboard                                                                          |                                                                                           scoreboard |       6493 |       6493 |       0 |    0 |  1715 |      0 |      0 |          0 |
|   i_ariane_peripherals                                                                        |                                                                                   ariane_peripherals |      12234 |      12131 |      96 |    7 |  9218 |     10 |      2 |          0 |
|     (i_ariane_peripherals)                                                                    |                                                                                   ariane_peripherals |          0 |          0 |       0 |    0 |     0 |      0 |      0 |          0 |
|     aplic_top_embedded_i                                                                      |                                                                                            aplic_top |       3671 |       3671 |       0 |    0 |  2149 |      0 |      0 |          0 |
|       i_aplic_generic_domain_top                                                              |                                                                                     aplic_domain_top |       3671 |       3671 |       0 |    0 |  2133 |      0 |      0 |          0 |
|         aplic_domain_gateway                                                                  |                                                                                 aplic_domain_gateway |          0 |          0 |       0 |    0 |    31 |      0 |      0 |          0 |
|         i_aplic_domain_notifier_minimal                                                       |                                                                                aplic_domain_notifier |       2051 |       2051 |       0 |    0 |   837 |      0 |      0 |          0 |
|           i_imsic_top                                                                         |                                                                                            imsic_top |       2051 |       2051 |       0 |    0 |   837 |      0 |      0 |          0 |
|             (i_imsic_top)                                                                     |                                                                                            imsic_top |       1548 |       1548 |       0 |    0 |   798 |      0 |      0 |          0 |
|             imsic_regmap_i                                                                    |                                                                                         imsic_regmap |        503 |        503 |       0 |    0 |    39 |      0 |      0 |          0 |
|               axi_lite_interface_i                                                            |                                                                               axi_lite_interface_368 |        503 |        503 |       0 |    0 |    39 |      0 |      0 |          0 |
|         i_aplic_domain_regctl_minimal                                                         |                                                                                  aplic_domain_regctl |       1620 |       1620 |       0 |    0 |  1265 |      0 |      0 |          0 |
|       synchronizer_multi_level_i                                                              |                                                                             synchronizer_multi_level |          0 |          0 |       0 |    0 |    16 |      0 |      0 |          0 |
|     gen_ethernet.eth_rgmii                                                                    |                                                                                          framing_top |        610 |        595 |       8 |    7 |   434 |     10 |      0 |          0 |
|       (gen_ethernet.eth_rgmii)                                                                |                                                                                          framing_top |        124 |        116 |       8 |    0 |   178 |      0 |      0 |          0 |
|       RAMB16_inst_rx                                                                          |                                                                                       dualmem_widen8 |         64 |         64 |       0 |    0 |     2 |      8 |      0 |          0 |
|       RAMB16_inst_tx                                                                          |                                                                                        dualmem_widen |         71 |         71 |       0 |    0 |     0 |      2 |      0 |          0 |
|       rgmii_soc1                                                                              |                                                                                            rgmii_soc |        351 |        344 |       0 |    7 |   254 |      0 |      0 |          0 |
|         (rgmii_soc1)                                                                          |                                                                                            rgmii_soc |          0 |          0 |       0 |    0 |     0 |      0 |      0 |          0 |
|         core_inst                                                                             |                                                                                           rgmii_core |        351 |        344 |       0 |    7 |   254 |      0 |      0 |          0 |
|           eth_mac_inst                                                                        |                                                                                eth_mac_1g_rgmii_fifo |        351 |        344 |       0 |    7 |   254 |      0 |      0 |          0 |
|             eth_mac_1g_rgmii_inst                                                             |                                                                                     eth_mac_1g_rgmii |        351 |        344 |       0 |    7 |   254 |      0 |      0 |          0 |
|               (eth_mac_1g_rgmii_inst)                                                         |                                                                                     eth_mac_1g_rgmii |         15 |         13 |       0 |    2 |    19 |      0 |      0 |          0 |
|               eth_mac_1g_inst                                                                 |                                                                                           eth_mac_1g |        314 |        309 |       0 |    5 |   218 |      0 |      0 |          0 |
|                 axis_gmii_rx_inst                                                             |                                                                                         axis_gmii_rx |        182 |        177 |       0 |    5 |   103 |      0 |      0 |          0 |
|                 axis_gmii_tx_inst                                                             |                                                                                         axis_gmii_tx |        132 |        132 |       0 |    0 |   115 |      0 |      0 |          0 |
|               rgmii_phy_if_inst                                                               |                                                                                         rgmii_phy_if |         22 |         22 |       0 |    0 |    17 |      0 |      0 |          0 |
|                 (rgmii_phy_if_inst)                                                           |                                                                                         rgmii_phy_if |         17 |         17 |       0 |    0 |    17 |      0 |      0 |          0 |
|                 clk_oddr_inst                                                                 |                                                                                                 oddr |          0 |          0 |       0 |    0 |     0 |      0 |      0 |          0 |
|                 data_oddr_inst                                                                |                                                                                 oddr__parameterized0 |          0 |          0 |       0 |    0 |     0 |      0 |      0 |          0 |
|                 rx_ssio_ddr_inst                                                              |                                                                                          ssio_ddr_in |          5 |          5 |       0 |    0 |     0 |      0 |      0 |          0 |
|                   (rx_ssio_ddr_inst)                                                          |                                                                                          ssio_ddr_in |          0 |          0 |       0 |    0 |     0 |      0 |      0 |          0 |
|                   data_iddr_inst                                                              |                                                                                                 iddr |          5 |          5 |       0 |    0 |     0 |      0 |      0 |          0 |
|     gen_ethernet.i_axi2rom                                                                    |                                                                              axi2mem__parameterized1 |        122 |        122 |       0 |    0 |    51 |      0 |      0 |          0 |
|     gen_gpio.i_xlnx_axi_dwidth_converter_gpio                                                 |                                                                            xlnx_axi_dwidth_converter |        497 |        453 |      44 |    0 |   483 |      0 |      0 |          0 |
|       inst                                                                                    |                                           xlnx_axi_dwidth_converter_axi_dwidth_converter_v2_1_27_top |        497 |        453 |      44 |    0 |   483 |      0 |      0 |          0 |
|         gen_downsizer.gen_simple_downsizer.axi_downsizer_inst                                 |                                 xlnx_axi_dwidth_converter_axi_dwidth_converter_v2_1_27_axi_downsizer |        497 |        453 |      44 |    0 |   483 |      0 |      0 |          0 |
|           USE_READ.read_addr_inst                                                             |                   xlnx_axi_dwidth_converter_axi_dwidth_converter_v2_1_27_a_downsizer__parameterized0 |        182 |        164 |      18 |    0 |   168 |      0 |      0 |          0 |
|             (USE_READ.read_addr_inst)                                                         |                   xlnx_axi_dwidth_converter_axi_dwidth_converter_v2_1_27_a_downsizer__parameterized0 |         76 |         76 |       0 |    0 |    80 |      0 |      0 |          0 |
|             cmd_queue                                                                         |                            xlnx_axi_dwidth_converter_axi_data_fifo_v2_1_26_axic_fifo__parameterized0 |        107 |         89 |      18 |    0 |    88 |      0 |      0 |          0 |
|               inst                                                                            |                             xlnx_axi_dwidth_converter_axi_data_fifo_v2_1_26_fifo_gen__parameterized0 |        107 |         89 |      18 |    0 |    88 |      0 |      0 |          0 |
|                 (inst)                                                                        |                             xlnx_axi_dwidth_converter_axi_data_fifo_v2_1_26_fifo_gen__parameterized0 |         57 |         57 |       0 |    0 |     0 |      0 |      0 |          0 |
|                 fifo_gen_inst                                                                 |                                     xlnx_axi_dwidth_converter_fifo_generator_v13_2_7__parameterized0 |         50 |         32 |      18 |    0 |    88 |      0 |      0 |          0 |
|                   inst_fifo_gen                                                               |                               xlnx_axi_dwidth_converter_fifo_generator_v13_2_7_synth__parameterized0 |         50 |         32 |      18 |    0 |    88 |      0 |      0 |          0 |
|                     gconvfifo.rf                                                              |                                         xlnx_axi_dwidth_converter_fifo_generator_top__parameterized0 |         50 |         32 |      18 |    0 |    88 |      0 |      0 |          0 |
|                       grf.rf                                                                  |                                     xlnx_axi_dwidth_converter_fifo_generator_ramfifo__parameterized0 |         50 |         32 |      18 |    0 |    88 |      0 |      0 |          0 |
|                         gntv_or_sync_fifo.gl0.rd                                              |                                                                 xlnx_axi_dwidth_converter_rd_logic_7 |         10 |         10 |       0 |    0 |    20 |      0 |      0 |          0 |
|                           gr1.gr1_int.rfwft                                                   |                                                                 xlnx_axi_dwidth_converter_rd_fwft_13 |          7 |          7 |       0 |    0 |     8 |      0 |      0 |          0 |
|                           grss.rsts                                                           |                                                      xlnx_axi_dwidth_converter_rd_status_flags_ss_14 |          0 |          0 |       0 |    0 |     2 |      0 |      0 |          0 |
|                           rpntr                                                               |                                                             xlnx_axi_dwidth_converter_rd_bin_cntr_15 |          3 |          3 |       0 |    0 |    10 |      0 |      0 |          0 |
|                         gntv_or_sync_fifo.gl0.wr                                              |                                                                 xlnx_axi_dwidth_converter_wr_logic_8 |         14 |         14 |       0 |    0 |    12 |      0 |      0 |          0 |
|                           gwss.wsts                                                           |                                                      xlnx_axi_dwidth_converter_wr_status_flags_ss_11 |          3 |          3 |       0 |    0 |     2 |      0 |      0 |          0 |
|                           wpntr                                                               |                                                             xlnx_axi_dwidth_converter_wr_bin_cntr_12 |         11 |         11 |       0 |    0 |    10 |      0 |      0 |          0 |
|                         gntv_or_sync_fifo.mem                                                 |                                                   xlnx_axi_dwidth_converter_memory__parameterized0_9 |         18 |          0 |      18 |    0 |    52 |      0 |      0 |          0 |
|                           (gntv_or_sync_fifo.mem)                                             |                                                   xlnx_axi_dwidth_converter_memory__parameterized0_9 |          0 |          0 |       0 |    0 |    26 |      0 |      0 |          0 |
|                           gdm.dm_gen.dm                                                       |                                                    xlnx_axi_dwidth_converter_dmem__parameterized0_10 |         18 |          0 |      18 |    0 |    26 |      0 |      0 |          0 |
|                         rstblk                                                                |                                                          xlnx_axi_dwidth_converter_reset_blk_ramfifo |          8 |          8 |       0 |    0 |     4 |      0 |      0 |          0 |
|                           (rstblk)                                                            |                                                          xlnx_axi_dwidth_converter_reset_blk_ramfifo |          8 |          8 |       0 |    0 |     2 |      0 |      0 |          0 |
|                           ngwrdrst.grst.g7serrst.gnsckt_wrst.rst_wr_reg2_inst                 |                                                          xlnx_axi_dwidth_converter_xpm_cdc_async_rst |          0 |          0 |       0 |    0 |     2 |      0 |      0 |          0 |
|           USE_READ.read_data_inst                                                             |                                   xlnx_axi_dwidth_converter_axi_dwidth_converter_v2_1_27_r_downsizer |         36 |         36 |       0 |    0 |    64 |      0 |      0 |          0 |
|           USE_WRITE.USE_SPLIT.write_resp_inst                                                 |                                   xlnx_axi_dwidth_converter_axi_dwidth_converter_v2_1_27_b_downsizer |         17 |         17 |       0 |    0 |    11 |      0 |      0 |          0 |
|           USE_WRITE.write_addr_inst                                                           |                                   xlnx_axi_dwidth_converter_axi_dwidth_converter_v2_1_27_a_downsizer |        240 |        214 |      26 |    0 |   228 |      0 |      0 |          0 |
|             (USE_WRITE.write_addr_inst)                                                       |                                   xlnx_axi_dwidth_converter_axi_dwidth_converter_v2_1_27_a_downsizer |         87 |         87 |       0 |    0 |    96 |      0 |      0 |          0 |
|             USE_B_CHANNEL.cmd_b_queue                                                         |                                            xlnx_axi_dwidth_converter_axi_data_fifo_v2_1_26_axic_fifo |         54 |         46 |       8 |    0 |    46 |      0 |      0 |          0 |
|               inst                                                                            |                                             xlnx_axi_dwidth_converter_axi_data_fifo_v2_1_26_fifo_gen |         54 |         46 |       8 |    0 |    46 |      0 |      0 |          0 |
|                 (inst)                                                                        |                                             xlnx_axi_dwidth_converter_axi_data_fifo_v2_1_26_fifo_gen |         14 |         14 |       0 |    0 |     0 |      0 |      0 |          0 |
|                 fifo_gen_inst                                                                 |                                                     xlnx_axi_dwidth_converter_fifo_generator_v13_2_7 |         40 |         32 |       8 |    0 |    46 |      0 |      0 |          0 |
|                   inst_fifo_gen                                                               |                                               xlnx_axi_dwidth_converter_fifo_generator_v13_2_7_synth |         40 |         32 |       8 |    0 |    46 |      0 |      0 |          0 |
|                     gconvfifo.rf                                                              |                                                         xlnx_axi_dwidth_converter_fifo_generator_top |         40 |         32 |       8 |    0 |    46 |      0 |      0 |          0 |
|                       grf.rf                                                                  |                                                     xlnx_axi_dwidth_converter_fifo_generator_ramfifo |         40 |         32 |       8 |    0 |    46 |      0 |      0 |          0 |
|                         gntv_or_sync_fifo.gl0.rd                                              |                                                                 xlnx_axi_dwidth_converter_rd_logic_0 |         10 |         10 |       0 |    0 |    20 |      0 |      0 |          0 |
|                           gr1.gr1_int.rfwft                                                   |                                                                  xlnx_axi_dwidth_converter_rd_fwft_4 |          7 |          7 |       0 |    0 |     8 |      0 |      0 |          0 |
|                           grss.rsts                                                           |                                                       xlnx_axi_dwidth_converter_rd_status_flags_ss_5 |          0 |          0 |       0 |    0 |     2 |      0 |      0 |          0 |
|                           rpntr                                                               |                                                              xlnx_axi_dwidth_converter_rd_bin_cntr_6 |          3 |          3 |       0 |    0 |    10 |      0 |      0 |          0 |
|                         gntv_or_sync_fifo.gl0.wr                                              |                                                                 xlnx_axi_dwidth_converter_wr_logic_1 |         14 |         14 |       0 |    0 |    12 |      0 |      0 |          0 |
|                           gwss.wsts                                                           |                                                       xlnx_axi_dwidth_converter_wr_status_flags_ss_2 |          3 |          3 |       0 |    0 |     2 |      0 |      0 |          0 |
|                           wpntr                                                               |                                                              xlnx_axi_dwidth_converter_wr_bin_cntr_3 |         11 |         11 |       0 |    0 |    10 |      0 |      0 |          0 |
|                         gntv_or_sync_fifo.mem                                                 |                                                                     xlnx_axi_dwidth_converter_memory |          8 |          0 |       8 |    0 |    10 |      0 |      0 |          0 |
|                           (gntv_or_sync_fifo.mem)                                             |                                                                     xlnx_axi_dwidth_converter_memory |          0 |          0 |       0 |    0 |     5 |      0 |      0 |          0 |
|                           gdm.dm_gen.dm                                                       |                                                                       xlnx_axi_dwidth_converter_dmem |          8 |          0 |       8 |    0 |     5 |      0 |      0 |          0 |
|                         rstblk                                                                |                                               xlnx_axi_dwidth_converter_reset_blk_ramfifo__xdcDup__1 |          8 |          8 |       0 |    0 |     4 |      0 |      0 |          0 |
|                           (rstblk)                                                            |                                               xlnx_axi_dwidth_converter_reset_blk_ramfifo__xdcDup__1 |          8 |          8 |       0 |    0 |     2 |      0 |      0 |          0 |
|                           ngwrdrst.grst.g7serrst.gnsckt_wrst.rst_wr_reg2_inst                 |                                                       xlnx_axi_dwidth_converter_xpm_cdc_async_rst__3 |          0 |          0 |       0 |    0 |     2 |      0 |      0 |          0 |
|             cmd_queue                                                                         |                 xlnx_axi_dwidth_converter_axi_data_fifo_v2_1_26_axic_fifo__parameterized0__xdcDup__1 |        101 |         83 |      18 |    0 |    86 |      0 |      0 |          0 |
|               inst                                                                            |                  xlnx_axi_dwidth_converter_axi_data_fifo_v2_1_26_fifo_gen__parameterized0__xdcDup__1 |        101 |         83 |      18 |    0 |    86 |      0 |      0 |          0 |
|                 (inst)                                                                        |                  xlnx_axi_dwidth_converter_axi_data_fifo_v2_1_26_fifo_gen__parameterized0__xdcDup__1 |         51 |         51 |       0 |    0 |     0 |      0 |      0 |          0 |
|                 fifo_gen_inst                                                                 |                          xlnx_axi_dwidth_converter_fifo_generator_v13_2_7__parameterized0__xdcDup__1 |         50 |         32 |      18 |    0 |    86 |      0 |      0 |          0 |
|                   inst_fifo_gen                                                               |                    xlnx_axi_dwidth_converter_fifo_generator_v13_2_7_synth__parameterized0__xdcDup__1 |         50 |         32 |      18 |    0 |    86 |      0 |      0 |          0 |
|                     gconvfifo.rf                                                              |                              xlnx_axi_dwidth_converter_fifo_generator_top__parameterized0__xdcDup__1 |         50 |         32 |      18 |    0 |    86 |      0 |      0 |          0 |
|                       grf.rf                                                                  |                          xlnx_axi_dwidth_converter_fifo_generator_ramfifo__parameterized0__xdcDup__1 |         50 |         32 |      18 |    0 |    86 |      0 |      0 |          0 |
|                         gntv_or_sync_fifo.gl0.rd                                              |                                                                   xlnx_axi_dwidth_converter_rd_logic |         10 |         10 |       0 |    0 |    20 |      0 |      0 |          0 |
|                           gr1.gr1_int.rfwft                                                   |                                                                    xlnx_axi_dwidth_converter_rd_fwft |          7 |          7 |       0 |    0 |     8 |      0 |      0 |          0 |
|                           grss.rsts                                                           |                                                         xlnx_axi_dwidth_converter_rd_status_flags_ss |          0 |          0 |       0 |    0 |     2 |      0 |      0 |          0 |
|                           rpntr                                                               |                                                                xlnx_axi_dwidth_converter_rd_bin_cntr |          3 |          3 |       0 |    0 |    10 |      0 |      0 |          0 |
|                         gntv_or_sync_fifo.gl0.wr                                              |                                                                   xlnx_axi_dwidth_converter_wr_logic |         14 |         14 |       0 |    0 |    12 |      0 |      0 |          0 |
|                           gwss.wsts                                                           |                                                         xlnx_axi_dwidth_converter_wr_status_flags_ss |          3 |          3 |       0 |    0 |     2 |      0 |      0 |          0 |
|                           wpntr                                                               |                                                                xlnx_axi_dwidth_converter_wr_bin_cntr |         11 |         11 |       0 |    0 |    10 |      0 |      0 |          0 |
|                         gntv_or_sync_fifo.mem                                                 |                                                     xlnx_axi_dwidth_converter_memory__parameterized0 |         18 |          0 |      18 |    0 |    50 |      0 |      0 |          0 |
|                           (gntv_or_sync_fifo.mem)                                             |                                                     xlnx_axi_dwidth_converter_memory__parameterized0 |          0 |          0 |       0 |    0 |    25 |      0 |      0 |          0 |
|                           gdm.dm_gen.dm                                                       |                                                       xlnx_axi_dwidth_converter_dmem__parameterized0 |         18 |          0 |      18 |    0 |    25 |      0 |      0 |          0 |
|                         rstblk                                                                |                                               xlnx_axi_dwidth_converter_reset_blk_ramfifo__xdcDup__2 |          8 |          8 |       0 |    0 |     4 |      0 |      0 |          0 |
|                           (rstblk)                                                            |                                               xlnx_axi_dwidth_converter_reset_blk_ramfifo__xdcDup__2 |          8 |          8 |       0 |    0 |     2 |      0 |      0 |          0 |
|                           ngwrdrst.grst.g7serrst.gnsckt_wrst.rst_wr_reg2_inst                 |                                                       xlnx_axi_dwidth_converter_xpm_cdc_async_rst__4 |          0 |          0 |       0 |    0 |     2 |      0 |      0 |          0 |
|           USE_WRITE.write_data_inst                                                           |                                   xlnx_axi_dwidth_converter_axi_dwidth_converter_v2_1_27_w_downsizer |         22 |         22 |       0 |    0 |    12 |      0 |      0 |          0 |
|     gen_gpio.i_xlnx_axi_gpio                                                                  |                                                                                        xlnx_axi_gpio |         73 |         73 |       0 |    0 |   184 |      0 |      0 |          0 |
|       U0                                                                                      |                                                                               xlnx_axi_gpio_axi_gpio |         73 |         73 |       0 |    0 |   184 |      0 |      0 |          0 |
|         (U0)                                                                                  |                                                                               xlnx_axi_gpio_axi_gpio |          0 |          0 |       0 |    0 |    11 |      0 |      0 |          0 |
|         AXI_LITE_IPIF_I                                                                       |                                                                          xlnx_axi_gpio_axi_lite_ipif |         53 |         53 |       0 |    0 |    35 |      0 |      0 |          0 |
|           I_SLAVE_ATTACHMENT                                                                  |                                                                       xlnx_axi_gpio_slave_attachment |         53 |         53 |       0 |    0 |    35 |      0 |      0 |          0 |
|             (I_SLAVE_ATTACHMENT)                                                              |                                                                       xlnx_axi_gpio_slave_attachment |         28 |         28 |       0 |    0 |    29 |      0 |      0 |          0 |
|             I_DECODER                                                                         |                                                                        xlnx_axi_gpio_address_decoder |         25 |         25 |       0 |    0 |     6 |      0 |      0 |          0 |
|         gpio_core_1                                                                           |                                                                              xlnx_axi_gpio_GPIO_Core |         20 |         20 |       0 |    0 |   138 |      0 |      0 |          0 |
|           (gpio_core_1)                                                                       |                                                                              xlnx_axi_gpio_GPIO_Core |         20 |         20 |       0 |    0 |    74 |      0 |      0 |          0 |
|           Dual.INPUT_DOUBLE_REGS4                                                             |                                                                               xlnx_axi_gpio_cdc_sync |          0 |          0 |       0 |    0 |    32 |      0 |      0 |          0 |
|           Dual.INPUT_DOUBLE_REGS5                                                             |                                                                             xlnx_axi_gpio_cdc_sync_0 |          0 |          0 |       0 |    0 |    32 |      0 |      0 |          0 |
|     gen_spi.i_xlnx_axi_dwidth_converter_spi                                                   |                                                                     xlnx_axi_dwidth_converter_HD1317 |        514 |        470 |      44 |    0 |   468 |      0 |      0 |          0 |
|       inst                                                                                    |                                    xlnx_axi_dwidth_converter_axi_dwidth_converter_v2_1_27_top_HD1318 |        514 |        470 |      44 |    0 |   468 |      0 |      0 |          0 |
|         gen_downsizer.gen_simple_downsizer.axi_downsizer_inst                                 |                          xlnx_axi_dwidth_converter_axi_dwidth_converter_v2_1_27_axi_downsizer_HD1319 |        514 |        470 |      44 |    0 |   468 |      0 |      0 |          0 |
|           USE_READ.read_addr_inst                                                             |            xlnx_axi_dwidth_converter_axi_dwidth_converter_v2_1_27_a_downsizer__parameterized0_HD1320 |        191 |        173 |      18 |    0 |   175 |      0 |      0 |          0 |
|             (USE_READ.read_addr_inst)                                                         |            xlnx_axi_dwidth_converter_axi_dwidth_converter_v2_1_27_a_downsizer__parameterized0_HD1320 |         82 |         82 |       0 |    0 |    87 |      0 |      0 |          0 |
|             cmd_queue                                                                         |                     xlnx_axi_dwidth_converter_axi_data_fifo_v2_1_26_axic_fifo__parameterized0_HD1321 |        111 |         93 |      18 |    0 |    88 |      0 |      0 |          0 |
|               inst                                                                            |                      xlnx_axi_dwidth_converter_axi_data_fifo_v2_1_26_fifo_gen__parameterized0_HD1322 |        111 |         93 |      18 |    0 |    88 |      0 |      0 |          0 |
|                 (inst)                                                                        |                      xlnx_axi_dwidth_converter_axi_data_fifo_v2_1_26_fifo_gen__parameterized0_HD1322 |         61 |         61 |       0 |    0 |     0 |      0 |      0 |          0 |
|                 fifo_gen_inst                                                                 |                              xlnx_axi_dwidth_converter_fifo_generator_v13_2_7__parameterized0_HD1323 |         50 |         32 |      18 |    0 |    88 |      0 |      0 |          0 |
|                   inst_fifo_gen                                                               |                        xlnx_axi_dwidth_converter_fifo_generator_v13_2_7_synth__parameterized0_HD1324 |         50 |         32 |      18 |    0 |    88 |      0 |      0 |          0 |
|                     gconvfifo.rf                                                              |                                  xlnx_axi_dwidth_converter_fifo_generator_top__parameterized0_HD1325 |         50 |         32 |      18 |    0 |    88 |      0 |      0 |          0 |
|                       grf.rf                                                                  |                              xlnx_axi_dwidth_converter_fifo_generator_ramfifo__parameterized0_HD1326 |         50 |         32 |      18 |    0 |    88 |      0 |      0 |          0 |
|                         gntv_or_sync_fifo.gl0.rd                                              |                                                          xlnx_axi_dwidth_converter_rd_logic_7_HD1327 |         10 |         10 |       0 |    0 |    20 |      0 |      0 |          0 |
|                           gr1.gr1_int.rfwft                                                   |                                                          xlnx_axi_dwidth_converter_rd_fwft_13_HD1328 |          7 |          7 |       0 |    0 |     8 |      0 |      0 |          0 |
|                           grss.rsts                                                           |                                               xlnx_axi_dwidth_converter_rd_status_flags_ss_14_HD1329 |          0 |          0 |       0 |    0 |     2 |      0 |      0 |          0 |
|                           rpntr                                                               |                                                      xlnx_axi_dwidth_converter_rd_bin_cntr_15_HD1330 |          3 |          3 |       0 |    0 |    10 |      0 |      0 |          0 |
|                         gntv_or_sync_fifo.gl0.wr                                              |                                                          xlnx_axi_dwidth_converter_wr_logic_8_HD1331 |         14 |         14 |       0 |    0 |    12 |      0 |      0 |          0 |
|                           gwss.wsts                                                           |                                               xlnx_axi_dwidth_converter_wr_status_flags_ss_11_HD1332 |          3 |          3 |       0 |    0 |     2 |      0 |      0 |          0 |
|                           wpntr                                                               |                                                      xlnx_axi_dwidth_converter_wr_bin_cntr_12_HD1333 |         11 |         11 |       0 |    0 |    10 |      0 |      0 |          0 |
|                         gntv_or_sync_fifo.mem                                                 |                                            xlnx_axi_dwidth_converter_memory__parameterized0_9_HD1334 |         18 |          0 |      18 |    0 |    52 |      0 |      0 |          0 |
|                           (gntv_or_sync_fifo.mem)                                             |                                            xlnx_axi_dwidth_converter_memory__parameterized0_9_HD1334 |          0 |          0 |       0 |    0 |    26 |      0 |      0 |          0 |
|                           gdm.dm_gen.dm                                                       |                                             xlnx_axi_dwidth_converter_dmem__parameterized0_10_HD1335 |         18 |          0 |      18 |    0 |    26 |      0 |      0 |          0 |
|                         rstblk                                                                |                                                   xlnx_axi_dwidth_converter_reset_blk_ramfifo_HD1336 |          8 |          8 |       0 |    0 |     4 |      0 |      0 |          0 |
|                           (rstblk)                                                            |                                                   xlnx_axi_dwidth_converter_reset_blk_ramfifo_HD1336 |          8 |          8 |       0 |    0 |     2 |      0 |      0 |          0 |
|                           ngwrdrst.grst.g7serrst.gnsckt_wrst.rst_wr_reg2_inst                 |                                                   xlnx_axi_dwidth_converter_xpm_cdc_async_rst_HD1337 |          0 |          0 |       0 |    0 |     2 |      0 |      0 |          0 |
|           USE_READ.read_data_inst                                                             |                            xlnx_axi_dwidth_converter_axi_dwidth_converter_v2_1_27_r_downsizer_HD1338 |         29 |         29 |       0 |    0 |    35 |      0 |      0 |          0 |
|           USE_WRITE.USE_SPLIT.write_resp_inst                                                 |                            xlnx_axi_dwidth_converter_axi_dwidth_converter_v2_1_27_b_downsizer_HD1339 |         17 |         17 |       0 |    0 |    11 |      0 |      0 |          0 |
|           USE_WRITE.write_addr_inst                                                           |                            xlnx_axi_dwidth_converter_axi_dwidth_converter_v2_1_27_a_downsizer_HD1340 |        251 |        225 |      26 |    0 |   235 |      0 |      0 |          0 |
|             (USE_WRITE.write_addr_inst)                                                       |                            xlnx_axi_dwidth_converter_axi_dwidth_converter_v2_1_27_a_downsizer_HD1340 |         94 |         94 |       0 |    0 |   103 |      0 |      0 |          0 |
|             USE_B_CHANNEL.cmd_b_queue                                                         |                                     xlnx_axi_dwidth_converter_axi_data_fifo_v2_1_26_axic_fifo_HD1341 |         54 |         46 |       8 |    0 |    46 |      0 |      0 |          0 |
|               inst                                                                            |                                      xlnx_axi_dwidth_converter_axi_data_fifo_v2_1_26_fifo_gen_HD1342 |         54 |         46 |       8 |    0 |    46 |      0 |      0 |          0 |
|                 (inst)                                                                        |                                      xlnx_axi_dwidth_converter_axi_data_fifo_v2_1_26_fifo_gen_HD1342 |         14 |         14 |       0 |    0 |     0 |      0 |      0 |          0 |
|                 fifo_gen_inst                                                                 |                                              xlnx_axi_dwidth_converter_fifo_generator_v13_2_7_HD1343 |         40 |         32 |       8 |    0 |    46 |      0 |      0 |          0 |
|                   inst_fifo_gen                                                               |                                        xlnx_axi_dwidth_converter_fifo_generator_v13_2_7_synth_HD1344 |         40 |         32 |       8 |    0 |    46 |      0 |      0 |          0 |
|                     gconvfifo.rf                                                              |                                                  xlnx_axi_dwidth_converter_fifo_generator_top_HD1345 |         40 |         32 |       8 |    0 |    46 |      0 |      0 |          0 |
|                       grf.rf                                                                  |                                              xlnx_axi_dwidth_converter_fifo_generator_ramfifo_HD1346 |         40 |         32 |       8 |    0 |    46 |      0 |      0 |          0 |
|                         gntv_or_sync_fifo.gl0.rd                                              |                                                          xlnx_axi_dwidth_converter_rd_logic_0_HD1347 |         10 |         10 |       0 |    0 |    20 |      0 |      0 |          0 |
|                           gr1.gr1_int.rfwft                                                   |                                                           xlnx_axi_dwidth_converter_rd_fwft_4_HD1348 |          7 |          7 |       0 |    0 |     8 |      0 |      0 |          0 |
|                           grss.rsts                                                           |                                                xlnx_axi_dwidth_converter_rd_status_flags_ss_5_HD1349 |          0 |          0 |       0 |    0 |     2 |      0 |      0 |          0 |
|                           rpntr                                                               |                                                       xlnx_axi_dwidth_converter_rd_bin_cntr_6_HD1350 |          3 |          3 |       0 |    0 |    10 |      0 |      0 |          0 |
|                         gntv_or_sync_fifo.gl0.wr                                              |                                                          xlnx_axi_dwidth_converter_wr_logic_1_HD1351 |         14 |         14 |       0 |    0 |    12 |      0 |      0 |          0 |
|                           gwss.wsts                                                           |                                                xlnx_axi_dwidth_converter_wr_status_flags_ss_2_HD1352 |          3 |          3 |       0 |    0 |     2 |      0 |      0 |          0 |
|                           wpntr                                                               |                                                       xlnx_axi_dwidth_converter_wr_bin_cntr_3_HD1353 |         11 |         11 |       0 |    0 |    10 |      0 |      0 |          0 |
|                         gntv_or_sync_fifo.mem                                                 |                                                              xlnx_axi_dwidth_converter_memory_HD1354 |          8 |          0 |       8 |    0 |    10 |      0 |      0 |          0 |
|                           (gntv_or_sync_fifo.mem)                                             |                                                              xlnx_axi_dwidth_converter_memory_HD1354 |          0 |          0 |       0 |    0 |     5 |      0 |      0 |          0 |
|                           gdm.dm_gen.dm                                                       |                                                                xlnx_axi_dwidth_converter_dmem_HD1355 |          8 |          0 |       8 |    0 |     5 |      0 |      0 |          0 |
|                         rstblk                                                                |                                        xlnx_axi_dwidth_converter_reset_blk_ramfifo__xdcDup__1_HD1356 |          8 |          8 |       0 |    0 |     4 |      0 |      0 |          0 |
|                           (rstblk)                                                            |                                        xlnx_axi_dwidth_converter_reset_blk_ramfifo__xdcDup__1_HD1356 |          8 |          8 |       0 |    0 |     2 |      0 |      0 |          0 |
|                           ngwrdrst.grst.g7serrst.gnsckt_wrst.rst_wr_reg2_inst                 |                                                xlnx_axi_dwidth_converter_xpm_cdc_async_rst__3_HD1357 |          0 |          0 |       0 |    0 |     2 |      0 |      0 |          0 |
|             cmd_queue                                                                         |          xlnx_axi_dwidth_converter_axi_data_fifo_v2_1_26_axic_fifo__parameterized0__xdcDup__1_HD1358 |        103 |         85 |      18 |    0 |    86 |      0 |      0 |          0 |
|               inst                                                                            |           xlnx_axi_dwidth_converter_axi_data_fifo_v2_1_26_fifo_gen__parameterized0__xdcDup__1_HD1359 |        103 |         85 |      18 |    0 |    86 |      0 |      0 |          0 |
|                 (inst)                                                                        |           xlnx_axi_dwidth_converter_axi_data_fifo_v2_1_26_fifo_gen__parameterized0__xdcDup__1_HD1359 |         53 |         53 |       0 |    0 |     0 |      0 |      0 |          0 |
|                 fifo_gen_inst                                                                 |                   xlnx_axi_dwidth_converter_fifo_generator_v13_2_7__parameterized0__xdcDup__1_HD1360 |         50 |         32 |      18 |    0 |    86 |      0 |      0 |          0 |
|                   inst_fifo_gen                                                               |             xlnx_axi_dwidth_converter_fifo_generator_v13_2_7_synth__parameterized0__xdcDup__1_HD1361 |         50 |         32 |      18 |    0 |    86 |      0 |      0 |          0 |
|                     gconvfifo.rf                                                              |                       xlnx_axi_dwidth_converter_fifo_generator_top__parameterized0__xdcDup__1_HD1362 |         50 |         32 |      18 |    0 |    86 |      0 |      0 |          0 |
|                       grf.rf                                                                  |                   xlnx_axi_dwidth_converter_fifo_generator_ramfifo__parameterized0__xdcDup__1_HD1363 |         50 |         32 |      18 |    0 |    86 |      0 |      0 |          0 |
|                         gntv_or_sync_fifo.gl0.rd                                              |                                                            xlnx_axi_dwidth_converter_rd_logic_HD1364 |         10 |         10 |       0 |    0 |    20 |      0 |      0 |          0 |
|                           gr1.gr1_int.rfwft                                                   |                                                             xlnx_axi_dwidth_converter_rd_fwft_HD1365 |          7 |          7 |       0 |    0 |     8 |      0 |      0 |          0 |
|                           grss.rsts                                                           |                                                  xlnx_axi_dwidth_converter_rd_status_flags_ss_HD1366 |          0 |          0 |       0 |    0 |     2 |      0 |      0 |          0 |
|                           rpntr                                                               |                                                         xlnx_axi_dwidth_converter_rd_bin_cntr_HD1367 |          3 |          3 |       0 |    0 |    10 |      0 |      0 |          0 |
|                         gntv_or_sync_fifo.gl0.wr                                              |                                                            xlnx_axi_dwidth_converter_wr_logic_HD1368 |         14 |         14 |       0 |    0 |    12 |      0 |      0 |          0 |
|                           gwss.wsts                                                           |                                                  xlnx_axi_dwidth_converter_wr_status_flags_ss_HD1369 |          3 |          3 |       0 |    0 |     2 |      0 |      0 |          0 |
|                           wpntr                                                               |                                                         xlnx_axi_dwidth_converter_wr_bin_cntr_HD1370 |         11 |         11 |       0 |    0 |    10 |      0 |      0 |          0 |
|                         gntv_or_sync_fifo.mem                                                 |                                              xlnx_axi_dwidth_converter_memory__parameterized0_HD1371 |         18 |          0 |      18 |    0 |    50 |      0 |      0 |          0 |
|                           (gntv_or_sync_fifo.mem)                                             |                                              xlnx_axi_dwidth_converter_memory__parameterized0_HD1371 |          0 |          0 |       0 |    0 |    25 |      0 |      0 |          0 |
|                           gdm.dm_gen.dm                                                       |                                                xlnx_axi_dwidth_converter_dmem__parameterized0_HD1372 |         18 |          0 |      18 |    0 |    25 |      0 |      0 |          0 |
|                         rstblk                                                                |                                        xlnx_axi_dwidth_converter_reset_blk_ramfifo__xdcDup__2_HD1373 |          8 |          8 |       0 |    0 |     4 |      0 |      0 |          0 |
|                           (rstblk)                                                            |                                        xlnx_axi_dwidth_converter_reset_blk_ramfifo__xdcDup__2_HD1373 |          8 |          8 |       0 |    0 |     2 |      0 |      0 |          0 |
|                           ngwrdrst.grst.g7serrst.gnsckt_wrst.rst_wr_reg2_inst                 |                                                xlnx_axi_dwidth_converter_xpm_cdc_async_rst__4_HD1374 |          0 |          0 |       0 |    0 |     2 |      0 |      0 |          0 |
|           USE_WRITE.write_data_inst                                                           |                            xlnx_axi_dwidth_converter_axi_dwidth_converter_v2_1_27_w_downsizer_HD1375 |         26 |         26 |       0 |    0 |    12 |      0 |      0 |          0 |
|     gen_spi.i_xlnx_axi_quad_spi                                                               |                                                                                    xlnx_axi_quad_spi |        563 |        563 |       0 |    0 |   667 |      0 |      2 |          0 |
|       U0                                                                                      |                                                                       xlnx_axi_quad_spi_axi_quad_spi |        563 |        563 |       0 |    0 |   667 |      0 |      2 |          0 |
|         NO_DUAL_QUAD_MODE.QSPI_NORMAL                                                         |                                                                   xlnx_axi_quad_spi_axi_quad_spi_top |        563 |        563 |       0 |    0 |   667 |      0 |      2 |          0 |
|           (NO_DUAL_QUAD_MODE.QSPI_NORMAL)                                                     |                                                                   xlnx_axi_quad_spi_axi_quad_spi_top |          0 |          0 |       0 |    0 |     0 |      0 |      0 |          0 |
|           QSPI_ENHANCED_MD_GEN.QSPI_CORE_INTERFACE_I                                          |                                                                xlnx_axi_quad_spi_qspi_core_interface |        415 |        415 |       0 |    0 |   594 |      0 |      2 |          0 |
|             (QSPI_ENHANCED_MD_GEN.QSPI_CORE_INTERFACE_I)                                      |                                                                xlnx_axi_quad_spi_qspi_core_interface |         14 |         14 |       0 |    0 |    37 |      0 |      0 |          0 |
|             CONTROL_REG_I                                                                     |                                                                     xlnx_axi_quad_spi_qspi_cntrl_reg |          2 |          2 |       0 |    0 |    10 |      0 |      0 |          0 |
|             FIFO_EXISTS.CLK_CROSS_I                                                           |                                                              xlnx_axi_quad_spi_cross_clk_sync_fifo_1 |         18 |         18 |       0 |    0 |    36 |      0 |      0 |          0 |
|             FIFO_EXISTS.FIFO_IF_MODULE_I                                                      |                                                                 xlnx_axi_quad_spi_qspi_fifo_ifmodule |          1 |          1 |       0 |    0 |     5 |      0 |      0 |          0 |
|             FIFO_EXISTS.RX_FIFO_EMPTY_SYNC_AXI_2_SPI_CDC                                      |                                                                           xlnx_axi_quad_spi_cdc_sync |          1 |          1 |       0 |    0 |     2 |      0 |      0 |          0 |
|             FIFO_EXISTS.RX_FIFO_FULL_SYNCED_SPI_2_AXI_CDC                                     |                                                                         xlnx_axi_quad_spi_cdc_sync_0 |          1 |          1 |       0 |    0 |     2 |      0 |      0 |          0 |
|             FIFO_EXISTS.RX_FIFO_II                                                            |                                                                     xlnx_axi_quad_spi_xpm_fifo_async |        138 |        138 |       0 |    0 |   204 |      0 |      1 |          0 |
|               gnuram_async_fifo.xpm_fifo_base_inst                                            |                                                                      xlnx_axi_quad_spi_xpm_fifo_base |        138 |        138 |       0 |    0 |   204 |      0 |      1 |          0 |
|                 (gnuram_async_fifo.xpm_fifo_base_inst)                                        |                                                                      xlnx_axi_quad_spi_xpm_fifo_base |          5 |          5 |       0 |    0 |    16 |      0 |      0 |          0 |
|                 gaf_wptr_p3.wrpp3_inst                                                        |                                                                 xlnx_axi_quad_spi_xpm_counter_updn_5 |          8 |          8 |       0 |    0 |     8 |      0 |      0 |          0 |
|                 gen_cdc_pntr.rd_pntr_cdc_inst                                                 |                                                                    xlnx_axi_quad_spi_xpm_cdc_gray__2 |         11 |         11 |       0 |    0 |    24 |      0 |      0 |          0 |
|                 gen_cdc_pntr.rpw_gray_reg                                                     |                                                                 xlnx_axi_quad_spi_xpm_fifo_reg_vec_6 |         11 |         11 |       0 |    0 |     8 |      0 |      0 |          0 |
|                 gen_cdc_pntr.wpr_gray_reg                                                     |                                                                 xlnx_axi_quad_spi_xpm_fifo_reg_vec_8 |          3 |          3 |       0 |    0 |     8 |      0 |      0 |          0 |
|                 gen_cdc_pntr.wpr_gray_reg_dc                                                  |                                                 xlnx_axi_quad_spi_xpm_fifo_reg_vec__parameterized0_9 |          6 |          6 |       0 |    0 |     9 |      0 |      0 |          0 |
|                 gen_cdc_pntr.wr_pntr_cdc_dc_inst                                              |                                                    xlnx_axi_quad_spi_xpm_cdc_gray__parameterized0__1 |         12 |         12 |       0 |    0 |    45 |      0 |      0 |          0 |
|                 gen_cdc_pntr.wr_pntr_cdc_inst                                                 |                                                                    xlnx_axi_quad_spi_xpm_cdc_gray__1 |         11 |         11 |       0 |    0 |    24 |      0 |      0 |          0 |
|                 gen_fwft.rdpp1_inst                                                           |                                                xlnx_axi_quad_spi_xpm_counter_updn__parameterized1_10 |          5 |          5 |       0 |    0 |     2 |      0 |      0 |          0 |
|                 gen_sdpram.xpm_memory_base_inst                                               |                                                                 xlnx_axi_quad_spi_xpm_memory_base__1 |          0 |          0 |       0 |    0 |     0 |      0 |      1 |          0 |
|                 rdp_inst                                                                      |                                                xlnx_axi_quad_spi_xpm_counter_updn__parameterized2_11 |         16 |         16 |       0 |    0 |     9 |      0 |      0 |          0 |
|                 rdpp1_inst                                                                    |                                                xlnx_axi_quad_spi_xpm_counter_updn__parameterized3_12 |         13 |         13 |       0 |    0 |     8 |      0 |      0 |          0 |
|                 rst_d1_inst                                                                   |                                                                xlnx_axi_quad_spi_xpm_fifo_reg_bit_13 |          1 |          1 |       0 |    0 |     1 |      0 |      0 |          0 |
|                 wrp_inst                                                                      |                                                xlnx_axi_quad_spi_xpm_counter_updn__parameterized2_14 |          8 |          8 |       0 |    0 |     9 |      0 |      0 |          0 |
|                 wrpp1_inst                                                                    |                                                xlnx_axi_quad_spi_xpm_counter_updn__parameterized3_15 |          8 |          8 |       0 |    0 |     8 |      0 |      0 |          0 |
|                 wrpp2_inst                                                                    |                                                xlnx_axi_quad_spi_xpm_counter_updn__parameterized0_16 |          8 |          8 |       0 |    0 |     8 |      0 |      0 |          0 |
|                 xpm_fifo_rst_inst                                                             |                                                            xlnx_axi_quad_spi_xpm_fifo_rst__xdcDup__1 |         18 |         18 |       0 |    0 |    17 |      0 |      0 |          0 |
|                   (xpm_fifo_rst_inst)                                                         |                                                            xlnx_axi_quad_spi_xpm_fifo_rst__xdcDup__1 |         18 |         18 |       0 |    0 |    13 |      0 |      0 |          0 |
|                   gen_rst_ic.rrst_wr_inst                                                     |                                                                xlnx_axi_quad_spi_xpm_cdc_sync_rst__5 |          0 |          0 |       0 |    0 |     2 |      0 |      0 |          0 |
|                   gen_rst_ic.wrst_rd_inst                                                     |                                                                xlnx_axi_quad_spi_xpm_cdc_sync_rst__4 |          0 |          0 |       0 |    0 |     2 |      0 |      0 |          0 |
|             FIFO_EXISTS.TX_FIFO_EMPTY_CNTR_I                                                  |                                                                          xlnx_axi_quad_spi_counter_f |         13 |         13 |       0 |    0 |     8 |      0 |      0 |          0 |
|             FIFO_EXISTS.TX_FIFO_II                                                            |                                                                      xlnx_axi_quad_spi_async_fifo_fg |        162 |        162 |       0 |    0 |   185 |      0 |      1 |          0 |
|               (FIFO_EXISTS.TX_FIFO_II)                                                        |                                                                      xlnx_axi_quad_spi_async_fifo_fg |         16 |         16 |       0 |    0 |     0 |      0 |      0 |          0 |
|               xpm_fifo_instance.xpm_fifo_async_inst                                           |                                                     xlnx_axi_quad_spi_xpm_fifo_async__parameterized1 |        146 |        146 |       0 |    0 |   185 |      0 |      1 |          0 |
|                 gnuram_async_fifo.xpm_fifo_base_inst                                          |                                                      xlnx_axi_quad_spi_xpm_fifo_base__parameterized0 |        146 |        146 |       0 |    0 |   185 |      0 |      1 |          0 |
|                   (gnuram_async_fifo.xpm_fifo_base_inst)                                      |                                                      xlnx_axi_quad_spi_xpm_fifo_base__parameterized0 |          3 |          3 |       0 |    0 |    15 |      0 |      0 |          0 |
|                   gaf_wptr_p3.wrpp3_inst                                                      |                                                                   xlnx_axi_quad_spi_xpm_counter_updn |          8 |          8 |       0 |    0 |     8 |      0 |      0 |          0 |
|                   gen_cdc_pntr.rd_pntr_cdc_dc_inst                                            |                                                       xlnx_axi_quad_spi_xpm_cdc_gray__parameterized1 |         13 |         13 |       0 |    0 |    27 |      0 |      0 |          0 |
|                   gen_cdc_pntr.rd_pntr_cdc_inst                                               |                                                                       xlnx_axi_quad_spi_xpm_cdc_gray |         11 |         11 |       0 |    0 |    24 |      0 |      0 |          0 |
|                   gen_cdc_pntr.rpw_gray_reg                                                   |                                                                   xlnx_axi_quad_spi_xpm_fifo_reg_vec |         12 |         12 |       0 |    0 |     8 |      0 |      0 |          0 |
|                   gen_cdc_pntr.rpw_gray_reg_dc                                                |                                                   xlnx_axi_quad_spi_xpm_fifo_reg_vec__parameterized0 |          0 |          0 |       0 |    0 |     9 |      0 |      0 |          0 |
|                   gen_cdc_pntr.wpr_gray_reg                                                   |                                                                 xlnx_axi_quad_spi_xpm_fifo_reg_vec_1 |          7 |          7 |       0 |    0 |     8 |      0 |      0 |          0 |
|                   gen_cdc_pntr.wr_pntr_cdc_inst                                               |                                                                    xlnx_axi_quad_spi_xpm_cdc_gray__3 |         11 |         11 |       0 |    0 |    24 |      0 |      0 |          0 |
|                   gen_fwft.rdpp1_inst                                                         |                                                   xlnx_axi_quad_spi_xpm_counter_updn__parameterized1 |          4 |          4 |       0 |    0 |     2 |      0 |      0 |          0 |
|                   gen_sdpram.xpm_memory_base_inst                                             |                                                                    xlnx_axi_quad_spi_xpm_memory_base |          0 |          0 |       0 |    0 |     0 |      0 |      1 |          0 |
|                   rdp_inst                                                                    |                                                   xlnx_axi_quad_spi_xpm_counter_updn__parameterized2 |         17 |         17 |       0 |    0 |     9 |      0 |      0 |          0 |
|                   rdpp1_inst                                                                  |                                                   xlnx_axi_quad_spi_xpm_counter_updn__parameterized3 |          9 |          9 |       0 |    0 |     8 |      0 |      0 |          0 |
|                   rst_d1_inst                                                                 |                                                                   xlnx_axi_quad_spi_xpm_fifo_reg_bit |          1 |          1 |       0 |    0 |     1 |      0 |      0 |          0 |
|                   wrp_inst                                                                    |                                                 xlnx_axi_quad_spi_xpm_counter_updn__parameterized2_3 |         17 |         17 |       0 |    0 |     9 |      0 |      0 |          0 |
|                   wrpp1_inst                                                                  |                                                 xlnx_axi_quad_spi_xpm_counter_updn__parameterized3_4 |          8 |          8 |       0 |    0 |     8 |      0 |      0 |          0 |
|                   wrpp2_inst                                                                  |                                                   xlnx_axi_quad_spi_xpm_counter_updn__parameterized0 |          8 |          8 |       0 |    0 |     8 |      0 |      0 |          0 |
|                   xpm_fifo_rst_inst                                                           |                                                                       xlnx_axi_quad_spi_xpm_fifo_rst |         17 |         17 |       0 |    0 |    17 |      0 |      0 |          0 |
|                     (xpm_fifo_rst_inst)                                                       |                                                                       xlnx_axi_quad_spi_xpm_fifo_rst |         17 |         17 |       0 |    0 |    13 |      0 |      0 |          0 |
|                     gen_rst_ic.rrst_wr_inst                                                   |                                                                   xlnx_axi_quad_spi_xpm_cdc_sync_rst |          0 |          0 |       0 |    0 |     2 |      0 |      0 |          0 |
|                     gen_rst_ic.wrst_rd_inst                                                   |                                                                xlnx_axi_quad_spi_xpm_cdc_sync_rst__6 |          0 |          0 |       0 |    0 |     2 |      0 |      0 |          0 |
|             INTERRUPT_CONTROL_I                                                               |                                                                  xlnx_axi_quad_spi_interrupt_control |         12 |         12 |       0 |    0 |    23 |      0 |      0 |          0 |
|             LOGIC_FOR_MD_0_GEN.SPI_MODULE_I                                                   |                                                                 xlnx_axi_quad_spi_qspi_mode_0_module |         44 |         44 |       0 |    0 |    60 |      0 |      0 |          0 |
|             RESET_SYNC_AXI_SPI_CLK_INST                                                       |                                                                  xlnx_axi_quad_spi_reset_sync_module |          0 |          0 |       0 |    0 |     2 |      0 |      0 |          0 |
|             SOFT_RESET_I                                                                      |                                                                         xlnx_axi_quad_spi_soft_reset |         10 |         10 |       0 |    0 |    19 |      0 |      0 |          0 |
|             STATUS_REG_MODE_0_GEN.STATUS_SLAVE_SEL_REG_I                                      |                                                          xlnx_axi_quad_spi_qspi_status_slave_sel_reg |          0 |          0 |       0 |    0 |     1 |      0 |      0 |          0 |
|           QSPI_ENHANCED_MD_GEN.QSPI_ENHANCED_MD_IPIF_I                                        |                                                             xlnx_axi_quad_spi_axi_qspi_enhanced_mode |        148 |        148 |       0 |    0 |    73 |      0 |      0 |          0 |
|             (QSPI_ENHANCED_MD_GEN.QSPI_ENHANCED_MD_IPIF_I)                                    |                                                             xlnx_axi_quad_spi_axi_qspi_enhanced_mode |         50 |         50 |       0 |    0 |    40 |      0 |      0 |          0 |
|             I_DECODER                                                                         |                                                               xlnx_axi_quad_spi_qspi_address_decoder |         98 |         98 |       0 |    0 |    33 |      0 |      0 |          0 |
|     gen_timer.i_axi2apb_64_32_timer                                                           |                                                                                        axi2apb_64_32 |        456 |        456 |       0 |    0 |   472 |      0 |      0 |          0 |
|       (gen_timer.i_axi2apb_64_32_timer)                                                       |                                                                                        axi2apb_64_32 |         11 |         11 |       0 |    0 |    92 |      0 |      0 |          0 |
|       slave_ar_buffer_i                                                                       |                                                                                    axi_ar_buffer_343 |        215 |        215 |       0 |    0 |    30 |      0 |      0 |          0 |
|         i_axi_single_slice                                                                    |                                                                                 axi_single_slice_364 |        215 |        215 |       0 |    0 |    30 |      0 |      0 |          0 |
|           i_fifo                                                                              |                                                                                             fifo_365 |        215 |        215 |       0 |    0 |    30 |      0 |      0 |          0 |
|             impl                                                                              |                                                                          fifo_v2__parameterized1_366 |        215 |        215 |       0 |    0 |    30 |      0 |      0 |          0 |
|               i_fifo_v3                                                                       |                                                                          fifo_v3__parameterized6_367 |        215 |        215 |       0 |    0 |    30 |      0 |      0 |          0 |
|       slave_aw_buffer_i                                                                       |                                                                                    axi_aw_buffer_344 |         46 |         46 |       0 |    0 |    46 |      0 |      0 |          0 |
|         i_axi_single_slice                                                                    |                                                                                 axi_single_slice_360 |         46 |         46 |       0 |    0 |    46 |      0 |      0 |          0 |
|           i_fifo                                                                              |                                                                                             fifo_361 |         46 |         46 |       0 |    0 |    46 |      0 |      0 |          0 |
|             impl                                                                              |                                                                          fifo_v2__parameterized1_362 |         46 |         46 |       0 |    0 |    46 |      0 |      0 |          0 |
|               i_fifo_v3                                                                       |                                                                          fifo_v3__parameterized6_363 |         46 |         46 |       0 |    0 |    46 |      0 |      0 |          0 |
|       slave_b_buffer_i                                                                        |                                                                                     axi_b_buffer_345 |         16 |         16 |       0 |    0 |    14 |      0 |      0 |          0 |
|         i_axi_single_slice                                                                    |                                                                 axi_single_slice__parameterized2_356 |         16 |         16 |       0 |    0 |    14 |      0 |      0 |          0 |
|           i_fifo                                                                              |                                                                             fifo__parameterized2_357 |         16 |         16 |       0 |    0 |    14 |      0 |      0 |          0 |
|             impl                                                                              |                                                                          fifo_v2__parameterized4_358 |         16 |         16 |       0 |    0 |    14 |      0 |      0 |          0 |
|               i_fifo_v3                                                                       |                                                                          fifo_v3__parameterized9_359 |         16 |         16 |       0 |    0 |    14 |      0 |      0 |          0 |
|       slave_r_buffer_i                                                                        |                                                                                     axi_r_buffer_346 |        115 |        115 |       0 |    0 |   142 |      0 |      0 |          0 |
|         i_axi_single_slice                                                                    |                                                                 axi_single_slice__parameterized1_352 |        115 |        115 |       0 |    0 |   142 |      0 |      0 |          0 |
|           i_fifo                                                                              |                                                                             fifo__parameterized1_353 |        115 |        115 |       0 |    0 |   142 |      0 |      0 |          0 |
|             impl                                                                              |                                                                          fifo_v2__parameterized3_354 |        115 |        115 |       0 |    0 |   142 |      0 |      0 |          0 |
|               i_fifo_v3                                                                       |                                                                          fifo_v3__parameterized8_355 |        115 |        115 |       0 |    0 |   142 |      0 |      0 |          0 |
|       slave_w_buffer_i                                                                        |                                                                                     axi_w_buffer_347 |         53 |         53 |       0 |    0 |   148 |      0 |      0 |          0 |
|         i_axi_single_slice                                                                    |                                                                 axi_single_slice__parameterized0_348 |         53 |         53 |       0 |    0 |   148 |      0 |      0 |          0 |
|           i_fifo                                                                              |                                                                             fifo__parameterized0_349 |         53 |         53 |       0 |    0 |   148 |      0 |      0 |          0 |
|             impl                                                                              |                                                                          fifo_v2__parameterized2_350 |         53 |         53 |       0 |    0 |   148 |      0 |      0 |          0 |
|               i_fifo_v3                                                                       |                                                                          fifo_v3__parameterized7_351 |         53 |         53 |       0 |    0 |   148 |      0 |      0 |          0 |
|     gen_timer.i_timer                                                                         |                                                                                            apb_timer |        180 |        180 |       0 |    0 |   256 |      0 |      0 |          0 |
|       TIMER_GEN[0].timer_i                                                                    |                                                                                                timer |         90 |         90 |       0 |    0 |   128 |      0 |      0 |          0 |
|       TIMER_GEN[1].timer_i                                                                    |                                                                                            timer_342 |         90 |         90 |       0 |    0 |   128 |      0 |      0 |          0 |
|     gen_uart.i_apb_uart                                                                       |                                                                                             apb_uart |        785 |        785 |       0 |    0 |  1478 |      0 |      0 |          0 |
|       (gen_uart.i_apb_uart)                                                                   |                                                                                             apb_uart |         19 |         19 |       0 |    0 |   102 |      0 |      0 |          0 |
|       UART_BG16                                                                               |                                                                                     uart_baudgen_318 |         43 |         43 |       0 |    0 |    17 |      0 |      0 |          0 |
|       UART_BG2                                                                                |                                                                                   slib_clock_div_319 |          3 |          3 |       0 |    0 |     4 |      0 |      0 |          0 |
|       UART_BIDET                                                                              |                                                                                 slib_edge_detect_320 |          0 |          0 |       0 |    0 |     1 |      0 |      0 |          0 |
|       UART_ED_CTS                                                                             |                                                                                 slib_edge_detect_321 |          0 |          0 |       0 |    0 |     1 |      0 |      0 |          0 |
|       UART_ED_DCD                                                                             |                                                                                 slib_edge_detect_322 |          0 |          0 |       0 |    0 |     1 |      0 |      0 |          0 |
|       UART_ED_DSR                                                                             |                                                                                 slib_edge_detect_323 |          0 |          0 |       0 |    0 |     1 |      0 |      0 |          0 |
|       UART_ED_RI                                                                              |                                                                                 slib_edge_detect_324 |          0 |          0 |       0 |    0 |     1 |      0 |      0 |          0 |
|       UART_FEDET                                                                              |                                                                                 slib_edge_detect_325 |          0 |          0 |       0 |    0 |     1 |      0 |      0 |          0 |
|       UART_IF_CTS                                                                             |                                                                                slib_input_filter_326 |          5 |          5 |       0 |    0 |     3 |      0 |      0 |          0 |
|       UART_IF_DCD                                                                             |                                                                                slib_input_filter_327 |          5 |          5 |       0 |    0 |     3 |      0 |      0 |          0 |
|       UART_IF_DSR                                                                             |                                                                                slib_input_filter_328 |          4 |          4 |       0 |    0 |     3 |      0 |      0 |          0 |
|       UART_IF_RI                                                                              |                                                                                slib_input_filter_329 |          3 |          3 |       0 |    0 |     3 |      0 |      0 |          0 |
|       UART_IIC                                                                                |                                                                                   uart_interrupt_330 |          8 |          8 |       0 |    0 |     4 |      0 |      0 |          0 |
|       UART_IIC_THRE_ED                                                                        |                                                                                 slib_edge_detect_331 |          1 |          1 |       0 |    0 |     1 |      0 |      0 |          0 |
|       UART_IS_SIN                                                                             |                                                                                  slib_input_sync_332 |          0 |          0 |       0 |    0 |     2 |      0 |      0 |          0 |
|       UART_PEDET                                                                              |                                                                                 slib_edge_detect_333 |          0 |          0 |       0 |    0 |     1 |      0 |      0 |          0 |
|       UART_RCLK                                                                               |                                                                                 slib_edge_detect_334 |          0 |          0 |       0 |    0 |     1 |      0 |      0 |          0 |
|       UART_RX                                                                                 |                                                                                    uart_receiver_335 |         50 |         50 |       0 |    0 |    36 |      0 |      0 |          0 |
|         (UART_RX)                                                                             |                                                                                    uart_receiver_335 |         13 |         13 |       0 |    0 |    21 |      0 |      0 |          0 |
|         RX_BRC                                                                                |                                                                                     slib_counter_339 |         12 |         12 |       0 |    0 |     5 |      0 |      0 |          0 |
|         RX_IFSB                                                                               |                                                                slib_input_filter__parameterized2_340 |          9 |          9 |       0 |    0 |     4 |      0 |      0 |          0 |
|         RX_MVF                                                                                |                                                                                   slib_mv_filter_341 |         16 |         16 |       0 |    0 |     6 |      0 |      0 |          0 |
|       UART_RXFF                                                                               |                                                                        slib_fifo__parameterized1_336 |        362 |        362 |       0 |    0 |   736 |      0 |      0 |          0 |
|       UART_TX                                                                                 |                                                                                 uart_transmitter_337 |         16 |         16 |       0 |    0 |    16 |      0 |      0 |          0 |
|       UART_TXFF                                                                               |                                                                                        slib_fifo_338 |        266 |        266 |       0 |    0 |   540 |      0 |      0 |          0 |
|     gen_uart2.i_apb_uart2                                                                     |                                                                                         apb_uart_249 |        785 |        785 |       0 |    0 |  1478 |      0 |      0 |          0 |
|       (gen_uart2.i_apb_uart2)                                                                 |                                                                                         apb_uart_249 |         19 |         19 |       0 |    0 |   102 |      0 |      0 |          0 |
|       UART_BG16                                                                               |                                                                                         uart_baudgen |         43 |         43 |       0 |    0 |    17 |      0 |      0 |          0 |
|       UART_BG2                                                                                |                                                                                       slib_clock_div |          3 |          3 |       0 |    0 |     4 |      0 |      0 |          0 |
|       UART_BIDET                                                                              |                                                                                     slib_edge_detect |          0 |          0 |       0 |    0 |     1 |      0 |      0 |          0 |
|       UART_ED_CTS                                                                             |                                                                                 slib_edge_detect_307 |          0 |          0 |       0 |    0 |     1 |      0 |      0 |          0 |
|       UART_ED_DCD                                                                             |                                                                                 slib_edge_detect_308 |          0 |          0 |       0 |    0 |     1 |      0 |      0 |          0 |
|       UART_ED_DSR                                                                             |                                                                                 slib_edge_detect_309 |          0 |          0 |       0 |    0 |     1 |      0 |      0 |          0 |
|       UART_ED_RI                                                                              |                                                                                 slib_edge_detect_310 |          0 |          0 |       0 |    0 |     1 |      0 |      0 |          0 |
|       UART_FEDET                                                                              |                                                                                 slib_edge_detect_311 |          0 |          0 |       0 |    0 |     1 |      0 |      0 |          0 |
|       UART_IF_CTS                                                                             |                                                                                    slib_input_filter |          5 |          5 |       0 |    0 |     3 |      0 |      0 |          0 |
|       UART_IF_DCD                                                                             |                                                                                slib_input_filter_312 |          5 |          5 |       0 |    0 |     3 |      0 |      0 |          0 |
|       UART_IF_DSR                                                                             |                                                                                slib_input_filter_313 |          4 |          4 |       0 |    0 |     3 |      0 |      0 |          0 |
|       UART_IF_RI                                                                              |                                                                                slib_input_filter_314 |          3 |          3 |       0 |    0 |     3 |      0 |      0 |          0 |
|       UART_IIC                                                                                |                                                                                       uart_interrupt |          8 |          8 |       0 |    0 |     4 |      0 |      0 |          0 |
|       UART_IIC_THRE_ED                                                                        |                                                                                 slib_edge_detect_315 |          1 |          1 |       0 |    0 |     1 |      0 |      0 |          0 |
|       UART_IS_SIN                                                                             |                                                                                      slib_input_sync |          0 |          0 |       0 |    0 |     2 |      0 |      0 |          0 |
|       UART_PEDET                                                                              |                                                                                 slib_edge_detect_316 |          0 |          0 |       0 |    0 |     1 |      0 |      0 |          0 |
|       UART_RCLK                                                                               |                                                                                 slib_edge_detect_317 |          0 |          0 |       0 |    0 |     1 |      0 |      0 |          0 |
|       UART_RX                                                                                 |                                                                                        uart_receiver |         50 |         50 |       0 |    0 |    36 |      0 |      0 |          0 |
|         (UART_RX)                                                                             |                                                                                        uart_receiver |         13 |         13 |       0 |    0 |    21 |      0 |      0 |          0 |
|         RX_BRC                                                                                |                                                                                         slib_counter |         12 |         12 |       0 |    0 |     5 |      0 |      0 |          0 |
|         RX_IFSB                                                                               |                                                                    slib_input_filter__parameterized2 |          9 |          9 |       0 |    0 |     4 |      0 |      0 |          0 |
|         RX_MVF                                                                                |                                                                                       slib_mv_filter |         16 |         16 |       0 |    0 |     6 |      0 |      0 |          0 |
|       UART_RXFF                                                                               |                                                                            slib_fifo__parameterized1 |        362 |        362 |       0 |    0 |   736 |      0 |      0 |          0 |
|       UART_TX                                                                                 |                                                                                     uart_transmitter |         16 |         16 |       0 |    0 |    16 |      0 |      0 |          0 |
|       UART_TXFF                                                                               |                                                                                            slib_fifo |        266 |        266 |       0 |    0 |   540 |      0 |      0 |          0 |
|     i_axi2apb_64_32_aplic                                                                     |                                                                                    axi2apb_64_32_250 |       3553 |       3553 |       0 |    0 |   634 |      0 |      0 |          0 |
|       (i_axi2apb_64_32_aplic)                                                                 |                                                                                    axi2apb_64_32_250 |         41 |         41 |       0 |    0 |   146 |      0 |      0 |          0 |
|       slave_ar_buffer_i                                                                       |                                                                                    axi_ar_buffer_282 |       3169 |       3169 |       0 |    0 |    84 |      0 |      0 |          0 |
|         i_axi_single_slice                                                                    |                                                                                 axi_single_slice_303 |       3169 |       3169 |       0 |    0 |    84 |      0 |      0 |          0 |
|           i_fifo                                                                              |                                                                                             fifo_304 |       3169 |       3169 |       0 |    0 |    84 |      0 |      0 |          0 |
|             impl                                                                              |                                                                          fifo_v2__parameterized1_305 |       3169 |       3169 |       0 |    0 |    84 |      0 |      0 |          0 |
|               i_fifo_v3                                                                       |                                                                          fifo_v3__parameterized6_306 |       3169 |       3169 |       0 |    0 |    84 |      0 |      0 |          0 |
|       slave_aw_buffer_i                                                                       |                                                                                    axi_aw_buffer_283 |        123 |        123 |       0 |    0 |   100 |      0 |      0 |          0 |
|         i_axi_single_slice                                                                    |                                                                                 axi_single_slice_299 |        123 |        123 |       0 |    0 |   100 |      0 |      0 |          0 |
|           i_fifo                                                                              |                                                                                             fifo_300 |        123 |        123 |       0 |    0 |   100 |      0 |      0 |          0 |
|             impl                                                                              |                                                                          fifo_v2__parameterized1_301 |        123 |        123 |       0 |    0 |   100 |      0 |      0 |          0 |
|               i_fifo_v3                                                                       |                                                                          fifo_v3__parameterized6_302 |        123 |        123 |       0 |    0 |   100 |      0 |      0 |          0 |
|       slave_b_buffer_i                                                                        |                                                                                     axi_b_buffer_284 |         17 |         17 |       0 |    0 |    14 |      0 |      0 |          0 |
|         i_axi_single_slice                                                                    |                                                                 axi_single_slice__parameterized2_295 |         17 |         17 |       0 |    0 |    14 |      0 |      0 |          0 |
|           i_fifo                                                                              |                                                                             fifo__parameterized2_296 |         17 |         17 |       0 |    0 |    14 |      0 |      0 |          0 |
|             impl                                                                              |                                                                          fifo_v2__parameterized4_297 |         17 |         17 |       0 |    0 |    14 |      0 |      0 |          0 |
|               i_fifo_v3                                                                       |                                                                          fifo_v3__parameterized9_298 |         17 |         17 |       0 |    0 |    14 |      0 |      0 |          0 |
|       slave_r_buffer_i                                                                        |                                                                                     axi_r_buffer_285 |        119 |        119 |       0 |    0 |   142 |      0 |      0 |          0 |
|         i_axi_single_slice                                                                    |                                                                 axi_single_slice__parameterized1_291 |        119 |        119 |       0 |    0 |   142 |      0 |      0 |          0 |
|           i_fifo                                                                              |                                                                             fifo__parameterized1_292 |        119 |        119 |       0 |    0 |   142 |      0 |      0 |          0 |
|             impl                                                                              |                                                                          fifo_v2__parameterized3_293 |        119 |        119 |       0 |    0 |   142 |      0 |      0 |          0 |
|               i_fifo_v3                                                                       |                                                                          fifo_v3__parameterized8_294 |        119 |        119 |       0 |    0 |   142 |      0 |      0 |          0 |
|       slave_w_buffer_i                                                                        |                                                                                     axi_w_buffer_286 |         86 |         86 |       0 |    0 |   148 |      0 |      0 |          0 |
|         i_axi_single_slice                                                                    |                                                                 axi_single_slice__parameterized0_287 |         86 |         86 |       0 |    0 |   148 |      0 |      0 |          0 |
|           i_fifo                                                                              |                                                                             fifo__parameterized0_288 |         86 |         86 |       0 |    0 |   148 |      0 |      0 |          0 |
|             impl                                                                              |                                                                          fifo_v2__parameterized2_289 |         86 |         86 |       0 |    0 |   148 |      0 |      0 |          0 |
|               i_fifo_v3                                                                       |                                                                          fifo_v3__parameterized7_290 |         86 |         86 |       0 |    0 |   148 |      0 |      0 |          0 |
|     i_axi2apb_64_32_uart                                                                      |                                                                                    axi2apb_64_32_251 |        213 |        213 |       0 |    0 |   232 |      0 |      0 |          0 |
|       (i_axi2apb_64_32_uart)                                                                  |                                                                                    axi2apb_64_32_251 |          9 |          9 |       0 |    0 |    44 |      0 |      0 |          0 |
|       slave_ar_buffer_i                                                                       |                                                                                    axi_ar_buffer_257 |         62 |         62 |       0 |    0 |    30 |      0 |      0 |          0 |
|         i_axi_single_slice                                                                    |                                                                                 axi_single_slice_278 |         62 |         62 |       0 |    0 |    30 |      0 |      0 |          0 |
|           i_fifo                                                                              |                                                                                             fifo_279 |         62 |         62 |       0 |    0 |    30 |      0 |      0 |          0 |
|             impl                                                                              |                                                                          fifo_v2__parameterized1_280 |         62 |         62 |       0 |    0 |    30 |      0 |      0 |          0 |
|               i_fifo_v3                                                                       |                                                                          fifo_v3__parameterized6_281 |         62 |         62 |       0 |    0 |    30 |      0 |      0 |          0 |
|       slave_aw_buffer_i                                                                       |                                                                                    axi_aw_buffer_258 |         45 |         45 |       0 |    0 |    46 |      0 |      0 |          0 |
|         i_axi_single_slice                                                                    |                                                                                 axi_single_slice_274 |         45 |         45 |       0 |    0 |    46 |      0 |      0 |          0 |
|           i_fifo                                                                              |                                                                                             fifo_275 |         45 |         45 |       0 |    0 |    46 |      0 |      0 |          0 |
|             impl                                                                              |                                                                          fifo_v2__parameterized1_276 |         45 |         45 |       0 |    0 |    46 |      0 |      0 |          0 |
|               i_fifo_v3                                                                       |                                                                          fifo_v3__parameterized6_277 |         45 |         45 |       0 |    0 |    46 |      0 |      0 |          0 |
|       slave_b_buffer_i                                                                        |                                                                                     axi_b_buffer_259 |         17 |         17 |       0 |    0 |    14 |      0 |      0 |          0 |
|         i_axi_single_slice                                                                    |                                                                 axi_single_slice__parameterized2_270 |         17 |         17 |       0 |    0 |    14 |      0 |      0 |          0 |
|           i_fifo                                                                              |                                                                             fifo__parameterized2_271 |         17 |         17 |       0 |    0 |    14 |      0 |      0 |          0 |
|             impl                                                                              |                                                                          fifo_v2__parameterized4_272 |         17 |         17 |       0 |    0 |    14 |      0 |      0 |          0 |
|               i_fifo_v3                                                                       |                                                                          fifo_v3__parameterized9_273 |         17 |         17 |       0 |    0 |    14 |      0 |      0 |          0 |
|       slave_r_buffer_i                                                                        |                                                                                     axi_r_buffer_260 |         45 |         45 |       0 |    0 |    46 |      0 |      0 |          0 |
|         i_axi_single_slice                                                                    |                                                                 axi_single_slice__parameterized1_266 |         45 |         45 |       0 |    0 |    46 |      0 |      0 |          0 |
|           i_fifo                                                                              |                                                                             fifo__parameterized1_267 |         45 |         45 |       0 |    0 |    46 |      0 |      0 |          0 |
|             impl                                                                              |                                                                          fifo_v2__parameterized3_268 |         45 |         45 |       0 |    0 |    46 |      0 |      0 |          0 |
|               i_fifo_v3                                                                       |                                                                          fifo_v3__parameterized8_269 |         45 |         45 |       0 |    0 |    46 |      0 |      0 |          0 |
|       slave_w_buffer_i                                                                        |                                                                                     axi_w_buffer_261 |         35 |         35 |       0 |    0 |    52 |      0 |      0 |          0 |
|         i_axi_single_slice                                                                    |                                                                 axi_single_slice__parameterized0_262 |         35 |         35 |       0 |    0 |    52 |      0 |      0 |          0 |
|           i_fifo                                                                              |                                                                             fifo__parameterized0_263 |         35 |         35 |       0 |    0 |    52 |      0 |      0 |          0 |
|             impl                                                                              |                                                                          fifo_v2__parameterized2_264 |         35 |         35 |       0 |    0 |    52 |      0 |      0 |          0 |
|               i_fifo_v3                                                                       |                                                                          fifo_v3__parameterized7_265 |         35 |         35 |       0 |    0 |    52 |      0 |      0 |          0 |
|     i_axi2apb_64_32_uart2                                                                     |                                                                                    axi2apb_64_32_252 |        212 |        212 |       0 |    0 |   232 |      0 |      0 |          0 |
|       (i_axi2apb_64_32_uart2)                                                                 |                                                                                    axi2apb_64_32_252 |          9 |          9 |       0 |    0 |    44 |      0 |      0 |          0 |
|       slave_ar_buffer_i                                                                       |                                                                                        axi_ar_buffer |         62 |         62 |       0 |    0 |    30 |      0 |      0 |          0 |
|         i_axi_single_slice                                                                    |                                                                                 axi_single_slice_253 |         62 |         62 |       0 |    0 |    30 |      0 |      0 |          0 |
|           i_fifo                                                                              |                                                                                             fifo_254 |         62 |         62 |       0 |    0 |    30 |      0 |      0 |          0 |
|             impl                                                                              |                                                                          fifo_v2__parameterized1_255 |         62 |         62 |       0 |    0 |    30 |      0 |      0 |          0 |
|               i_fifo_v3                                                                       |                                                                          fifo_v3__parameterized6_256 |         62 |         62 |       0 |    0 |    30 |      0 |      0 |          0 |
|       slave_aw_buffer_i                                                                       |                                                                                        axi_aw_buffer |         45 |         45 |       0 |    0 |    46 |      0 |      0 |          0 |
|         i_axi_single_slice                                                                    |                                                                                     axi_single_slice |         45 |         45 |       0 |    0 |    46 |      0 |      0 |          0 |
|           i_fifo                                                                              |                                                                                                 fifo |         45 |         45 |       0 |    0 |    46 |      0 |      0 |          0 |
|             impl                                                                              |                                                                              fifo_v2__parameterized1 |         45 |         45 |       0 |    0 |    46 |      0 |      0 |          0 |
|               i_fifo_v3                                                                       |                                                                              fifo_v3__parameterized6 |         45 |         45 |       0 |    0 |    46 |      0 |      0 |          0 |
|       slave_b_buffer_i                                                                        |                                                                                         axi_b_buffer |         16 |         16 |       0 |    0 |    14 |      0 |      0 |          0 |
|         i_axi_single_slice                                                                    |                                                                     axi_single_slice__parameterized2 |         16 |         16 |       0 |    0 |    14 |      0 |      0 |          0 |
|           i_fifo                                                                              |                                                                                 fifo__parameterized2 |         16 |         16 |       0 |    0 |    14 |      0 |      0 |          0 |
|             impl                                                                              |                                                                              fifo_v2__parameterized4 |         16 |         16 |       0 |    0 |    14 |      0 |      0 |          0 |
|               i_fifo_v3                                                                       |                                                                              fifo_v3__parameterized9 |         16 |         16 |       0 |    0 |    14 |      0 |      0 |          0 |
|       slave_r_buffer_i                                                                        |                                                                                         axi_r_buffer |         45 |         45 |       0 |    0 |    46 |      0 |      0 |          0 |
|         i_axi_single_slice                                                                    |                                                                     axi_single_slice__parameterized1 |         45 |         45 |       0 |    0 |    46 |      0 |      0 |          0 |
|           i_fifo                                                                              |                                                                                 fifo__parameterized1 |         45 |         45 |       0 |    0 |    46 |      0 |      0 |          0 |
|             impl                                                                              |                                                                              fifo_v2__parameterized3 |         45 |         45 |       0 |    0 |    46 |      0 |      0 |          0 |
|               i_fifo_v3                                                                       |                                                                              fifo_v3__parameterized8 |         45 |         45 |       0 |    0 |    46 |      0 |      0 |          0 |
|       slave_w_buffer_i                                                                        |                                                                                         axi_w_buffer |         35 |         35 |       0 |    0 |    52 |      0 |      0 |          0 |
|         i_axi_single_slice                                                                    |                                                                     axi_single_slice__parameterized0 |         35 |         35 |       0 |    0 |    52 |      0 |      0 |          0 |
|           i_fifo                                                                              |                                                                                 fifo__parameterized0 |         35 |         35 |       0 |    0 |    52 |      0 |      0 |          0 |
|             impl                                                                              |                                                                              fifo_v2__parameterized2 |         35 |         35 |       0 |    0 |    52 |      0 |      0 |          0 |
|               i_fifo_v3                                                                       |                                                                              fifo_v3__parameterized7 |         35 |         35 |       0 |    0 |    52 |      0 |      0 |          0 |
|   i_axi2rom                                                                                   |                                                                              axi2mem__parameterized0 |         91 |         91 |       0 |    0 |    46 |      0 |      0 |          0 |
|   i_axi_dwidth_converter_dm_master                                                            |                                                                  xlnx_axi_dwidth_converter_dm_master |        380 |        341 |       0 |   39 |   397 |      0 |      0 |          0 |
|     inst                                                                                      |                                 xlnx_axi_dwidth_converter_dm_master_axi_dwidth_converter_v2_1_27_top |        380 |        341 |       0 |   39 |   397 |      0 |      0 |          0 |
|       gen_upsizer.gen_full_upsizer.axi_upsizer_inst                                           |                         xlnx_axi_dwidth_converter_dm_master_axi_dwidth_converter_v2_1_27_axi_upsizer |        380 |        341 |       0 |   39 |   397 |      0 |      0 |          0 |
|         USE_READ.gen_non_fifo_r_upsizer.mi_register_slice_inst                                |                    xlnx_axi_dwidth_converter_dm_master_axi_register_slice_v2_1_27_axi_register_slice |         36 |         36 |       0 |    0 |   132 |      0 |      0 |          0 |
|           r.r_pipe                                                                            |   xlnx_axi_dwidth_converter_dm_master_axi_register_slice_v2_1_27_axic_register_slice__parameterized2 |         36 |         36 |       0 |    0 |   132 |      0 |      0 |          0 |
|         USE_READ.gen_non_fifo_r_upsizer.read_data_inst                                        |                           xlnx_axi_dwidth_converter_dm_master_axi_dwidth_converter_v2_1_27_r_upsizer |         56 |         56 |       0 |    0 |    18 |      0 |      0 |          0 |
|         USE_READ.read_addr_inst                                                               |           xlnx_axi_dwidth_converter_dm_master_axi_dwidth_converter_v2_1_27_a_upsizer__parameterized0 |         51 |         36 |       0 |   15 |    32 |      0 |      0 |          0 |
|           (USE_READ.read_addr_inst)                                                           |           xlnx_axi_dwidth_converter_dm_master_axi_dwidth_converter_v2_1_27_a_upsizer__parameterized0 |          0 |          0 |       0 |    0 |     1 |      0 |      0 |          0 |
|           GEN_CMD_QUEUE.cmd_queue                                                             |         xlnx_axi_dwidth_converter_dm_master_generic_baseblocks_v2_1_0_command_fifo__parameterized0_1 |         41 |         26 |       0 |   15 |    23 |      0 |      0 |          0 |
|           gen_id_queue.id_queue                                                               |                         xlnx_axi_dwidth_converter_dm_master_generic_baseblocks_v2_1_0_command_fifo_2 |         10 |         10 |       0 |    0 |     8 |      0 |      0 |          0 |
|         USE_WRITE.gen_non_fifo_w_upsizer.write_data_inst                                      |                           xlnx_axi_dwidth_converter_dm_master_axi_dwidth_converter_v2_1_27_w_upsizer |         32 |         32 |       0 |    0 |    90 |      0 |      0 |          0 |
|         USE_WRITE.write_addr_inst                                                             |                           xlnx_axi_dwidth_converter_dm_master_axi_dwidth_converter_v2_1_27_a_upsizer |        151 |        127 |       0 |   24 |    41 |      0 |      0 |          0 |
|           (USE_WRITE.write_addr_inst)                                                         |                           xlnx_axi_dwidth_converter_dm_master_axi_dwidth_converter_v2_1_27_a_upsizer |          0 |          0 |       0 |    0 |     1 |      0 |      0 |          0 |
|           GEN_CMD_QUEUE.cmd_queue                                                             |           xlnx_axi_dwidth_converter_dm_master_generic_baseblocks_v2_1_0_command_fifo__parameterized0 |        138 |        114 |       0 |   24 |    32 |      0 |      0 |          0 |
|           gen_id_queue.id_queue                                                               |                           xlnx_axi_dwidth_converter_dm_master_generic_baseblocks_v2_1_0_command_fifo |         13 |         13 |       0 |    0 |     8 |      0 |      0 |          0 |
|         si_register_slice_inst                                                                |    xlnx_axi_dwidth_converter_dm_master_axi_register_slice_v2_1_27_axi_register_slice__parameterized0 |         54 |         54 |       0 |    0 |    84 |      0 |      0 |          0 |
|           ar.ar_pipe                                                                          |   xlnx_axi_dwidth_converter_dm_master_axi_register_slice_v2_1_27_axic_register_slice__parameterized3 |          9 |          9 |       0 |    0 |    38 |      0 |      0 |          0 |
|           aw.aw_pipe                                                                          | xlnx_axi_dwidth_converter_dm_master_axi_register_slice_v2_1_27_axic_register_slice__parameterized3_0 |         45 |         45 |       0 |    0 |    46 |      0 |      0 |          0 |
|   i_axi_dwidth_converter_dm_slave                                                             |                                                                   xlnx_axi_dwidth_converter_dm_slave |        579 |        535 |      44 |    0 |   534 |      0 |      0 |          0 |
|     inst                                                                                      |                                  xlnx_axi_dwidth_converter_dm_slave_axi_dwidth_converter_v2_1_27_top |        579 |        535 |      44 |    0 |   534 |      0 |      0 |          0 |
|       gen_downsizer.gen_simple_downsizer.axi_downsizer_inst                                   |                        xlnx_axi_dwidth_converter_dm_slave_axi_dwidth_converter_v2_1_27_axi_downsizer |        579 |        535 |      44 |    0 |   534 |      0 |      0 |          0 |
|         USE_READ.read_addr_inst                                                               |          xlnx_axi_dwidth_converter_dm_slave_axi_dwidth_converter_v2_1_27_a_downsizer__parameterized0 |        207 |        189 |      18 |    0 |   187 |      0 |      0 |          0 |
|           (USE_READ.read_addr_inst)                                                           |          xlnx_axi_dwidth_converter_dm_slave_axi_dwidth_converter_v2_1_27_a_downsizer__parameterized0 |        101 |        101 |       0 |    0 |    99 |      0 |      0 |          0 |
|           cmd_queue                                                                           |                   xlnx_axi_dwidth_converter_dm_slave_axi_data_fifo_v2_1_26_axic_fifo__parameterized0 |        111 |         93 |      18 |    0 |    88 |      0 |      0 |          0 |
|             inst                                                                              |                    xlnx_axi_dwidth_converter_dm_slave_axi_data_fifo_v2_1_26_fifo_gen__parameterized0 |        111 |         93 |      18 |    0 |    88 |      0 |      0 |          0 |
|               (inst)                                                                          |                    xlnx_axi_dwidth_converter_dm_slave_axi_data_fifo_v2_1_26_fifo_gen__parameterized0 |         61 |         61 |       0 |    0 |     0 |      0 |      0 |          0 |
|               fifo_gen_inst                                                                   |                            xlnx_axi_dwidth_converter_dm_slave_fifo_generator_v13_2_7__parameterized0 |         50 |         32 |      18 |    0 |    88 |      0 |      0 |          0 |
|                 inst_fifo_gen                                                                 |                      xlnx_axi_dwidth_converter_dm_slave_fifo_generator_v13_2_7_synth__parameterized0 |         50 |         32 |      18 |    0 |    88 |      0 |      0 |          0 |
|                   gconvfifo.rf                                                                |                                xlnx_axi_dwidth_converter_dm_slave_fifo_generator_top__parameterized0 |         50 |         32 |      18 |    0 |    88 |      0 |      0 |          0 |
|                     grf.rf                                                                    |                            xlnx_axi_dwidth_converter_dm_slave_fifo_generator_ramfifo__parameterized0 |         50 |         32 |      18 |    0 |    88 |      0 |      0 |          0 |
|                       gntv_or_sync_fifo.gl0.rd                                                |                                                        xlnx_axi_dwidth_converter_dm_slave_rd_logic_7 |         10 |         10 |       0 |    0 |    20 |      0 |      0 |          0 |
|                         gr1.gr1_int.rfwft                                                     |                                                        xlnx_axi_dwidth_converter_dm_slave_rd_fwft_13 |          7 |          7 |       0 |    0 |     8 |      0 |      0 |          0 |
|                         grss.rsts                                                             |                                             xlnx_axi_dwidth_converter_dm_slave_rd_status_flags_ss_14 |          0 |          0 |       0 |    0 |     2 |      0 |      0 |          0 |
|                         rpntr                                                                 |                                                    xlnx_axi_dwidth_converter_dm_slave_rd_bin_cntr_15 |          3 |          3 |       0 |    0 |    10 |      0 |      0 |          0 |
|                       gntv_or_sync_fifo.gl0.wr                                                |                                                        xlnx_axi_dwidth_converter_dm_slave_wr_logic_8 |         14 |         14 |       0 |    0 |    12 |      0 |      0 |          0 |
|                         gwss.wsts                                                             |                                             xlnx_axi_dwidth_converter_dm_slave_wr_status_flags_ss_11 |          3 |          3 |       0 |    0 |     2 |      0 |      0 |          0 |
|                         wpntr                                                                 |                                                    xlnx_axi_dwidth_converter_dm_slave_wr_bin_cntr_12 |         11 |         11 |       0 |    0 |    10 |      0 |      0 |          0 |
|                       gntv_or_sync_fifo.mem                                                   |                                          xlnx_axi_dwidth_converter_dm_slave_memory__parameterized0_9 |         18 |          0 |      18 |    0 |    52 |      0 |      0 |          0 |
|                         (gntv_or_sync_fifo.mem)                                               |                                          xlnx_axi_dwidth_converter_dm_slave_memory__parameterized0_9 |          0 |          0 |       0 |    0 |    26 |      0 |      0 |          0 |
|                         gdm.dm_gen.dm                                                         |                                           xlnx_axi_dwidth_converter_dm_slave_dmem__parameterized0_10 |         18 |          0 |      18 |    0 |    26 |      0 |      0 |          0 |
|                       rstblk                                                                  |                                                 xlnx_axi_dwidth_converter_dm_slave_reset_blk_ramfifo |          8 |          8 |       0 |    0 |     4 |      0 |      0 |          0 |
|                         (rstblk)                                                              |                                                 xlnx_axi_dwidth_converter_dm_slave_reset_blk_ramfifo |          8 |          8 |       0 |    0 |     2 |      0 |      0 |          0 |
|                         ngwrdrst.grst.g7serrst.gnsckt_wrst.rst_wr_reg2_inst                   |                                                 xlnx_axi_dwidth_converter_dm_slave_xpm_cdc_async_rst |          0 |          0 |       0 |    0 |     2 |      0 |      0 |          0 |
|         USE_READ.read_data_inst                                                               |                          xlnx_axi_dwidth_converter_dm_slave_axi_dwidth_converter_v2_1_27_r_downsizer |         50 |         50 |       0 |    0 |    77 |      0 |      0 |          0 |
|         USE_WRITE.USE_SPLIT.write_resp_inst                                                   |                          xlnx_axi_dwidth_converter_dm_slave_axi_dwidth_converter_v2_1_27_b_downsizer |         17 |         17 |       0 |    0 |    11 |      0 |      0 |          0 |
|         USE_WRITE.write_addr_inst                                                             |                          xlnx_axi_dwidth_converter_dm_slave_axi_dwidth_converter_v2_1_27_a_downsizer |        269 |        243 |      26 |    0 |   247 |      0 |      0 |          0 |
|           (USE_WRITE.write_addr_inst)                                                         |                          xlnx_axi_dwidth_converter_dm_slave_axi_dwidth_converter_v2_1_27_a_downsizer |        113 |        113 |       0 |    0 |   115 |      0 |      0 |          0 |
|           USE_B_CHANNEL.cmd_b_queue                                                           |                                   xlnx_axi_dwidth_converter_dm_slave_axi_data_fifo_v2_1_26_axic_fifo |         54 |         46 |       8 |    0 |    46 |      0 |      0 |          0 |
|             inst                                                                              |                                    xlnx_axi_dwidth_converter_dm_slave_axi_data_fifo_v2_1_26_fifo_gen |         54 |         46 |       8 |    0 |    46 |      0 |      0 |          0 |
|               (inst)                                                                          |                                    xlnx_axi_dwidth_converter_dm_slave_axi_data_fifo_v2_1_26_fifo_gen |         14 |         14 |       0 |    0 |     0 |      0 |      0 |          0 |
|               fifo_gen_inst                                                                   |                                            xlnx_axi_dwidth_converter_dm_slave_fifo_generator_v13_2_7 |         40 |         32 |       8 |    0 |    46 |      0 |      0 |          0 |
|                 inst_fifo_gen                                                                 |                                      xlnx_axi_dwidth_converter_dm_slave_fifo_generator_v13_2_7_synth |         40 |         32 |       8 |    0 |    46 |      0 |      0 |          0 |
|                   gconvfifo.rf                                                                |                                                xlnx_axi_dwidth_converter_dm_slave_fifo_generator_top |         40 |         32 |       8 |    0 |    46 |      0 |      0 |          0 |
|                     grf.rf                                                                    |                                            xlnx_axi_dwidth_converter_dm_slave_fifo_generator_ramfifo |         40 |         32 |       8 |    0 |    46 |      0 |      0 |          0 |
|                       gntv_or_sync_fifo.gl0.rd                                                |                                                        xlnx_axi_dwidth_converter_dm_slave_rd_logic_0 |         10 |         10 |       0 |    0 |    20 |      0 |      0 |          0 |
|                         gr1.gr1_int.rfwft                                                     |                                                         xlnx_axi_dwidth_converter_dm_slave_rd_fwft_4 |          7 |          7 |       0 |    0 |     8 |      0 |      0 |          0 |
|                         grss.rsts                                                             |                                              xlnx_axi_dwidth_converter_dm_slave_rd_status_flags_ss_5 |          0 |          0 |       0 |    0 |     2 |      0 |      0 |          0 |
|                         rpntr                                                                 |                                                     xlnx_axi_dwidth_converter_dm_slave_rd_bin_cntr_6 |          3 |          3 |       0 |    0 |    10 |      0 |      0 |          0 |
|                       gntv_or_sync_fifo.gl0.wr                                                |                                                        xlnx_axi_dwidth_converter_dm_slave_wr_logic_1 |         14 |         14 |       0 |    0 |    12 |      0 |      0 |          0 |
|                         gwss.wsts                                                             |                                              xlnx_axi_dwidth_converter_dm_slave_wr_status_flags_ss_2 |          3 |          3 |       0 |    0 |     2 |      0 |      0 |          0 |
|                         wpntr                                                                 |                                                     xlnx_axi_dwidth_converter_dm_slave_wr_bin_cntr_3 |         11 |         11 |       0 |    0 |    10 |      0 |      0 |          0 |
|                       gntv_or_sync_fifo.mem                                                   |                                                            xlnx_axi_dwidth_converter_dm_slave_memory |          8 |          0 |       8 |    0 |    10 |      0 |      0 |          0 |
|                         (gntv_or_sync_fifo.mem)                                               |                                                            xlnx_axi_dwidth_converter_dm_slave_memory |          0 |          0 |       0 |    0 |     5 |      0 |      0 |          0 |
|                         gdm.dm_gen.dm                                                         |                                                              xlnx_axi_dwidth_converter_dm_slave_dmem |          8 |          0 |       8 |    0 |     5 |      0 |      0 |          0 |
|                       rstblk                                                                  |                                      xlnx_axi_dwidth_converter_dm_slave_reset_blk_ramfifo__xdcDup__1 |          8 |          8 |       0 |    0 |     4 |      0 |      0 |          0 |
|                         (rstblk)                                                              |                                      xlnx_axi_dwidth_converter_dm_slave_reset_blk_ramfifo__xdcDup__1 |          8 |          8 |       0 |    0 |     2 |      0 |      0 |          0 |
|                         ngwrdrst.grst.g7serrst.gnsckt_wrst.rst_wr_reg2_inst                   |                                              xlnx_axi_dwidth_converter_dm_slave_xpm_cdc_async_rst__3 |          0 |          0 |       0 |    0 |     2 |      0 |      0 |          0 |
|           cmd_queue                                                                           |        xlnx_axi_dwidth_converter_dm_slave_axi_data_fifo_v2_1_26_axic_fifo__parameterized0__xdcDup__1 |        103 |         85 |      18 |    0 |    86 |      0 |      0 |          0 |
|             inst                                                                              |         xlnx_axi_dwidth_converter_dm_slave_axi_data_fifo_v2_1_26_fifo_gen__parameterized0__xdcDup__1 |        103 |         85 |      18 |    0 |    86 |      0 |      0 |          0 |
|               (inst)                                                                          |         xlnx_axi_dwidth_converter_dm_slave_axi_data_fifo_v2_1_26_fifo_gen__parameterized0__xdcDup__1 |         53 |         53 |       0 |    0 |     0 |      0 |      0 |          0 |
|               fifo_gen_inst                                                                   |                 xlnx_axi_dwidth_converter_dm_slave_fifo_generator_v13_2_7__parameterized0__xdcDup__1 |         50 |         32 |      18 |    0 |    86 |      0 |      0 |          0 |
|                 inst_fifo_gen                                                                 |           xlnx_axi_dwidth_converter_dm_slave_fifo_generator_v13_2_7_synth__parameterized0__xdcDup__1 |         50 |         32 |      18 |    0 |    86 |      0 |      0 |          0 |
|                   gconvfifo.rf                                                                |                     xlnx_axi_dwidth_converter_dm_slave_fifo_generator_top__parameterized0__xdcDup__1 |         50 |         32 |      18 |    0 |    86 |      0 |      0 |          0 |
|                     grf.rf                                                                    |                 xlnx_axi_dwidth_converter_dm_slave_fifo_generator_ramfifo__parameterized0__xdcDup__1 |         50 |         32 |      18 |    0 |    86 |      0 |      0 |          0 |
|                       gntv_or_sync_fifo.gl0.rd                                                |                                                          xlnx_axi_dwidth_converter_dm_slave_rd_logic |         10 |         10 |       0 |    0 |    20 |      0 |      0 |          0 |
|                         gr1.gr1_int.rfwft                                                     |                                                           xlnx_axi_dwidth_converter_dm_slave_rd_fwft |          7 |          7 |       0 |    0 |     8 |      0 |      0 |          0 |
|                         grss.rsts                                                             |                                                xlnx_axi_dwidth_converter_dm_slave_rd_status_flags_ss |          0 |          0 |       0 |    0 |     2 |      0 |      0 |          0 |
|                         rpntr                                                                 |                                                       xlnx_axi_dwidth_converter_dm_slave_rd_bin_cntr |          3 |          3 |       0 |    0 |    10 |      0 |      0 |          0 |
|                       gntv_or_sync_fifo.gl0.wr                                                |                                                          xlnx_axi_dwidth_converter_dm_slave_wr_logic |         14 |         14 |       0 |    0 |    12 |      0 |      0 |          0 |
|                         gwss.wsts                                                             |                                                xlnx_axi_dwidth_converter_dm_slave_wr_status_flags_ss |          3 |          3 |       0 |    0 |     2 |      0 |      0 |          0 |
|                         wpntr                                                                 |                                                       xlnx_axi_dwidth_converter_dm_slave_wr_bin_cntr |         11 |         11 |       0 |    0 |    10 |      0 |      0 |          0 |
|                       gntv_or_sync_fifo.mem                                                   |                                            xlnx_axi_dwidth_converter_dm_slave_memory__parameterized0 |         18 |          0 |      18 |    0 |    50 |      0 |      0 |          0 |
|                         (gntv_or_sync_fifo.mem)                                               |                                            xlnx_axi_dwidth_converter_dm_slave_memory__parameterized0 |          0 |          0 |       0 |    0 |    25 |      0 |      0 |          0 |
|                         gdm.dm_gen.dm                                                         |                                              xlnx_axi_dwidth_converter_dm_slave_dmem__parameterized0 |         18 |          0 |      18 |    0 |    25 |      0 |      0 |          0 |
|                       rstblk                                                                  |                                      xlnx_axi_dwidth_converter_dm_slave_reset_blk_ramfifo__xdcDup__2 |          8 |          8 |       0 |    0 |     4 |      0 |      0 |          0 |
|                         (rstblk)                                                              |                                      xlnx_axi_dwidth_converter_dm_slave_reset_blk_ramfifo__xdcDup__2 |          8 |          8 |       0 |    0 |     2 |      0 |      0 |          0 |
|                         ngwrdrst.grst.g7serrst.gnsckt_wrst.rst_wr_reg2_inst                   |                                              xlnx_axi_dwidth_converter_dm_slave_xpm_cdc_async_rst__4 |          0 |          0 |       0 |    0 |     2 |      0 |      0 |          0 |
|         USE_WRITE.write_data_inst                                                             |                          xlnx_axi_dwidth_converter_dm_slave_axi_dwidth_converter_v2_1_27_w_downsizer |         36 |         36 |       0 |    0 |    12 |      0 |      0 |          0 |
|   i_axi_riscv_atomics                                                                         |                                                                               axi_riscv_atomics_wrap |       2759 |       2759 |       0 |    0 |  1416 |      0 |      0 |          0 |
|     i_atomics                                                                                 |                                                                                    axi_riscv_atomics |       2759 |       2759 |       0 |    0 |  1416 |      0 |      0 |          0 |
|       i_amos                                                                                  |                                                                                       axi_riscv_amos |       1962 |       1962 |       0 |    0 |   283 |      0 |      0 |          0 |
|       i_lrsc                                                                                  |                                                                                       axi_riscv_lrsc |        799 |        799 |       0 |    0 |  1133 |      0 |      0 |          0 |
|         (i_lrsc)                                                                              |                                                                                       axi_riscv_lrsc |         37 |         37 |       0 |    0 |    45 |      0 |      0 |          0 |
|         i_art                                                                                 |                                                                                          axi_res_tbl |        762 |        762 |       0 |    0 |  1088 |      0 |      0 |          0 |
|   i_axi_xbar                                                                                  |                                                                                        axi_xbar_intf |       5299 |       5299 |       0 |    0 |  5371 |      0 |      0 |          0 |
|     i_xbar                                                                                    |                                                                                             axi_xbar |       5299 |       5299 |       0 |    0 |  5371 |      0 |      0 |          0 |
|       (i_xbar)                                                                                |                                                                                             axi_xbar |         16 |         16 |       0 |    0 |     0 |      0 |      0 |          0 |
|       gen_mst_port_mux[0].i_axi_mux                                                           |                                                                                              axi_mux |        268 |        268 |       0 |    0 |   542 |      0 |      0 |          0 |
|         (gen_mst_port_mux[0].i_axi_mux)                                                       |                                                                                              axi_mux |          0 |          0 |       0 |    0 |     1 |      0 |      0 |          0 |
|         gen_mux.i_ar_arbiter                                                                  |                                                                      rr_arb_tree__parameterized2_236 |          5 |          5 |       0 |    0 |     4 |      0 |      0 |          0 |
|         gen_mux.i_ar_spill_reg                                                                |                                                                   spill_register__parameterized6_237 |         32 |         32 |       0 |    0 |    98 |      0 |      0 |          0 |
|           spill_register_flushable_i                                                          |                                                         spill_register_flushable__parameterized6_248 |         32 |         32 |       0 |    0 |    98 |      0 |      0 |          0 |
|         gen_mux.i_aw_arbiter                                                                  |                                                                      rr_arb_tree__parameterized1_238 |          9 |          9 |       0 |    0 |     4 |      0 |      0 |          0 |
|         gen_mux.i_aw_spill_reg                                                                |                                                                   spill_register__parameterized4_239 |        124 |        124 |       0 |    0 |   124 |      0 |      0 |          0 |
|           spill_register_flushable_i                                                          |                                                         spill_register_flushable__parameterized4_247 |        124 |        124 |       0 |    0 |   124 |      0 |      0 |          0 |
|         gen_mux.i_b_spill_reg                                                                 |                                                                   spill_register__parameterized5_240 |         10 |         10 |       0 |    0 |    16 |      0 |      0 |          0 |
|           spill_register_flushable_i                                                          |                                                         spill_register_flushable__parameterized5_246 |         10 |         10 |       0 |    0 |    16 |      0 |      0 |          0 |
|         gen_mux.i_r_spill_reg                                                                 |                                                                   spill_register__parameterized7_241 |         41 |         41 |       0 |    0 |   144 |      0 |      0 |          0 |
|           spill_register_flushable_i                                                          |                                                         spill_register_flushable__parameterized7_245 |         41 |         41 |       0 |    0 |   144 |      0 |      0 |          0 |
|         gen_mux.i_w_fifo                                                                      |                                                                          fifo_v3__parameterized4_242 |          7 |          7 |       0 |    0 |     3 |      0 |      0 |          0 |
|         gen_mux.i_w_spill_reg                                                                 |                                                                   spill_register__parameterized0_243 |         40 |         40 |       0 |    0 |   148 |      0 |      0 |          0 |
|           spill_register_flushable_i                                                          |                                                         spill_register_flushable__parameterized0_244 |         40 |         40 |       0 |    0 |   148 |      0 |      0 |          0 |
|       gen_mst_port_mux[10].i_axi_mux                                                          |                                                                                            axi_mux_0 |        229 |        229 |       0 |    0 |   254 |      0 |      0 |          0 |
|         (gen_mst_port_mux[10].i_axi_mux)                                                      |                                                                                            axi_mux_0 |          0 |          0 |       0 |    0 |     1 |      0 |      0 |          0 |
|         gen_mux.i_ar_arbiter                                                                  |                                                                      rr_arb_tree__parameterized2_223 |          1 |          1 |       0 |    0 |     4 |      0 |      0 |          0 |
|         gen_mux.i_ar_spill_reg                                                                |                                                                   spill_register__parameterized6_224 |         19 |         19 |       0 |    0 |    34 |      0 |      0 |          0 |
|           spill_register_flushable_i                                                          |                                                         spill_register_flushable__parameterized6_235 |         19 |         19 |       0 |    0 |    34 |      0 |      0 |          0 |
|         gen_mux.i_aw_arbiter                                                                  |                                                                      rr_arb_tree__parameterized1_225 |          2 |          2 |       0 |    0 |     4 |      0 |      0 |          0 |
|         gen_mux.i_aw_spill_reg                                                                |                                                                   spill_register__parameterized4_226 |         23 |         23 |       0 |    0 |    50 |      0 |      0 |          0 |
|           spill_register_flushable_i                                                          |                                                         spill_register_flushable__parameterized4_234 |         23 |         23 |       0 |    0 |    50 |      0 |      0 |          0 |
|         gen_mux.i_b_spill_reg                                                                 |                                                                   spill_register__parameterized5_227 |         16 |         16 |       0 |    0 |    12 |      0 |      0 |          0 |
|           spill_register_flushable_i                                                          |                                                         spill_register_flushable__parameterized5_233 |         16 |         16 |       0 |    0 |    12 |      0 |      0 |          0 |
|         gen_mux.i_r_spill_reg                                                                 |                                                                   spill_register__parameterized7_228 |        149 |        149 |       0 |    0 |   142 |      0 |      0 |          0 |
|           spill_register_flushable_i                                                          |                                                         spill_register_flushable__parameterized7_232 |        149 |        149 |       0 |    0 |   142 |      0 |      0 |          0 |
|         gen_mux.i_w_fifo                                                                      |                                                                          fifo_v3__parameterized4_229 |          6 |          6 |       0 |    0 |     3 |      0 |      0 |          0 |
|         gen_mux.i_w_spill_reg                                                                 |                                                                   spill_register__parameterized0_230 |         13 |         13 |       0 |    0 |     4 |      0 |      0 |          0 |
|           spill_register_flushable_i                                                          |                                                         spill_register_flushable__parameterized0_231 |         13 |         13 |       0 |    0 |     4 |      0 |      0 |          0 |
|       gen_mst_port_mux[11].i_axi_mux                                                          |                                                                                            axi_mux_1 |        140 |        140 |       0 |    0 |   426 |      0 |      0 |          0 |
|         (gen_mst_port_mux[11].i_axi_mux)                                                      |                                                                                            axi_mux_1 |          0 |          0 |       0 |    0 |     1 |      0 |      0 |          0 |
|         gen_mux.i_ar_arbiter                                                                  |                                                                      rr_arb_tree__parameterized2_210 |          1 |          1 |       0 |    0 |     4 |      0 |      0 |          0 |
|         gen_mux.i_ar_spill_reg                                                                |                                                                   spill_register__parameterized6_211 |         18 |         18 |       0 |    0 |    46 |      0 |      0 |          0 |
|           spill_register_flushable_i                                                          |                                                         spill_register_flushable__parameterized6_222 |         18 |         18 |       0 |    0 |    46 |      0 |      0 |          0 |
|         gen_mux.i_aw_arbiter                                                                  |                                                                      rr_arb_tree__parameterized1_212 |          2 |          2 |       0 |    0 |     4 |      0 |      0 |          0 |
|         gen_mux.i_aw_spill_reg                                                                |                                                                   spill_register__parameterized4_213 |         23 |         23 |       0 |    0 |    62 |      0 |      0 |          0 |
|           spill_register_flushable_i                                                          |                                                         spill_register_flushable__parameterized4_221 |         23 |         23 |       0 |    0 |    62 |      0 |      0 |          0 |
|         gen_mux.i_b_spill_reg                                                                 |                                                                   spill_register__parameterized5_214 |          9 |          9 |       0 |    0 |    16 |      0 |      0 |          0 |
|           spill_register_flushable_i                                                          |                                                         spill_register_flushable__parameterized5_220 |          9 |          9 |       0 |    0 |    16 |      0 |      0 |          0 |
|         gen_mux.i_r_spill_reg                                                                 |                                                                   spill_register__parameterized7_215 |         41 |         41 |       0 |    0 |   144 |      0 |      0 |          0 |
|           spill_register_flushable_i                                                          |                                                         spill_register_flushable__parameterized7_219 |         41 |         41 |       0 |    0 |   144 |      0 |      0 |          0 |
|         gen_mux.i_w_fifo                                                                      |                                                                          fifo_v3__parameterized4_216 |          6 |          6 |       0 |    0 |     3 |      0 |      0 |          0 |
|         gen_mux.i_w_spill_reg                                                                 |                                                                   spill_register__parameterized0_217 |         40 |         40 |       0 |    0 |   146 |      0 |      0 |          0 |
|           spill_register_flushable_i                                                          |                                                         spill_register_flushable__parameterized0_218 |         40 |         40 |       0 |    0 |   146 |      0 |      0 |          0 |
|       gen_mst_port_mux[1].i_axi_mux                                                           |                                                                                            axi_mux_2 |        124 |        124 |       0 |    0 |   292 |      0 |      0 |          0 |
|         (gen_mst_port_mux[1].i_axi_mux)                                                       |                                                                                            axi_mux_2 |          0 |          0 |       0 |    0 |     1 |      0 |      0 |          0 |
|         gen_mux.i_ar_arbiter                                                                  |                                                                      rr_arb_tree__parameterized2_197 |          1 |          1 |       0 |    0 |     4 |      0 |      0 |          0 |
|         gen_mux.i_ar_spill_reg                                                                |                                                                   spill_register__parameterized6_198 |         17 |         17 |       0 |    0 |    36 |      0 |      0 |          0 |
|           spill_register_flushable_i                                                          |                                                         spill_register_flushable__parameterized6_209 |         17 |         17 |       0 |    0 |    36 |      0 |      0 |          0 |
|         gen_mux.i_aw_arbiter                                                                  |                                                                      rr_arb_tree__parameterized1_199 |          4 |          4 |       0 |    0 |     4 |      0 |      0 |          0 |
|         gen_mux.i_aw_spill_reg                                                                |                                                                   spill_register__parameterized4_200 |         19 |         19 |       0 |    0 |    52 |      0 |      0 |          0 |
|           spill_register_flushable_i                                                          |                                                         spill_register_flushable__parameterized4_208 |         19 |         19 |       0 |    0 |    52 |      0 |      0 |          0 |
|         gen_mux.i_b_spill_reg                                                                 |                                                                   spill_register__parameterized5_201 |         16 |         16 |       0 |    0 |    16 |      0 |      0 |          0 |
|           spill_register_flushable_i                                                          |                                                         spill_register_flushable__parameterized5_207 |         16 |         16 |       0 |    0 |    16 |      0 |      0 |          0 |
|         gen_mux.i_r_spill_reg                                                                 |                                                                   spill_register__parameterized7_202 |         50 |         50 |       0 |    0 |   142 |      0 |      0 |          0 |
|           spill_register_flushable_i                                                          |                                                         spill_register_flushable__parameterized7_206 |         50 |         50 |       0 |    0 |   142 |      0 |      0 |          0 |
|         gen_mux.i_w_fifo                                                                      |                                                                          fifo_v3__parameterized4_203 |          4 |          4 |       0 |    0 |     3 |      0 |      0 |          0 |
|         gen_mux.i_w_spill_reg                                                                 |                                                                   spill_register__parameterized0_204 |         13 |         13 |       0 |    0 |    34 |      0 |      0 |          0 |
|           spill_register_flushable_i                                                          |                                                         spill_register_flushable__parameterized0_205 |         13 |         13 |       0 |    0 |    34 |      0 |      0 |          0 |
|       gen_mst_port_mux[2].i_axi_mux                                                           |                                                                                            axi_mux_3 |        173 |        173 |       0 |    0 |   414 |      0 |      0 |          0 |
|         (gen_mst_port_mux[2].i_axi_mux)                                                       |                                                                                            axi_mux_3 |          0 |          0 |       0 |    0 |     1 |      0 |      0 |          0 |
|         gen_mux.i_ar_arbiter                                                                  |                                                                      rr_arb_tree__parameterized2_184 |          5 |          5 |       0 |    0 |     4 |      0 |      0 |          0 |
|         gen_mux.i_ar_spill_reg                                                                |                                                                   spill_register__parameterized6_185 |         21 |         21 |       0 |    0 |    42 |      0 |      0 |          0 |
|           spill_register_flushable_i                                                          |                                                         spill_register_flushable__parameterized6_196 |         21 |         21 |       0 |    0 |    42 |      0 |      0 |          0 |
|         gen_mux.i_aw_arbiter                                                                  |                                                                      rr_arb_tree__parameterized1_186 |          8 |          8 |       0 |    0 |     4 |      0 |      0 |          0 |
|         gen_mux.i_aw_spill_reg                                                                |                                                                   spill_register__parameterized4_187 |         31 |         31 |       0 |    0 |    58 |      0 |      0 |          0 |
|           spill_register_flushable_i                                                          |                                                         spill_register_flushable__parameterized4_195 |         31 |         31 |       0 |    0 |    58 |      0 |      0 |          0 |
|         gen_mux.i_b_spill_reg                                                                 |                                                                   spill_register__parameterized5_188 |          6 |          6 |       0 |    0 |    12 |      0 |      0 |          0 |
|           spill_register_flushable_i                                                          |                                                         spill_register_flushable__parameterized5_194 |          6 |          6 |       0 |    0 |    12 |      0 |      0 |          0 |
|         gen_mux.i_r_spill_reg                                                                 |                                                                   spill_register__parameterized7_189 |         41 |         41 |       0 |    0 |   142 |      0 |      0 |          0 |
|           spill_register_flushable_i                                                          |                                                         spill_register_flushable__parameterized7_193 |         41 |         41 |       0 |    0 |   142 |      0 |      0 |          0 |
|         gen_mux.i_w_fifo                                                                      |                                                                          fifo_v3__parameterized4_190 |          7 |          7 |       0 |    0 |     3 |      0 |      0 |          0 |
|         gen_mux.i_w_spill_reg                                                                 |                                                                   spill_register__parameterized0_191 |         54 |         54 |       0 |    0 |   148 |      0 |      0 |          0 |
|           spill_register_flushable_i                                                          |                                                         spill_register_flushable__parameterized0_192 |         54 |         54 |       0 |    0 |   148 |      0 |      0 |          0 |
|       gen_mst_port_mux[3].i_axi_mux                                                           |                                                                                            axi_mux_4 |        274 |        274 |       0 |    0 |   202 |      0 |      0 |          0 |
|         (gen_mst_port_mux[3].i_axi_mux)                                                       |                                                                                            axi_mux_4 |          0 |          0 |       0 |    0 |     1 |      0 |      0 |          0 |
|         gen_mux.i_ar_arbiter                                                                  |                                                                      rr_arb_tree__parameterized2_171 |          1 |          1 |       0 |    0 |     4 |      0 |      0 |          0 |
|         gen_mux.i_ar_spill_reg                                                                |                                                                   spill_register__parameterized6_172 |         27 |         27 |       0 |    0 |    74 |      0 |      0 |          0 |
|           spill_register_flushable_i                                                          |                                                         spill_register_flushable__parameterized6_183 |         27 |         27 |       0 |    0 |    74 |      0 |      0 |          0 |
|         gen_mux.i_aw_arbiter                                                                  |                                                                      rr_arb_tree__parameterized1_173 |          4 |          4 |       0 |    0 |     4 |      0 |      0 |          0 |
|         gen_mux.i_aw_spill_reg                                                                |                                                                   spill_register__parameterized4_174 |         42 |         42 |       0 |    0 |    76 |      0 |      0 |          0 |
|           spill_register_flushable_i                                                          |                                                         spill_register_flushable__parameterized4_182 |         42 |         42 |       0 |    0 |    76 |      0 |      0 |          0 |
|         gen_mux.i_b_spill_reg                                                                 |                                                                   spill_register__parameterized5_175 |         62 |         62 |       0 |    0 |    12 |      0 |      0 |          0 |
|           spill_register_flushable_i                                                          |                                                         spill_register_flushable__parameterized5_181 |         62 |         62 |       0 |    0 |    12 |      0 |      0 |          0 |
|         gen_mux.i_r_spill_reg                                                                 |                                                                   spill_register__parameterized7_176 |         14 |         14 |       0 |    0 |    14 |      0 |      0 |          0 |
|           spill_register_flushable_i                                                          |                                                         spill_register_flushable__parameterized7_180 |         14 |         14 |       0 |    0 |    14 |      0 |      0 |          0 |
|         gen_mux.i_w_fifo                                                                      |                                                                          fifo_v3__parameterized4_177 |          5 |          5 |       0 |    0 |     3 |      0 |      0 |          0 |
|         gen_mux.i_w_spill_reg                                                                 |                                                                   spill_register__parameterized0_178 |        119 |        119 |       0 |    0 |    14 |      0 |      0 |          0 |
|           spill_register_flushable_i                                                          |                                                         spill_register_flushable__parameterized0_179 |        119 |        119 |       0 |    0 |    14 |      0 |      0 |          0 |
|       gen_mst_port_mux[4].i_axi_mux                                                           |                                                                                            axi_mux_5 |        237 |        237 |       0 |    0 |   226 |      0 |      0 |          0 |
|         (gen_mst_port_mux[4].i_axi_mux)                                                       |                                                                                            axi_mux_5 |          0 |          0 |       0 |    0 |     1 |      0 |      0 |          0 |
|         gen_mux.i_ar_arbiter                                                                  |                                                                      rr_arb_tree__parameterized2_158 |          1 |          1 |       0 |    0 |     4 |      0 |      0 |          0 |
|         gen_mux.i_ar_spill_reg                                                                |                                                                   spill_register__parameterized6_159 |         14 |         14 |       0 |    0 |    34 |      0 |      0 |          0 |
|           spill_register_flushable_i                                                          |                                                         spill_register_flushable__parameterized6_170 |         14 |         14 |       0 |    0 |    34 |      0 |      0 |          0 |
|         gen_mux.i_aw_arbiter                                                                  |                                                                      rr_arb_tree__parameterized1_160 |          1 |          1 |       0 |    0 |     4 |      0 |      0 |          0 |
|         gen_mux.i_aw_spill_reg                                                                |                                                                   spill_register__parameterized4_161 |         17 |         17 |       0 |    0 |    50 |      0 |      0 |          0 |
|           spill_register_flushable_i                                                          |                                                         spill_register_flushable__parameterized4_169 |         17 |         17 |       0 |    0 |    50 |      0 |      0 |          0 |
|         gen_mux.i_b_spill_reg                                                                 |                                                                   spill_register__parameterized5_162 |         23 |         23 |       0 |    0 |    16 |      0 |      0 |          0 |
|           spill_register_flushable_i                                                          |                                                         spill_register_flushable__parameterized5_168 |         23 |         23 |       0 |    0 |    16 |      0 |      0 |          0 |
|         gen_mux.i_r_spill_reg                                                                 |                                                                   spill_register__parameterized7_163 |        157 |        157 |       0 |    0 |    60 |      0 |      0 |          0 |
|           spill_register_flushable_i                                                          |                                                         spill_register_flushable__parameterized7_167 |        157 |        157 |       0 |    0 |    60 |      0 |      0 |          0 |
|         gen_mux.i_w_fifo                                                                      |                                                                          fifo_v3__parameterized4_164 |          6 |          6 |       0 |    0 |     3 |      0 |      0 |          0 |
|         gen_mux.i_w_spill_reg                                                                 |                                                                   spill_register__parameterized0_165 |         18 |         18 |       0 |    0 |    54 |      0 |      0 |          0 |
|           spill_register_flushable_i                                                          |                                                         spill_register_flushable__parameterized0_166 |         18 |         18 |       0 |    0 |    54 |      0 |      0 |          0 |
|       gen_mst_port_mux[5].i_axi_mux                                                           |                                                                                            axi_mux_6 |        111 |        111 |       0 |    0 |   382 |      0 |      0 |          0 |
|         (gen_mst_port_mux[5].i_axi_mux)                                                       |                                                                                            axi_mux_6 |          0 |          0 |       0 |    0 |     1 |      0 |      0 |          0 |
|         gen_mux.i_ar_arbiter                                                                  |                                                                      rr_arb_tree__parameterized2_145 |          1 |          1 |       0 |    0 |     4 |      0 |      0 |          0 |
|         gen_mux.i_ar_spill_reg                                                                |                                                                   spill_register__parameterized6_146 |         10 |         10 |       0 |    0 |    28 |      0 |      0 |          0 |
|           spill_register_flushable_i                                                          |                                                         spill_register_flushable__parameterized6_157 |         10 |         10 |       0 |    0 |    28 |      0 |      0 |          0 |
|         gen_mux.i_aw_arbiter                                                                  |                                                                      rr_arb_tree__parameterized1_147 |          1 |          1 |       0 |    0 |     4 |      0 |      0 |          0 |
|         gen_mux.i_aw_spill_reg                                                                |                                                                   spill_register__parameterized4_148 |         13 |         13 |       0 |    0 |    44 |      0 |      0 |          0 |
|           spill_register_flushable_i                                                          |                                                         spill_register_flushable__parameterized4_156 |         13 |         13 |       0 |    0 |    44 |      0 |      0 |          0 |
|         gen_mux.i_b_spill_reg                                                                 |                                                                   spill_register__parameterized5_149 |          6 |          6 |       0 |    0 |    12 |      0 |      0 |          0 |
|           spill_register_flushable_i                                                          |                                                         spill_register_flushable__parameterized5_155 |          6 |          6 |       0 |    0 |    12 |      0 |      0 |          0 |
|         gen_mux.i_r_spill_reg                                                                 |                                                                   spill_register__parameterized7_150 |         38 |         38 |       0 |    0 |   140 |      0 |      0 |          0 |
|           spill_register_flushable_i                                                          |                                                         spill_register_flushable__parameterized7_154 |         38 |         38 |       0 |    0 |   140 |      0 |      0 |          0 |
|         gen_mux.i_w_fifo                                                                      |                                                                          fifo_v3__parameterized4_151 |          5 |          5 |       0 |    0 |     3 |      0 |      0 |          0 |
|         gen_mux.i_w_spill_reg                                                                 |                                                                   spill_register__parameterized0_152 |         37 |         37 |       0 |    0 |   146 |      0 |      0 |          0 |
|           spill_register_flushable_i                                                          |                                                         spill_register_flushable__parameterized0_153 |         37 |         37 |       0 |    0 |   146 |      0 |      0 |          0 |
|       gen_mst_port_mux[6].i_axi_mux                                                           |                                                                                            axi_mux_7 |        108 |        108 |       0 |    0 |   190 |      0 |      0 |          0 |
|         (gen_mst_port_mux[6].i_axi_mux)                                                       |                                                                                            axi_mux_7 |          0 |          0 |       0 |    0 |     1 |      0 |      0 |          0 |
|         gen_mux.i_ar_arbiter                                                                  |                                                                      rr_arb_tree__parameterized2_132 |          1 |          1 |       0 |    0 |     4 |      0 |      0 |          0 |
|         gen_mux.i_ar_spill_reg                                                                |                                                                   spill_register__parameterized6_133 |          9 |          9 |       0 |    0 |    28 |      0 |      0 |          0 |
|           spill_register_flushable_i                                                          |                                                         spill_register_flushable__parameterized6_144 |          9 |          9 |       0 |    0 |    28 |      0 |      0 |          0 |
|         gen_mux.i_aw_arbiter                                                                  |                                                                      rr_arb_tree__parameterized1_134 |          1 |          1 |       0 |    0 |     4 |      0 |      0 |          0 |
|         gen_mux.i_aw_spill_reg                                                                |                                                                   spill_register__parameterized4_135 |         12 |         12 |       0 |    0 |    44 |      0 |      0 |          0 |
|           spill_register_flushable_i                                                          |                                                         spill_register_flushable__parameterized4_143 |         12 |         12 |       0 |    0 |    44 |      0 |      0 |          0 |
|         gen_mux.i_b_spill_reg                                                                 |                                                                   spill_register__parameterized5_136 |         15 |         15 |       0 |    0 |    12 |      0 |      0 |          0 |
|           spill_register_flushable_i                                                          |                                                         spill_register_flushable__parameterized5_142 |         15 |         15 |       0 |    0 |    12 |      0 |      0 |          0 |
|         gen_mux.i_r_spill_reg                                                                 |                                                                   spill_register__parameterized7_137 |         49 |         49 |       0 |    0 |    44 |      0 |      0 |          0 |
|           spill_register_flushable_i                                                          |                                                         spill_register_flushable__parameterized7_141 |         49 |         49 |       0 |    0 |    44 |      0 |      0 |          0 |
|         gen_mux.i_w_fifo                                                                      |                                                                          fifo_v3__parameterized4_138 |          8 |          8 |       0 |    0 |     3 |      0 |      0 |          0 |
|         gen_mux.i_w_spill_reg                                                                 |                                                                   spill_register__parameterized0_139 |         13 |         13 |       0 |    0 |    50 |      0 |      0 |          0 |
|           spill_register_flushable_i                                                          |                                                         spill_register_flushable__parameterized0_140 |         13 |         13 |       0 |    0 |    50 |      0 |      0 |          0 |
|       gen_mst_port_mux[7].i_axi_mux                                                           |                                                                                            axi_mux_8 |         65 |         65 |       0 |    0 |   190 |      0 |      0 |          0 |
|         (gen_mst_port_mux[7].i_axi_mux)                                                       |                                                                                            axi_mux_8 |          0 |          0 |       0 |    0 |     1 |      0 |      0 |          0 |
|         gen_mux.i_ar_arbiter                                                                  |                                                                      rr_arb_tree__parameterized2_119 |          1 |          1 |       0 |    0 |     4 |      0 |      0 |          0 |
|         gen_mux.i_ar_spill_reg                                                                |                                                                   spill_register__parameterized6_120 |         10 |         10 |       0 |    0 |    28 |      0 |      0 |          0 |
|           spill_register_flushable_i                                                          |                                                         spill_register_flushable__parameterized6_131 |         10 |         10 |       0 |    0 |    28 |      0 |      0 |          0 |
|         gen_mux.i_aw_arbiter                                                                  |                                                                      rr_arb_tree__parameterized1_121 |          1 |          1 |       0 |    0 |     4 |      0 |      0 |          0 |
|         gen_mux.i_aw_spill_reg                                                                |                                                                   spill_register__parameterized4_122 |         13 |         13 |       0 |    0 |    44 |      0 |      0 |          0 |
|           spill_register_flushable_i                                                          |                                                         spill_register_flushable__parameterized4_130 |         13 |         13 |       0 |    0 |    44 |      0 |      0 |          0 |
|         gen_mux.i_b_spill_reg                                                                 |                                                                   spill_register__parameterized5_123 |          6 |          6 |       0 |    0 |    12 |      0 |      0 |          0 |
|           spill_register_flushable_i                                                          |                                                         spill_register_flushable__parameterized5_129 |          6 |          6 |       0 |    0 |    12 |      0 |      0 |          0 |
|         gen_mux.i_r_spill_reg                                                                 |                                                                   spill_register__parameterized7_124 |         14 |         14 |       0 |    0 |    44 |      0 |      0 |          0 |
|           spill_register_flushable_i                                                          |                                                         spill_register_flushable__parameterized7_128 |         14 |         14 |       0 |    0 |    44 |      0 |      0 |          0 |
|         gen_mux.i_w_fifo                                                                      |                                                                          fifo_v3__parameterized4_125 |          7 |          7 |       0 |    0 |     3 |      0 |      0 |          0 |
|         gen_mux.i_w_spill_reg                                                                 |                                                                   spill_register__parameterized0_126 |         13 |         13 |       0 |    0 |    50 |      0 |      0 |          0 |
|           spill_register_flushable_i                                                          |                                                         spill_register_flushable__parameterized0_127 |         13 |         13 |       0 |    0 |    50 |      0 |      0 |          0 |
|       gen_mst_port_mux[8].i_axi_mux                                                           |                                                                                            axi_mux_9 |        153 |        153 |       0 |    0 |   490 |      0 |      0 |          0 |
|         (gen_mst_port_mux[8].i_axi_mux)                                                       |                                                                                            axi_mux_9 |          0 |          0 |       0 |    0 |     1 |      0 |      0 |          0 |
|         gen_mux.i_ar_arbiter                                                                  |                                                                      rr_arb_tree__parameterized2_106 |          5 |          5 |       0 |    0 |     4 |      0 |      0 |          0 |
|         gen_mux.i_ar_spill_reg                                                                |                                                                   spill_register__parameterized6_107 |         22 |         22 |       0 |    0 |    82 |      0 |      0 |          0 |
|           spill_register_flushable_i                                                          |                                                         spill_register_flushable__parameterized6_118 |         22 |         22 |       0 |    0 |    82 |      0 |      0 |          0 |
|         gen_mux.i_aw_arbiter                                                                  |                                                                      rr_arb_tree__parameterized1_108 |          8 |          8 |       0 |    0 |     4 |      0 |      0 |          0 |
|         gen_mux.i_aw_spill_reg                                                                |                                                                   spill_register__parameterized4_109 |         28 |         28 |       0 |    0 |    98 |      0 |      0 |          0 |
|           spill_register_flushable_i                                                          |                                                         spill_register_flushable__parameterized4_117 |         28 |         28 |       0 |    0 |    98 |      0 |      0 |          0 |
|         gen_mux.i_b_spill_reg                                                                 |                                                                   spill_register__parameterized5_110 |          9 |          9 |       0 |    0 |    12 |      0 |      0 |          0 |
|           spill_register_flushable_i                                                          |                                                         spill_register_flushable__parameterized5_116 |          9 |          9 |       0 |    0 |    12 |      0 |      0 |          0 |
|         gen_mux.i_r_spill_reg                                                                 |                                                                   spill_register__parameterized7_111 |         37 |         37 |       0 |    0 |   140 |      0 |      0 |          0 |
|           spill_register_flushable_i                                                          |                                                         spill_register_flushable__parameterized7_115 |         37 |         37 |       0 |    0 |   140 |      0 |      0 |          0 |
|         gen_mux.i_w_fifo                                                                      |                                                                          fifo_v3__parameterized4_112 |          7 |          7 |       0 |    0 |     3 |      0 |      0 |          0 |
|         gen_mux.i_w_spill_reg                                                                 |                                                                   spill_register__parameterized0_113 |         37 |         37 |       0 |    0 |   146 |      0 |      0 |          0 |
|           spill_register_flushable_i                                                          |                                                         spill_register_flushable__parameterized0_114 |         37 |         37 |       0 |    0 |   146 |      0 |      0 |          0 |
|       gen_mst_port_mux[9].i_axi_mux                                                           |                                                                                           axi_mux_10 |        207 |        207 |       0 |    0 |   390 |      0 |      0 |          0 |
|         (gen_mst_port_mux[9].i_axi_mux)                                                       |                                                                                           axi_mux_10 |          0 |          0 |       0 |    0 |     1 |      0 |      0 |          0 |
|         gen_mux.i_ar_arbiter                                                                  |                                                                          rr_arb_tree__parameterized2 |          1 |          1 |       0 |    0 |     4 |      0 |      0 |          0 |
|         gen_mux.i_ar_spill_reg                                                                |                                                                       spill_register__parameterized6 |         19 |         19 |       0 |    0 |    42 |      0 |      0 |          0 |
|           spill_register_flushable_i                                                          |                                                             spill_register_flushable__parameterized6 |         19 |         19 |       0 |    0 |    42 |      0 |      0 |          0 |
|         gen_mux.i_aw_arbiter                                                                  |                                                                          rr_arb_tree__parameterized1 |          4 |          4 |       0 |    0 |     4 |      0 |      0 |          0 |
|         gen_mux.i_aw_spill_reg                                                                |                                                                       spill_register__parameterized4 |         26 |         26 |       0 |    0 |    44 |      0 |      0 |          0 |
|           spill_register_flushable_i                                                          |                                                             spill_register_flushable__parameterized4 |         26 |         26 |       0 |    0 |    44 |      0 |      0 |          0 |
|         gen_mux.i_b_spill_reg                                                                 |                                                                       spill_register__parameterized5 |         22 |         22 |       0 |    0 |    12 |      0 |      0 |          0 |
|           spill_register_flushable_i                                                          |                                                             spill_register_flushable__parameterized5 |         22 |         22 |       0 |    0 |    12 |      0 |      0 |          0 |
|         gen_mux.i_r_spill_reg                                                                 |                                                                       spill_register__parameterized7 |         93 |         93 |       0 |    0 |   142 |      0 |      0 |          0 |
|           spill_register_flushable_i                                                          |                                                             spill_register_flushable__parameterized7 |         93 |         93 |       0 |    0 |   142 |      0 |      0 |          0 |
|         gen_mux.i_w_fifo                                                                      |                                                                              fifo_v3__parameterized4 |          4 |          4 |       0 |    0 |     3 |      0 |      0 |          0 |
|         gen_mux.i_w_spill_reg                                                                 |                                                                   spill_register__parameterized0_104 |         38 |         38 |       0 |    0 |   138 |      0 |      0 |          0 |
|           spill_register_flushable_i                                                          |                                                         spill_register_flushable__parameterized0_105 |         38 |         38 |       0 |    0 |   138 |      0 |      0 |          0 |
|       gen_slv_port_demux[0].i_axi_ar_decode                                                   |                                                                                          addr_decode |         15 |         15 |       0 |    0 |     0 |      0 |      0 |          0 |
|       gen_slv_port_demux[0].i_axi_aw_decode                                                   |                                                                                       addr_decode_11 |         16 |         16 |       0 |    0 |     0 |      0 |      0 |          0 |
|       gen_slv_port_demux[0].i_axi_demux                                                       |                                                                                            axi_demux |       1030 |       1030 |       0 |    0 |   663 |      0 |      0 |          0 |
|         (gen_slv_port_demux[0].i_axi_demux)                                                   |                                                                                            axi_demux |          1 |          1 |       0 |    0 |     2 |      0 |      0 |          0 |
|         gen_demux.gen_ar_id_counter.i_ar_id_counter                                           |                                                                             axi_demux_id_counters_57 |         58 |         58 |       0 |    0 |    96 |      0 |      0 |          0 |
|           (gen_demux.gen_ar_id_counter.i_ar_id_counter)                                       |                                                                             axi_demux_id_counters_57 |          0 |          0 |       0 |    0 |    64 |      0 |      0 |          0 |
|           gen_counters[0].i_in_flight_cnt                                                     |                                                                                     delta_counter_88 |          2 |          2 |       0 |    0 |     2 |      0 |      0 |          0 |
|           gen_counters[10].i_in_flight_cnt                                                    |                                                                                     delta_counter_89 |          3 |          3 |       0 |    0 |     2 |      0 |      0 |          0 |
|           gen_counters[11].i_in_flight_cnt                                                    |                                                                                     delta_counter_90 |          2 |          2 |       0 |    0 |     2 |      0 |      0 |          0 |
|           gen_counters[12].i_in_flight_cnt                                                    |                                                                                     delta_counter_91 |          2 |          2 |       0 |    0 |     2 |      0 |      0 |          0 |
|           gen_counters[13].i_in_flight_cnt                                                    |                                                                                     delta_counter_92 |          2 |          2 |       0 |    0 |     2 |      0 |      0 |          0 |
|           gen_counters[14].i_in_flight_cnt                                                    |                                                                                     delta_counter_93 |          2 |          2 |       0 |    0 |     2 |      0 |      0 |          0 |
|           gen_counters[15].i_in_flight_cnt                                                    |                                                                                     delta_counter_94 |         25 |         25 |       0 |    0 |     2 |      0 |      0 |          0 |
|           gen_counters[1].i_in_flight_cnt                                                     |                                                                                     delta_counter_95 |          2 |          2 |       0 |    0 |     2 |      0 |      0 |          0 |
|           gen_counters[2].i_in_flight_cnt                                                     |                                                                                     delta_counter_96 |          3 |          3 |       0 |    0 |     2 |      0 |      0 |          0 |
|           gen_counters[3].i_in_flight_cnt                                                     |                                                                                     delta_counter_97 |          2 |          2 |       0 |    0 |     2 |      0 |      0 |          0 |
|           gen_counters[4].i_in_flight_cnt                                                     |                                                                                     delta_counter_98 |          2 |          2 |       0 |    0 |     2 |      0 |      0 |          0 |
|           gen_counters[5].i_in_flight_cnt                                                     |                                                                                     delta_counter_99 |          3 |          3 |       0 |    0 |     2 |      0 |      0 |          0 |
|           gen_counters[6].i_in_flight_cnt                                                     |                                                                                    delta_counter_100 |          2 |          2 |       0 |    0 |     2 |      0 |      0 |          0 |
|           gen_counters[7].i_in_flight_cnt                                                     |                                                                                    delta_counter_101 |          2 |          2 |       0 |    0 |     2 |      0 |      0 |          0 |
|           gen_counters[8].i_in_flight_cnt                                                     |                                                                                    delta_counter_102 |          2 |          2 |       0 |    0 |     2 |      0 |      0 |          0 |
|           gen_counters[9].i_in_flight_cnt                                                     |                                                                                    delta_counter_103 |          2 |          2 |       0 |    0 |     2 |      0 |      0 |          0 |
|         gen_demux.gen_aw_id_counter.i_aw_id_counter                                           |                                                                             axi_demux_id_counters_58 |         23 |         23 |       0 |    0 |    96 |      0 |      0 |          0 |
|           (gen_demux.gen_aw_id_counter.i_aw_id_counter)                                       |                                                                             axi_demux_id_counters_58 |          8 |          8 |       0 |    0 |    64 |      0 |      0 |          0 |
|           gen_counters[0].i_in_flight_cnt                                                     |                                                                                     delta_counter_72 |          0 |          0 |       0 |    0 |     2 |      0 |      0 |          0 |
|           gen_counters[10].i_in_flight_cnt                                                    |                                                                                     delta_counter_73 |          0 |          0 |       0 |    0 |     2 |      0 |      0 |          0 |
|           gen_counters[11].i_in_flight_cnt                                                    |                                                                                     delta_counter_74 |          2 |          2 |       0 |    0 |     2 |      0 |      0 |          0 |
|           gen_counters[12].i_in_flight_cnt                                                    |                                                                                     delta_counter_75 |          0 |          0 |       0 |    0 |     2 |      0 |      0 |          0 |
|           gen_counters[13].i_in_flight_cnt                                                    |                                                                                     delta_counter_76 |          2 |          2 |       0 |    0 |     2 |      0 |      0 |          0 |
|           gen_counters[14].i_in_flight_cnt                                                    |                                                                                     delta_counter_77 |          0 |          0 |       0 |    0 |     2 |      0 |      0 |          0 |
|           gen_counters[15].i_in_flight_cnt                                                    |                                                                                     delta_counter_78 |          3 |          3 |       0 |    0 |     2 |      0 |      0 |          0 |
|           gen_counters[1].i_in_flight_cnt                                                     |                                                                                     delta_counter_79 |          1 |          1 |       0 |    0 |     2 |      0 |      0 |          0 |
|           gen_counters[2].i_in_flight_cnt                                                     |                                                                                     delta_counter_80 |          0 |          0 |       0 |    0 |     2 |      0 |      0 |          0 |
|           gen_counters[3].i_in_flight_cnt                                                     |                                                                                     delta_counter_81 |          2 |          2 |       0 |    0 |     2 |      0 |      0 |          0 |
|           gen_counters[4].i_in_flight_cnt                                                     |                                                                                     delta_counter_82 |          0 |          0 |       0 |    0 |     2 |      0 |      0 |          0 |
|           gen_counters[5].i_in_flight_cnt                                                     |                                                                                     delta_counter_83 |          2 |          2 |       0 |    0 |     2 |      0 |      0 |          0 |
|           gen_counters[6].i_in_flight_cnt                                                     |                                                                                     delta_counter_84 |          0 |          0 |       0 |    0 |     2 |      0 |      0 |          0 |
|           gen_counters[7].i_in_flight_cnt                                                     |                                                                                     delta_counter_85 |          2 |          2 |       0 |    0 |     2 |      0 |      0 |          0 |
|           gen_counters[8].i_in_flight_cnt                                                     |                                                                                     delta_counter_86 |          0 |          0 |       0 |    0 |     2 |      0 |      0 |          0 |
|           gen_counters[9].i_in_flight_cnt                                                     |                                                                                     delta_counter_87 |          1 |          1 |       0 |    0 |     2 |      0 |      0 |          0 |
|         gen_demux.i_ar_spill_reg                                                              |                                                                    spill_register__parameterized2_59 |        112 |        112 |       0 |    0 |    96 |      0 |      0 |          0 |
|           spill_register_flushable_i                                                          |                                                          spill_register_flushable__parameterized2_71 |        112 |        112 |       0 |    0 |    96 |      0 |      0 |          0 |
|         gen_demux.i_aw_spill_reg                                                              |                                                                                    spill_register_60 |        384 |        384 |       0 |    0 |   112 |      0 |      0 |          0 |
|           spill_register_flushable_i                                                          |                                                                          spill_register_flushable_70 |        384 |        384 |       0 |    0 |   112 |      0 |      0 |          0 |
|         gen_demux.i_b_mux                                                                     |                                                                                       rr_arb_tree_61 |         34 |         34 |       0 |    0 |     4 |      0 |      0 |          0 |
|         gen_demux.i_b_spill_reg                                                               |                                                                    spill_register__parameterized1_62 |         12 |         12 |       0 |    0 |     7 |      0 |      0 |          0 |
|           spill_register_flushable_i                                                          |                                                          spill_register_flushable__parameterized1_69 |         12 |         12 |       0 |    0 |     7 |      0 |      0 |          0 |
|         gen_demux.i_r_mux                                                                     |                                                                       rr_arb_tree__parameterized0_63 |        232 |        232 |       0 |    0 |    18 |      0 |      0 |          0 |
|         gen_demux.i_r_spill_reg                                                               |                                                                    spill_register__parameterized3_64 |        114 |        114 |       0 |    0 |   142 |      0 |      0 |          0 |
|           spill_register_flushable_i                                                          |                                                          spill_register_flushable__parameterized3_68 |        114 |        114 |       0 |    0 |   142 |      0 |      0 |          0 |
|         gen_demux.i_w_fifo                                                                    |                                                                                           fifo_v3_65 |         36 |         36 |       0 |    0 |     6 |      0 |      0 |          0 |
|         gen_demux.i_w_spill_reg                                                               |                                                                    spill_register__parameterized0_66 |         25 |         25 |       0 |    0 |    84 |      0 |      0 |          0 |
|           spill_register_flushable_i                                                          |                                                          spill_register_flushable__parameterized0_67 |         25 |         25 |       0 |    0 |    84 |      0 |      0 |          0 |
|       gen_slv_port_demux[0].i_axi_err_slv                                                     |                                                                                          axi_err_slv |        101 |        101 |       0 |    0 |    90 |      0 |      0 |          0 |
|         (gen_slv_port_demux[0].i_axi_err_slv)                                                 |                                                                                          axi_err_slv |          0 |          0 |       0 |    0 |     1 |      0 |      0 |          0 |
|         i_atop_filter                                                                         |                                                                                   axi_atop_filter_48 |         47 |         47 |       0 |    0 |    23 |      0 |      0 |          0 |
|           (i_atop_filter)                                                                     |                                                                                   axi_atop_filter_48 |         34 |         34 |       0 |    0 |    21 |      0 |      0 |          0 |
|           r_resp_cmd                                                                          |                                                                                   stream_register_54 |         13 |         13 |       0 |    0 |     2 |      0 |      0 |          0 |
|             i_fifo                                                                            |                                                                                           fifo_v2_55 |         13 |         13 |       0 |    0 |     2 |      0 |      0 |          0 |
|               i_fifo_v3                                                                       |                                                                           fifo_v3__parameterized0_56 |         13 |         13 |       0 |    0 |     2 |      0 |      0 |          0 |
|         i_b_fifo                                                                              |                                                                           fifo_v3__parameterized2_49 |          9 |          9 |       0 |    0 |    12 |      0 |      0 |          0 |
|         i_r_counter                                                                           |                                                                                           counter_50 |         10 |         10 |       0 |    0 |     8 |      0 |      0 |          0 |
|           i_counter                                                                           |                                                                     delta_counter__parameterized0_53 |         10 |         10 |       0 |    0 |     8 |      0 |      0 |          0 |
|         i_r_fifo                                                                              |                                                                           fifo_v3__parameterized3_51 |         17 |         17 |       0 |    0 |    23 |      0 |      0 |          0 |
|         i_w_fifo                                                                              |                                                                           fifo_v3__parameterized1_52 |         18 |         18 |       0 |    0 |    23 |      0 |      0 |          0 |
|       gen_slv_port_demux[1].i_axi_ar_decode                                                   |                                                                                       addr_decode_12 |        229 |        229 |       0 |    0 |     0 |      0 |      0 |          0 |
|       gen_slv_port_demux[1].i_axi_aw_decode                                                   |                                                                                       addr_decode_13 |        229 |        229 |       0 |    0 |     0 |      0 |      0 |          0 |
|       gen_slv_port_demux[1].i_axi_demux                                                       |                                                                                         axi_demux_14 |       1512 |       1512 |       0 |    0 |   584 |      0 |      0 |          0 |
|         (gen_slv_port_demux[1].i_axi_demux)                                                   |                                                                                         axi_demux_14 |          1 |          1 |       0 |    0 |     2 |      0 |      0 |          0 |
|         gen_demux.gen_ar_id_counter.i_ar_id_counter                                           |                                                                                axi_demux_id_counters |         19 |         19 |       0 |    0 |    36 |      0 |      0 |          0 |
|           (gen_demux.gen_ar_id_counter.i_ar_id_counter)                                       |                                                                                axi_demux_id_counters |          1 |          1 |       0 |    0 |     4 |      0 |      0 |          0 |
|           gen_counters[0].i_in_flight_cnt                                                     |                                                                                     delta_counter_32 |          2 |          2 |       0 |    0 |     2 |      0 |      0 |          0 |
|           gen_counters[10].i_in_flight_cnt                                                    |                                                                                     delta_counter_33 |          3 |          3 |       0 |    0 |     2 |      0 |      0 |          0 |
|           gen_counters[11].i_in_flight_cnt                                                    |                                                                                     delta_counter_34 |          0 |          0 |       0 |    0 |     2 |      0 |      0 |          0 |
|           gen_counters[12].i_in_flight_cnt                                                    |                                                                                     delta_counter_35 |          1 |          1 |       0 |    0 |     2 |      0 |      0 |          0 |
|           gen_counters[13].i_in_flight_cnt                                                    |                                                                                     delta_counter_36 |          1 |          1 |       0 |    0 |     2 |      0 |      0 |          0 |
|           gen_counters[14].i_in_flight_cnt                                                    |                                                                                     delta_counter_37 |          1 |          1 |       0 |    0 |     2 |      0 |      0 |          0 |
|           gen_counters[15].i_in_flight_cnt                                                    |                                                                                     delta_counter_38 |          0 |          0 |       0 |    0 |     2 |      0 |      0 |          0 |
|           gen_counters[1].i_in_flight_cnt                                                     |                                                                                     delta_counter_39 |          1 |          1 |       0 |    0 |     2 |      0 |      0 |          0 |
|           gen_counters[2].i_in_flight_cnt                                                     |                                                                                     delta_counter_40 |          2 |          2 |       0 |    0 |     2 |      0 |      0 |          0 |
|           gen_counters[3].i_in_flight_cnt                                                     |                                                                                     delta_counter_41 |          0 |          0 |       0 |    0 |     2 |      0 |      0 |          0 |
|           gen_counters[4].i_in_flight_cnt                                                     |                                                                                     delta_counter_42 |          1 |          1 |       0 |    0 |     2 |      0 |      0 |          0 |
|           gen_counters[5].i_in_flight_cnt                                                     |                                                                                     delta_counter_43 |          3 |          3 |       0 |    0 |     2 |      0 |      0 |          0 |
|           gen_counters[6].i_in_flight_cnt                                                     |                                                                                     delta_counter_44 |          1 |          1 |       0 |    0 |     2 |      0 |      0 |          0 |
|           gen_counters[7].i_in_flight_cnt                                                     |                                                                                     delta_counter_45 |          0 |          0 |       0 |    0 |     2 |      0 |      0 |          0 |
|           gen_counters[8].i_in_flight_cnt                                                     |                                                                                     delta_counter_46 |          1 |          1 |       0 |    0 |     2 |      0 |      0 |          0 |
|           gen_counters[9].i_in_flight_cnt                                                     |                                                                                     delta_counter_47 |          1 |          1 |       0 |    0 |     2 |      0 |      0 |          0 |
|         gen_demux.gen_aw_id_counter.i_aw_id_counter                                           |                                                                             axi_demux_id_counters_16 |         31 |         31 |       0 |    0 |    36 |      0 |      0 |          0 |
|           (gen_demux.gen_aw_id_counter.i_aw_id_counter)                                       |                                                                             axi_demux_id_counters_16 |         20 |         20 |       0 |    0 |     4 |      0 |      0 |          0 |
|           gen_counters[0].i_in_flight_cnt                                                     |                                                                                        delta_counter |          1 |          1 |       0 |    0 |     2 |      0 |      0 |          0 |
|           gen_counters[10].i_in_flight_cnt                                                    |                                                                                     delta_counter_17 |          0 |          0 |       0 |    0 |     2 |      0 |      0 |          0 |
|           gen_counters[11].i_in_flight_cnt                                                    |                                                                                     delta_counter_18 |          1 |          1 |       0 |    0 |     2 |      0 |      0 |          0 |
|           gen_counters[12].i_in_flight_cnt                                                    |                                                                                     delta_counter_19 |          0 |          0 |       0 |    0 |     2 |      0 |      0 |          0 |
|           gen_counters[13].i_in_flight_cnt                                                    |                                                                                     delta_counter_20 |          2 |          2 |       0 |    0 |     2 |      0 |      0 |          0 |
|           gen_counters[14].i_in_flight_cnt                                                    |                                                                                     delta_counter_21 |          0 |          0 |       0 |    0 |     2 |      0 |      0 |          0 |
|           gen_counters[15].i_in_flight_cnt                                                    |                                                                                     delta_counter_22 |          1 |          1 |       0 |    0 |     2 |      0 |      0 |          0 |
|           gen_counters[1].i_in_flight_cnt                                                     |                                                                                     delta_counter_23 |          1 |          1 |       0 |    0 |     2 |      0 |      0 |          0 |
|           gen_counters[2].i_in_flight_cnt                                                     |                                                                                     delta_counter_24 |          0 |          0 |       0 |    0 |     2 |      0 |      0 |          0 |
|           gen_counters[3].i_in_flight_cnt                                                     |                                                                                     delta_counter_25 |          1 |          1 |       0 |    0 |     2 |      0 |      0 |          0 |
|           gen_counters[4].i_in_flight_cnt                                                     |                                                                                     delta_counter_26 |          0 |          0 |       0 |    0 |     2 |      0 |      0 |          0 |
|           gen_counters[5].i_in_flight_cnt                                                     |                                                                                     delta_counter_27 |          2 |          2 |       0 |    0 |     2 |      0 |      0 |          0 |
|           gen_counters[6].i_in_flight_cnt                                                     |                                                                                     delta_counter_28 |          0 |          0 |       0 |    0 |     2 |      0 |      0 |          0 |
|           gen_counters[7].i_in_flight_cnt                                                     |                                                                                     delta_counter_29 |          1 |          1 |       0 |    0 |     2 |      0 |      0 |          0 |
|           gen_counters[8].i_in_flight_cnt                                                     |                                                                                     delta_counter_30 |          0 |          0 |       0 |    0 |     2 |      0 |      0 |          0 |
|           gen_counters[9].i_in_flight_cnt                                                     |                                                                                     delta_counter_31 |          1 |          1 |       0 |    0 |     2 |      0 |      0 |          0 |
|         gen_demux.i_ar_spill_reg                                                              |                                                                       spill_register__parameterized2 |        340 |        340 |       0 |    0 |    84 |      0 |      0 |          0 |
|           spill_register_flushable_i                                                          |                                                             spill_register_flushable__parameterized2 |        340 |        340 |       0 |    0 |    84 |      0 |      0 |          0 |
|         gen_demux.i_aw_spill_reg                                                              |                                                                                       spill_register |        180 |        180 |       0 |    0 |   100 |      0 |      0 |          0 |
|           spill_register_flushable_i                                                          |                                                                             spill_register_flushable |        180 |        180 |       0 |    0 |   100 |      0 |      0 |          0 |
|         gen_demux.i_b_mux                                                                     |                                                                                          rr_arb_tree |         88 |         88 |       0 |    0 |    18 |      0 |      0 |          0 |
|         gen_demux.i_b_spill_reg                                                               |                                                                       spill_register__parameterized1 |          4 |          4 |       0 |    0 |     2 |      0 |      0 |          0 |
|           spill_register_flushable_i                                                          |                                                             spill_register_flushable__parameterized1 |          4 |          4 |       0 |    0 |     2 |      0 |      0 |          0 |
|         gen_demux.i_r_mux                                                                     |                                                                          rr_arb_tree__parameterized0 |        257 |        257 |       0 |    0 |    18 |      0 |      0 |          0 |
|         gen_demux.i_r_spill_reg                                                               |                                                                       spill_register__parameterized3 |         38 |         38 |       0 |    0 |   132 |      0 |      0 |          0 |
|           spill_register_flushable_i                                                          |                                                             spill_register_flushable__parameterized3 |         38 |         38 |       0 |    0 |   132 |      0 |      0 |          0 |
|         gen_demux.i_w_fifo                                                                    |                                                                                              fifo_v3 |          6 |          6 |       0 |    0 |     2 |      0 |      0 |          0 |
|         gen_demux.i_w_spill_reg                                                               |                                                                       spill_register__parameterized0 |        548 |        548 |       0 |    0 |   154 |      0 |      0 |          0 |
|           spill_register_flushable_i                                                          |                                                             spill_register_flushable__parameterized0 |        548 |        548 |       0 |    0 |   154 |      0 |      0 |          0 |
|       gen_slv_port_demux[1].i_axi_err_slv                                                     |                                                                                       axi_err_slv_15 |         62 |         62 |       0 |    0 |    36 |      0 |      0 |          0 |
|         (gen_slv_port_demux[1].i_axi_err_slv)                                                 |                                                                                       axi_err_slv_15 |          0 |          0 |       0 |    0 |     1 |      0 |      0 |          0 |
|         i_atop_filter                                                                         |                                                                                      axi_atop_filter |         38 |         38 |       0 |    0 |    19 |      0 |      0 |          0 |
|           (i_atop_filter)                                                                     |                                                                                      axi_atop_filter |         27 |         27 |       0 |    0 |    17 |      0 |      0 |          0 |
|           r_resp_cmd                                                                          |                                                                                      stream_register |         11 |         11 |       0 |    0 |     2 |      0 |      0 |          0 |
|             i_fifo                                                                            |                                                                                              fifo_v2 |         11 |         11 |       0 |    0 |     2 |      0 |      0 |          0 |
|               i_fifo_v3                                                                       |                                                                              fifo_v3__parameterized0 |         11 |         11 |       0 |    0 |     2 |      0 |      0 |          0 |
|         i_b_fifo                                                                              |                                                                              fifo_v3__parameterized2 |          3 |          3 |       0 |    0 |     2 |      0 |      0 |          0 |
|         i_r_counter                                                                           |                                                                                              counter |         12 |         12 |       0 |    0 |     8 |      0 |      0 |          0 |
|           i_counter                                                                           |                                                                        delta_counter__parameterized0 |         12 |         12 |       0 |    0 |     8 |      0 |      0 |          0 |
|         i_r_fifo                                                                              |                                                                              fifo_v3__parameterized3 |          5 |          5 |       0 |    0 |     3 |      0 |      0 |          0 |
|         i_w_fifo                                                                              |                                                                              fifo_v3__parameterized1 |          4 |          4 |       0 |    0 |     3 |      0 |      0 |          0 |
|   i_bootrom                                                                                   |                                                                                           bootrom_32 |         65 |         65 |       0 |    0 |     9 |      4 |      0 |          0 |
|   i_clint                                                                                     |                                                                                                clint |        307 |        307 |       0 |    0 |   155 |      0 |      0 |          0 |
|     (i_clint)                                                                                 |                                                                                                clint |        160 |        160 |       0 |    0 |   129 |      0 |      0 |          0 |
|     axi_lite_interface_i                                                                      |                                                                                   axi_lite_interface |        147 |        147 |       0 |    0 |    23 |      0 |      0 |          0 |
|     i_sync_edge                                                                               |                                                                                     clint_sync_wedge |          0 |          0 |       0 |    0 |     3 |      0 |      0 |          0 |
|       (i_sync_edge)                                                                           |                                                                                     clint_sync_wedge |          0 |          0 |       0 |    0 |     1 |      0 |      0 |          0 |
|       i_sync                                                                                  |                                                                                           clint_sync |          0 |          0 |       0 |    0 |     2 |      0 |      0 |          0 |
|   i_ddr                                                                                       |                                                                                      xlnx_mig_7_ddr3 |      10413 |       9200 |     852 |  361 |  8538 |      1 |      0 |          0 |
|     (i_ddr)                                                                                   |                                                                                      xlnx_mig_7_ddr3 |         58 |          0 |      58 |    0 |     0 |      0 |      0 |          0 |
|     u_xlnx_mig_7_ddr3_mig                                                                     |                                                                                  xlnx_mig_7_ddr3_mig |      10355 |       9200 |     794 |  361 |  8538 |      1 |      0 |          0 |
|       temp_mon_enabled.u_tempmon                                                              |                                                             xlnx_mig_7_ddr3_mig_7series_v4_2_tempmon |         39 |         39 |       0 |    0 |   122 |      0 |      0 |          0 |
|       u_ddr3_clk_ibuf                                                                         |                                                            xlnx_mig_7_ddr3_mig_7series_v4_2_clk_ibuf |          0 |          0 |       0 |    0 |     0 |      0 |      0 |          0 |
|       u_ddr3_infrastructure                                                                   |                                                      xlnx_mig_7_ddr3_mig_7series_v4_2_infrastructure |         22 |         22 |       0 |    0 |    65 |      0 |      0 |          0 |
|       u_iodelay_ctrl                                                                          |                                                        xlnx_mig_7_ddr3_mig_7series_v4_2_iodelay_ctrl |          1 |          1 |       0 |    0 |    29 |      0 |      0 |          0 |
|       u_memc_ui_top_axi                                                                       |                                                     xlnx_mig_7_ddr3_mig_7series_v4_2_memc_ui_top_axi |      10295 |       9140 |     794 |  361 |  8322 |      1 |      0 |          0 |
|         (u_memc_ui_top_axi)                                                                   |                                                     xlnx_mig_7_ddr3_mig_7series_v4_2_memc_ui_top_axi |          0 |          0 |       0 |    0 |     2 |      0 |      0 |          0 |
|         mem_intfc0                                                                            |                                                           xlnx_mig_7_ddr3_mig_7series_v4_2_mem_intfc |       7002 |       6564 |     418 |   20 |  4779 |      1 |      0 |          0 |
|           ddr_phy_top0                                                                        |                                                         xlnx_mig_7_ddr3_mig_7series_v4_2_ddr_phy_top |       6348 |       5919 |     410 |   19 |  4224 |      1 |      0 |          0 |
|             u_ddr_calib_top                                                                   |                                                       xlnx_mig_7_ddr3_mig_7series_v4_2_ddr_calib_top |       4939 |       4923 |       0 |   16 |  3569 |      1 |      0 |          0 |
|               (u_ddr_calib_top)                                                               |                                                       xlnx_mig_7_ddr3_mig_7series_v4_2_ddr_calib_top |         74 |         73 |       0 |    1 |    39 |      0 |      0 |          0 |
|               ddr_phy_prbs_rdlvl_gen.u_ddr_phy_prbs_rdlvl                                     |                                                  xlnx_mig_7_ddr3_mig_7series_v4_2_ddr_phy_prbs_rdlvl |        982 |        982 |       0 |    0 |   730 |      1 |      0 |          0 |
|               ddr_phy_rdlvl_gen.u_ddr_phy_rdlvl                                               |                                                       xlnx_mig_7_ddr3_mig_7series_v4_2_ddr_phy_rdlvl |        579 |        579 |       0 |    0 |   908 |      0 |      0 |          0 |
|               ddr_phy_tempmon_0                                                               |                                                     xlnx_mig_7_ddr3_mig_7series_v4_2_ddr_phy_tempmon |        262 |        262 |       0 |    0 |   229 |      0 |      0 |          0 |
|               dqsfind_calib_right.u_ddr_phy_dqs_found_cal                                     |                                               xlnx_mig_7_ddr3_mig_7series_v4_2_ddr_phy_dqs_found_cal |        177 |        176 |       0 |    1 |   132 |      0 |      0 |          0 |
|               mb_wrlvl_inst.u_ddr_phy_ck_addr_cmd_delay                                       |                                           xlnx_mig_7_ddr3_mig_7series_v4_2_ddr_phy_ck_addr_cmd_delay |         39 |         38 |       0 |    1 |    26 |      0 |      0 |          0 |
|               mb_wrlvl_inst.u_ddr_phy_wrlvl                                                   |                                                       xlnx_mig_7_ddr3_mig_7series_v4_2_ddr_phy_wrlvl |        358 |        357 |       0 |    1 |   255 |      0 |      0 |          0 |
|               oclk_calib.u_ddr_phy_oclkdelay_cal                                              |                                               xlnx_mig_7_ddr3_mig_7series_v4_2_ddr_phy_oclkdelay_cal |        796 |        794 |       0 |    2 |   522 |      0 |      0 |          0 |
|                 u_ocd_cntlr                                                                   |                                                   xlnx_mig_7_ddr3_mig_7series_v4_2_ddr_phy_ocd_cntlr |         34 |         34 |       0 |    0 |    14 |      0 |      0 |          0 |
|                 u_ocd_data                                                                    |                                                    xlnx_mig_7_ddr3_mig_7series_v4_2_ddr_phy_ocd_data |         27 |         27 |       0 |    0 |    64 |      0 |      0 |          0 |
|                 u_ocd_edge                                                                    |                                                    xlnx_mig_7_ddr3_mig_7series_v4_2_ddr_phy_ocd_edge |         42 |         42 |       0 |    0 |    32 |      0 |      0 |          0 |
|                 u_ocd_lim                                                                     |                                                     xlnx_mig_7_ddr3_mig_7series_v4_2_ddr_phy_ocd_lim |        204 |        204 |       0 |    0 |    98 |      0 |      0 |          0 |
|                 u_ocd_mux                                                                     |                                                     xlnx_mig_7_ddr3_mig_7series_v4_2_ddr_phy_ocd_mux |         14 |         14 |       0 |    0 |    10 |      0 |      0 |          0 |
|                 u_ocd_po_cntlr                                                                |                                                xlnx_mig_7_ddr3_mig_7series_v4_2_ddr_phy_ocd_po_cntlr |        151 |        151 |       0 |    0 |    94 |      0 |      0 |          0 |
|                 u_ocd_samp                                                                    |                                                    xlnx_mig_7_ddr3_mig_7series_v4_2_ddr_phy_ocd_samp |         79 |         79 |       0 |    0 |    48 |      0 |      0 |          0 |
|                 u_poc                                                                         |                                                             xlnx_mig_7_ddr3_mig_7series_v4_2_poc_top |        247 |        245 |       0 |    2 |   162 |      0 |      0 |          0 |
|                   u_edge_center                                                               |                                                      xlnx_mig_7_ddr3_mig_7series_v4_2_poc_edge_store |          8 |          8 |       0 |    0 |    12 |      0 |      0 |          0 |
|                   u_edge_left                                                                 |                                                   xlnx_mig_7_ddr3_mig_7series_v4_2_poc_edge_store_97 |         32 |         32 |       0 |    0 |    12 |      0 |      0 |          0 |
|                   u_edge_right                                                                |                                                   xlnx_mig_7_ddr3_mig_7series_v4_2_poc_edge_store_98 |         16 |         16 |       0 |    0 |    12 |      0 |      0 |          0 |
|                   u_poc_meta                                                                  |                                                            xlnx_mig_7_ddr3_mig_7series_v4_2_poc_meta |         83 |         81 |       0 |    2 |    63 |      0 |      0 |          0 |
|                   u_poc_tap_base                                                              |                                                        xlnx_mig_7_ddr3_mig_7series_v4_2_poc_tap_base |        108 |        108 |       0 |    0 |    63 |      0 |      0 |          0 |
|               u_ddr_phy_init                                                                  |                                                        xlnx_mig_7_ddr3_mig_7series_v4_2_ddr_phy_init |       1358 |       1353 |       0 |    5 |   388 |      0 |      0 |          0 |
|               u_ddr_phy_wrcal                                                                 |                                                       xlnx_mig_7_ddr3_mig_7series_v4_2_ddr_phy_wrcal |        175 |        170 |       0 |    5 |   307 |      0 |      0 |          0 |
|               u_ddr_prbs_gen                                                                  |                                                        xlnx_mig_7_ddr3_mig_7series_v4_2_ddr_prbs_gen |        140 |        140 |       0 |    0 |    33 |      0 |      0 |          0 |
|             u_ddr_mc_phy_wrapper                                                              |                                                  xlnx_mig_7_ddr3_mig_7series_v4_2_ddr_mc_phy_wrapper |       1417 |       1004 |     410 |    3 |   655 |      0 |      0 |          0 |
|               (u_ddr_mc_phy_wrapper)                                                          |                                                  xlnx_mig_7_ddr3_mig_7series_v4_2_ddr_mc_phy_wrapper |         55 |         55 |       0 |    0 |    55 |      0 |      0 |          0 |
|               gen_dqs_iobuf_HP.gen_dqs_iobuf[0].gen_dqs_diff.u_iddr_edge_det                  |                                                              xlnx_mig_7_ddr3_mig_7series_v4_2_poc_pd |          0 |          0 |       0 |    0 |     2 |      0 |      0 |          0 |
|               gen_dqs_iobuf_HP.gen_dqs_iobuf[1].gen_dqs_diff.u_iddr_edge_det                  |                                                           xlnx_mig_7_ddr3_mig_7series_v4_2_poc_pd_81 |          0 |          0 |       0 |    0 |     2 |      0 |      0 |          0 |
|               gen_dqs_iobuf_HP.gen_dqs_iobuf[2].gen_dqs_diff.u_iddr_edge_det                  |                                                           xlnx_mig_7_ddr3_mig_7series_v4_2_poc_pd_82 |          0 |          0 |       0 |    0 |     2 |      0 |      0 |          0 |
|               gen_dqs_iobuf_HP.gen_dqs_iobuf[3].gen_dqs_diff.u_iddr_edge_det                  |                                                           xlnx_mig_7_ddr3_mig_7series_v4_2_poc_pd_83 |          1 |          1 |       0 |    0 |     2 |      0 |      0 |          0 |
|               u_ddr_mc_phy                                                                    |                                                          xlnx_mig_7_ddr3_mig_7series_v4_2_ddr_mc_phy |       1361 |        948 |     410 |    3 |   592 |      0 |      0 |          0 |
|                 (u_ddr_mc_phy)                                                                |                                                          xlnx_mig_7_ddr3_mig_7series_v4_2_ddr_mc_phy |          3 |          3 |       0 |    0 |    16 |      0 |      0 |          0 |
|                 ddr_phy_4lanes_0.u_ddr_phy_4lanes                                             |                                                      xlnx_mig_7_ddr3_mig_7series_v4_2_ddr_phy_4lanes |       1242 |        866 |     374 |    2 |   485 |      0 |      0 |          0 |
|                   (ddr_phy_4lanes_0.u_ddr_phy_4lanes)                                         |                                                      xlnx_mig_7_ddr3_mig_7series_v4_2_ddr_phy_4lanes |         11 |         10 |       0 |    1 |    20 |      0 |      0 |          0 |
|                   ddr_byte_lane_A.ddr_byte_lane_A                                             |                                                       xlnx_mig_7_ddr3_mig_7series_v4_2_ddr_byte_lane |        493 |        401 |      92 |    0 |   116 |      0 |      0 |          0 |
|                     (ddr_byte_lane_A.ddr_byte_lane_A)                                         |                                                       xlnx_mig_7_ddr3_mig_7series_v4_2_ddr_byte_lane |          0 |          0 |       0 |    0 |    69 |      0 |      0 |          0 |
|                     ddr_byte_group_io                                                         |                                                   xlnx_mig_7_ddr3_mig_7series_v4_2_ddr_byte_group_io |          1 |          1 |       0 |    0 |     9 |      0 |      0 |          0 |
|                     dq_gen_40.if_post_fifo_gen.u_ddr_if_post_fifo                             |                                                 xlnx_mig_7_ddr3_mig_7series_v4_2_ddr_if_post_fifo_95 |        416 |        372 |      44 |    0 |    14 |      0 |      0 |          0 |
|                     of_pre_fifo_gen.u_ddr_of_pre_fifo                                         |                                  xlnx_mig_7_ddr3_mig_7series_v4_2_ddr_of_pre_fifo__parameterized1_96 |         76 |         28 |      48 |    0 |    24 |      0 |      0 |          0 |
|                   ddr_byte_lane_B.ddr_byte_lane_B                                             |                                       xlnx_mig_7_ddr3_mig_7series_v4_2_ddr_byte_lane__parameterized0 |        254 |        160 |      94 |    0 |   116 |      0 |      0 |          0 |
|                     (ddr_byte_lane_B.ddr_byte_lane_B)                                         |                                       xlnx_mig_7_ddr3_mig_7series_v4_2_ddr_byte_lane__parameterized0 |         15 |         15 |       0 |    0 |    69 |      0 |      0 |          0 |
|                     ddr_byte_group_io                                                         |                                xlnx_mig_7_ddr3_mig_7series_v4_2_ddr_byte_group_io__parameterized0_92 |          1 |          1 |       0 |    0 |     9 |      0 |      0 |          0 |
|                     dq_gen_40.if_post_fifo_gen.u_ddr_if_post_fifo                             |                                                 xlnx_mig_7_ddr3_mig_7series_v4_2_ddr_if_post_fifo_93 |        160 |        116 |      44 |    0 |    14 |      0 |      0 |          0 |
|                     of_pre_fifo_gen.u_ddr_of_pre_fifo                                         |                                  xlnx_mig_7_ddr3_mig_7series_v4_2_ddr_of_pre_fifo__parameterized1_94 |         78 |         28 |      50 |    0 |    24 |      0 |      0 |          0 |
|                   ddr_byte_lane_C.ddr_byte_lane_C                                             |                                       xlnx_mig_7_ddr3_mig_7series_v4_2_ddr_byte_lane__parameterized1 |        239 |        145 |      94 |    0 |   116 |      0 |      0 |          0 |
|                     (ddr_byte_lane_C.ddr_byte_lane_C)                                         |                                       xlnx_mig_7_ddr3_mig_7series_v4_2_ddr_byte_lane__parameterized1 |          0 |          0 |       0 |    0 |    69 |      0 |      0 |          0 |
|                     ddr_byte_group_io                                                         |                                xlnx_mig_7_ddr3_mig_7series_v4_2_ddr_byte_group_io__parameterized0_89 |          1 |          1 |       0 |    0 |     9 |      0 |      0 |          0 |
|                     dq_gen_40.if_post_fifo_gen.u_ddr_if_post_fifo                             |                                                 xlnx_mig_7_ddr3_mig_7series_v4_2_ddr_if_post_fifo_90 |        160 |        116 |      44 |    0 |    14 |      0 |      0 |          0 |
|                     of_pre_fifo_gen.u_ddr_of_pre_fifo                                         |                                  xlnx_mig_7_ddr3_mig_7series_v4_2_ddr_of_pre_fifo__parameterized1_91 |         78 |         28 |      50 |    0 |    24 |      0 |      0 |          0 |
|                   ddr_byte_lane_D.ddr_byte_lane_D                                             |                                       xlnx_mig_7_ddr3_mig_7series_v4_2_ddr_byte_lane__parameterized2 |        245 |        150 |      94 |    1 |   117 |      0 |      0 |          0 |
|                     (ddr_byte_lane_D.ddr_byte_lane_D)                                         |                                       xlnx_mig_7_ddr3_mig_7series_v4_2_ddr_byte_lane__parameterized2 |          1 |          1 |       0 |    0 |    69 |      0 |      0 |          0 |
|                     ddr_byte_group_io                                                         |                                   xlnx_mig_7_ddr3_mig_7series_v4_2_ddr_byte_group_io__parameterized0 |          2 |          1 |       0 |    1 |    10 |      0 |      0 |          0 |
|                     dq_gen_40.if_post_fifo_gen.u_ddr_if_post_fifo                             |                                                    xlnx_mig_7_ddr3_mig_7series_v4_2_ddr_if_post_fifo |        164 |        120 |      44 |    0 |    14 |      0 |      0 |          0 |
|                     of_pre_fifo_gen.u_ddr_of_pre_fifo                                         |                                  xlnx_mig_7_ddr3_mig_7series_v4_2_ddr_of_pre_fifo__parameterized1_88 |         78 |         28 |      50 |    0 |    24 |      0 |      0 |          0 |
|                 ddr_phy_4lanes_1.u_ddr_phy_4lanes                                             |                                      xlnx_mig_7_ddr3_mig_7series_v4_2_ddr_phy_4lanes__parameterized0 |        116 |         79 |      36 |    1 |    91 |      0 |      0 |          0 |
|                   (ddr_phy_4lanes_1.u_ddr_phy_4lanes)                                         |                                      xlnx_mig_7_ddr3_mig_7series_v4_2_ddr_phy_4lanes__parameterized0 |         10 |          9 |       0 |    1 |    14 |      0 |      0 |          0 |
|                   ddr_byte_lane_A.ddr_byte_lane_A                                             |                                       xlnx_mig_7_ddr3_mig_7series_v4_2_ddr_byte_lane__parameterized3 |         15 |         15 |       0 |    0 |    19 |      0 |      0 |          0 |
|                     (ddr_byte_lane_A.ddr_byte_lane_A)                                         |                                       xlnx_mig_7_ddr3_mig_7series_v4_2_ddr_byte_lane__parameterized3 |          0 |          0 |       0 |    0 |     0 |      0 |      0 |          0 |
|                     ddr_byte_group_io                                                         |                                   xlnx_mig_7_ddr3_mig_7series_v4_2_ddr_byte_group_io__parameterized1 |          0 |          0 |       0 |    0 |     0 |      0 |      0 |          0 |
|                     of_pre_fifo_gen.u_ddr_of_pre_fifo                                         |                                  xlnx_mig_7_ddr3_mig_7series_v4_2_ddr_of_pre_fifo__parameterized1_87 |         15 |         15 |       0 |    0 |    19 |      0 |      0 |          0 |
|                   ddr_byte_lane_B.ddr_byte_lane_B                                             |                                       xlnx_mig_7_ddr3_mig_7series_v4_2_ddr_byte_lane__parameterized4 |         23 |         23 |       0 |    0 |    20 |      0 |      0 |          0 |
|                     (ddr_byte_lane_B.ddr_byte_lane_B)                                         |                                       xlnx_mig_7_ddr3_mig_7series_v4_2_ddr_byte_lane__parameterized4 |          9 |          9 |       0 |    0 |     1 |      0 |      0 |          0 |
|                     ddr_byte_group_io                                                         |                                   xlnx_mig_7_ddr3_mig_7series_v4_2_ddr_byte_group_io__parameterized2 |          0 |          0 |       0 |    0 |     0 |      0 |      0 |          0 |
|                     of_pre_fifo_gen.u_ddr_of_pre_fifo                                         |                                  xlnx_mig_7_ddr3_mig_7series_v4_2_ddr_of_pre_fifo__parameterized1_86 |         14 |         14 |       0 |    0 |    19 |      0 |      0 |          0 |
|                   ddr_byte_lane_C.ddr_byte_lane_C                                             |                                       xlnx_mig_7_ddr3_mig_7series_v4_2_ddr_byte_lane__parameterized5 |         14 |         14 |       0 |    0 |    19 |      0 |      0 |          0 |
|                     (ddr_byte_lane_C.ddr_byte_lane_C)                                         |                                       xlnx_mig_7_ddr3_mig_7series_v4_2_ddr_byte_lane__parameterized5 |          0 |          0 |       0 |    0 |     0 |      0 |      0 |          0 |
|                     ddr_byte_group_io                                                         |                                   xlnx_mig_7_ddr3_mig_7series_v4_2_ddr_byte_group_io__parameterized3 |          0 |          0 |       0 |    0 |     0 |      0 |      0 |          0 |
|                     of_pre_fifo_gen.u_ddr_of_pre_fifo                                         |                                  xlnx_mig_7_ddr3_mig_7series_v4_2_ddr_of_pre_fifo__parameterized1_85 |         14 |         14 |       0 |    0 |    19 |      0 |      0 |          0 |
|                   ddr_byte_lane_D.ddr_byte_lane_D                                             |                                       xlnx_mig_7_ddr3_mig_7series_v4_2_ddr_byte_lane__parameterized6 |         54 |         18 |      36 |    0 |    19 |      0 |      0 |          0 |
|                     (ddr_byte_lane_D.ddr_byte_lane_D)                                         |                                       xlnx_mig_7_ddr3_mig_7series_v4_2_ddr_byte_lane__parameterized6 |          1 |          1 |       0 |    0 |     0 |      0 |      0 |          0 |
|                     ddr_byte_group_io                                                         |                                   xlnx_mig_7_ddr3_mig_7series_v4_2_ddr_byte_group_io__parameterized4 |          0 |          0 |       0 |    0 |     0 |      0 |      0 |          0 |
|                     of_pre_fifo_gen.u_ddr_of_pre_fifo                                         |                                     xlnx_mig_7_ddr3_mig_7series_v4_2_ddr_of_pre_fifo__parameterized1 |         53 |         17 |      36 |    0 |    19 |      0 |      0 |          0 |
|           mc0                                                                                 |                                                                  xlnx_mig_7_ddr3_mig_7series_v4_2_mc |        658 |        649 |       8 |    1 |   555 |      0 |      0 |          0 |
|             (mc0)                                                                             |                                                                  xlnx_mig_7_ddr3_mig_7series_v4_2_mc |        106 |        106 |       0 |    0 |    83 |      0 |      0 |          0 |
|             bank_mach0                                                                        |                                                           xlnx_mig_7_ddr3_mig_7series_v4_2_bank_mach |        465 |        465 |       0 |    0 |   377 |      0 |      0 |          0 |
|               arb_mux0                                                                        |                                                             xlnx_mig_7_ddr3_mig_7series_v4_2_arb_mux |        166 |        166 |       0 |    0 |    36 |      0 |      0 |          0 |
|                 arb_row_col0                                                                  |                                                         xlnx_mig_7_ddr3_mig_7series_v4_2_arb_row_col |        166 |        166 |       0 |    0 |    32 |      0 |      0 |          0 |
|                   (arb_row_col0)                                                              |                                                         xlnx_mig_7_ddr3_mig_7series_v4_2_arb_row_col |          4 |          4 |       0 |    0 |     8 |      0 |      0 |          0 |
|                   col_arb0                                                                    |                                     xlnx_mig_7_ddr3_mig_7series_v4_2_round_robin_arb__parameterized1 |         60 |         60 |       0 |    0 |     8 |      0 |      0 |          0 |
|                   pre_4_1_1T_arb.pre_arb0                                                     |                                  xlnx_mig_7_ddr3_mig_7series_v4_2_round_robin_arb__parameterized1_79 |         49 |         49 |       0 |    0 |     8 |      0 |      0 |          0 |
|                   row_arb0                                                                    |                                  xlnx_mig_7_ddr3_mig_7series_v4_2_round_robin_arb__parameterized1_80 |         53 |         53 |       0 |    0 |     8 |      0 |      0 |          0 |
|                 arb_select0                                                                   |                                                          xlnx_mig_7_ddr3_mig_7series_v4_2_arb_select |          0 |          0 |       0 |    0 |     4 |      0 |      0 |          0 |
|               bank_cntrl[0].bank0                                                             |                                                          xlnx_mig_7_ddr3_mig_7series_v4_2_bank_cntrl |         70 |         70 |       0 |    0 |    81 |      0 |      0 |          0 |
|                 bank_compare0                                                                 |                                                     xlnx_mig_7_ddr3_mig_7series_v4_2_bank_compare_78 |          7 |          7 |       0 |    0 |    36 |      0 |      0 |          0 |
|                 bank_queue0                                                                   |                                                          xlnx_mig_7_ddr3_mig_7series_v4_2_bank_queue |         36 |         36 |       0 |    0 |    18 |      0 |      0 |          0 |
|                 bank_state0                                                                   |                                                          xlnx_mig_7_ddr3_mig_7series_v4_2_bank_state |         27 |         27 |       0 |    0 |    27 |      0 |      0 |          0 |
|               bank_cntrl[1].bank0                                                             |                                          xlnx_mig_7_ddr3_mig_7series_v4_2_bank_cntrl__parameterized0 |         69 |         69 |       0 |    0 |    79 |      0 |      0 |          0 |
|                 bank_compare0                                                                 |                                                     xlnx_mig_7_ddr3_mig_7series_v4_2_bank_compare_77 |         16 |         16 |       0 |    0 |    36 |      0 |      0 |          0 |
|                 bank_queue0                                                                   |                                          xlnx_mig_7_ddr3_mig_7series_v4_2_bank_queue__parameterized0 |         28 |         28 |       0 |    0 |    18 |      0 |      0 |          0 |
|                 bank_state0                                                                   |                                          xlnx_mig_7_ddr3_mig_7series_v4_2_bank_state__parameterized0 |         25 |         25 |       0 |    0 |    25 |      0 |      0 |          0 |
|               bank_cntrl[2].bank0                                                             |                                          xlnx_mig_7_ddr3_mig_7series_v4_2_bank_cntrl__parameterized1 |         69 |         69 |       0 |    0 |    80 |      0 |      0 |          0 |
|                 bank_compare0                                                                 |                                                     xlnx_mig_7_ddr3_mig_7series_v4_2_bank_compare_76 |         17 |         17 |       0 |    0 |    36 |      0 |      0 |          0 |
|                 bank_queue0                                                                   |                                          xlnx_mig_7_ddr3_mig_7series_v4_2_bank_queue__parameterized1 |         29 |         29 |       0 |    0 |    18 |      0 |      0 |          0 |
|                 bank_state0                                                                   |                                          xlnx_mig_7_ddr3_mig_7series_v4_2_bank_state__parameterized1 |         23 |         23 |       0 |    0 |    26 |      0 |      0 |          0 |
|               bank_cntrl[3].bank0                                                             |                                          xlnx_mig_7_ddr3_mig_7series_v4_2_bank_cntrl__parameterized2 |         68 |         68 |       0 |    0 |    79 |      0 |      0 |          0 |
|                 bank_compare0                                                                 |                                                        xlnx_mig_7_ddr3_mig_7series_v4_2_bank_compare |         15 |         15 |       0 |    0 |    36 |      0 |      0 |          0 |
|                 bank_queue0                                                                   |                                          xlnx_mig_7_ddr3_mig_7series_v4_2_bank_queue__parameterized2 |         28 |         28 |       0 |    0 |    18 |      0 |      0 |          0 |
|                 bank_state0                                                                   |                                          xlnx_mig_7_ddr3_mig_7series_v4_2_bank_state__parameterized2 |         25 |         25 |       0 |    0 |    25 |      0 |      0 |          0 |
|               bank_common0                                                                    |                                                         xlnx_mig_7_ddr3_mig_7series_v4_2_bank_common |         23 |         23 |       0 |    0 |    22 |      0 |      0 |          0 |
|             col_mach0                                                                         |                                                            xlnx_mig_7_ddr3_mig_7series_v4_2_col_mach |         23 |         15 |       8 |    0 |    25 |      0 |      0 |          0 |
|             rank_mach0                                                                        |                                                           xlnx_mig_7_ddr3_mig_7series_v4_2_rank_mach |         64 |         63 |       0 |    1 |    70 |      0 |      0 |          0 |
|               rank_cntrl[0].rank_cntrl0                                                       |                                                          xlnx_mig_7_ddr3_mig_7series_v4_2_rank_cntrl |         10 |          9 |       0 |    1 |    16 |      0 |      0 |          0 |
|               rank_common0                                                                    |                                                         xlnx_mig_7_ddr3_mig_7series_v4_2_rank_common |         54 |         54 |       0 |    0 |    54 |      0 |      0 |          0 |
|                 (rank_common0)                                                                |                                                         xlnx_mig_7_ddr3_mig_7series_v4_2_rank_common |         46 |         46 |       0 |    0 |    48 |      0 |      0 |          0 |
|                 maintenance_request.maint_arb0                                                |                                                     xlnx_mig_7_ddr3_mig_7series_v4_2_round_robin_arb |          8 |          8 |       0 |    0 |     6 |      0 |      0 |          0 |
|         u_axi_mc                                                                              |                                                              xlnx_mig_7_ddr3_mig_7series_v4_2_axi_mc |       2528 |       2187 |       0 |  341 |  2573 |      0 |      0 |          0 |
|           (u_axi_mc)                                                                          |                                                              xlnx_mig_7_ddr3_mig_7series_v4_2_axi_mc |          0 |          0 |       0 |    0 |    14 |      0 |      0 |          0 |
|           USE_UPSIZER.upsizer_d2                                                              |                                                     xlnx_mig_7_ddr3_mig_7series_v4_2_ddr_axi_upsizer |       1759 |       1684 |       0 |   75 |  1729 |      0 |      0 |          0 |
|             USE_READ.read_addr_inst                                                           |                                       xlnx_mig_7_ddr3_mig_7series_v4_2_ddr_a_upsizer__parameterized0 |        170 |        133 |       0 |   37 |    97 |      0 |      0 |          0 |
|               (USE_READ.read_addr_inst)                                                       |                                       xlnx_mig_7_ddr3_mig_7series_v4_2_ddr_a_upsizer__parameterized0 |         59 |         59 |       0 |    0 |    46 |      0 |      0 |          0 |
|               USE_BURSTS.cmd_queue                                                            |                                                 xlnx_mig_7_ddr3_mig_7series_v4_2_ddr_command_fifo_62 |        111 |         74 |       0 |   37 |    46 |      0 |      0 |          0 |
|                 (USE_BURSTS.cmd_queue)                                                        |                                                 xlnx_mig_7_ddr3_mig_7series_v4_2_ddr_command_fifo_62 |        101 |         64 |       0 |   37 |    45 |      0 |      0 |          0 |
|                 USE_FPGA_VALID_WRITE.new_write_inst                                           |                                               xlnx_mig_7_ddr3_mig_7series_v4_2_ddr_carry_latch_or_69 |          6 |          6 |       0 |    0 |     1 |      0 |      0 |          0 |
|                 USE_FPGA_VALID_WRITE.s_valid_dummy_inst1                                      |                                                    xlnx_mig_7_ddr3_mig_7series_v4_2_ddr_carry_and_70 |          1 |          1 |       0 |    0 |     0 |      0 |      0 |          0 |
|                 USE_FPGA_VALID_WRITE.s_valid_dummy_inst2                                      |                                                    xlnx_mig_7_ddr3_mig_7series_v4_2_ddr_carry_and_71 |          0 |          0 |       0 |    0 |     0 |      0 |      0 |          0 |
|                 USE_FPGA_VALID_WRITE.valid_write_dummy_inst1                                  |                                                    xlnx_mig_7_ddr3_mig_7series_v4_2_ddr_carry_and_72 |          0 |          0 |       0 |    0 |     0 |      0 |      0 |          0 |
|                 USE_FPGA_VALID_WRITE.valid_write_dummy_inst2                                  |                                                    xlnx_mig_7_ddr3_mig_7series_v4_2_ddr_carry_and_73 |          0 |          0 |       0 |    0 |     0 |      0 |      0 |          0 |
|                 USE_FPGA_VALID_WRITE.valid_write_dummy_inst3                                  |                                                    xlnx_mig_7_ddr3_mig_7series_v4_2_ddr_carry_and_74 |          0 |          0 |       0 |    0 |     0 |      0 |      0 |          0 |
|                 USE_FPGA_VALID_WRITE.valid_write_inst                                         |                                                    xlnx_mig_7_ddr3_mig_7series_v4_2_ddr_carry_and_75 |          3 |          3 |       0 |    0 |     0 |      0 |      0 |          0 |
|               USE_FPGA_ADJUSTED_LEN.LUT_LAST_MASK[0].last_mask_inst                           |                                              xlnx_mig_7_ddr3_mig_7series_v4_2_ddr_carry_latch_and_63 |          0 |          0 |       0 |    0 |     1 |      0 |      0 |          0 |
|               USE_FPGA_ADJUSTED_LEN.LUT_LAST_MASK[1].last_mask_inst                           |                                              xlnx_mig_7_ddr3_mig_7series_v4_2_ddr_carry_latch_and_64 |          0 |          0 |       0 |    0 |     1 |      0 |      0 |          0 |
|               USE_FPGA_ADJUSTED_LEN.LUT_LAST_MASK[2].last_mask_inst                           |                                              xlnx_mig_7_ddr3_mig_7series_v4_2_ddr_carry_latch_and_65 |          0 |          0 |       0 |    0 |     1 |      0 |      0 |          0 |
|               USE_FPGA_ADJUSTED_LEN.LUT_LAST_MASK[3].last_mask_inst                           |                                              xlnx_mig_7_ddr3_mig_7series_v4_2_ddr_carry_latch_and_66 |          0 |          0 |       0 |    0 |     1 |      0 |      0 |          0 |
|               USE_FPGA_ADJUSTED_LEN.LUT_LAST_MASK[4].last_mask_inst                           |                                              xlnx_mig_7_ddr3_mig_7series_v4_2_ddr_carry_latch_and_67 |          0 |          0 |       0 |    0 |     1 |      0 |      0 |          0 |
|               USE_FPGA_ADJUSTED_LEN.access_need_extra_word_inst                               |                                                    xlnx_mig_7_ddr3_mig_7series_v4_2_ddr_carry_and_68 |          0 |          0 |       0 |    0 |     0 |      0 |      0 |          0 |
|             USE_READ.read_data_inst                                                           |                                                       xlnx_mig_7_ddr3_mig_7series_v4_2_ddr_r_upsizer |        165 |        165 |       0 |    0 |   284 |      0 |      0 |          0 |
|               (USE_READ.read_data_inst)                                                       |                                                       xlnx_mig_7_ddr3_mig_7series_v4_2_ddr_r_upsizer |        152 |        152 |       0 |    0 |   283 |      0 |      0 |          0 |
|               USE_FPGA_CTRL.cmd_ready_inst                                                    |                                              xlnx_mig_7_ddr3_mig_7series_v4_2_ddr_carry_latch_and_37 |          1 |          1 |       0 |    0 |     1 |      0 |      0 |          0 |
|               USE_FPGA_LAST_WORD.USE_FPGA_PACK.last_beat_inst_1                               |                                                    xlnx_mig_7_ddr3_mig_7series_v4_2_ddr_carry_and_38 |          1 |          1 |       0 |    0 |     0 |      0 |      0 |          0 |
|               USE_FPGA_LAST_WORD.USE_FPGA_PACK.last_beat_wrap_inst                            |                                                     xlnx_mig_7_ddr3_mig_7series_v4_2_ddr_carry_or_39 |          1 |          1 |       0 |    0 |     0 |      0 |      0 |          0 |
|               USE_FPGA_LAST_WORD.last_beat_curr_word_inst                                     |                                               xlnx_mig_7_ddr3_mig_7series_v4_2_ddr_comparator_sel_40 |          0 |          0 |       0 |    0 |     0 |      0 |      0 |          0 |
|                 LUT_LEVEL[0].compare_inst                                                     |                                                    xlnx_mig_7_ddr3_mig_7series_v4_2_ddr_carry_and_57 |          0 |          0 |       0 |    0 |     0 |      0 |      0 |          0 |
|                 LUT_LEVEL[1].compare_inst                                                     |                                                    xlnx_mig_7_ddr3_mig_7series_v4_2_ddr_carry_and_58 |          0 |          0 |       0 |    0 |     0 |      0 |      0 |          0 |
|                 LUT_LEVEL[2].compare_inst                                                     |                                                    xlnx_mig_7_ddr3_mig_7series_v4_2_ddr_carry_and_59 |          0 |          0 |       0 |    0 |     0 |      0 |      0 |          0 |
|                 LUT_LEVEL[3].compare_inst                                                     |                                                    xlnx_mig_7_ddr3_mig_7series_v4_2_ddr_carry_and_60 |          0 |          0 |       0 |    0 |     0 |      0 |      0 |          0 |
|                 LUT_LEVEL[4].compare_inst                                                     |                                                    xlnx_mig_7_ddr3_mig_7series_v4_2_ddr_carry_and_61 |          0 |          0 |       0 |    0 |     0 |      0 |      0 |          0 |
|               USE_FPGA_LAST_WORD.last_beat_inst                                               |                        xlnx_mig_7_ddr3_mig_7series_v4_2_ddr_comparator_sel_static__parameterized0_41 |          5 |          5 |       0 |    0 |     0 |      0 |      0 |          0 |
|                 LUT_LEVEL[0].compare_inst                                                     |                                                    xlnx_mig_7_ddr3_mig_7series_v4_2_ddr_carry_and_53 |          1 |          1 |       0 |    0 |     0 |      0 |      0 |          0 |
|                 LUT_LEVEL[1].compare_inst                                                     |                                                    xlnx_mig_7_ddr3_mig_7series_v4_2_ddr_carry_and_54 |          1 |          1 |       0 |    0 |     0 |      0 |      0 |          0 |
|                 LUT_LEVEL[2].compare_inst                                                     |                                                    xlnx_mig_7_ddr3_mig_7series_v4_2_ddr_carry_and_55 |          1 |          1 |       0 |    0 |     0 |      0 |      0 |          0 |
|                 LUT_LEVEL[3].compare_inst                                                     |                                                    xlnx_mig_7_ddr3_mig_7series_v4_2_ddr_carry_and_56 |          2 |          2 |       0 |    0 |     0 |      0 |      0 |          0 |
|               USE_FPGA_WORD_COMPLETED.next_word_wrap_inst                                     |                                        xlnx_mig_7_ddr3_mig_7series_v4_2_ddr_comparator_sel_static_42 |          0 |          0 |       0 |    0 |     0 |      0 |      0 |          0 |
|                 LUT_LEVEL[0].compare_inst                                                     |                                                    xlnx_mig_7_ddr3_mig_7series_v4_2_ddr_carry_and_50 |          0 |          0 |       0 |    0 |     0 |      0 |      0 |          0 |
|                 LUT_LEVEL[1].compare_inst                                                     |                                                    xlnx_mig_7_ddr3_mig_7series_v4_2_ddr_carry_and_51 |          0 |          0 |       0 |    0 |     0 |      0 |      0 |          0 |
|                 LUT_LEVEL[2].compare_inst                                                     |                                                    xlnx_mig_7_ddr3_mig_7series_v4_2_ddr_carry_and_52 |          0 |          0 |       0 |    0 |     0 |      0 |      0 |          0 |
|               USE_FPGA_WORD_COMPLETED.word_complete_last_word_inst                            |                                                    xlnx_mig_7_ddr3_mig_7series_v4_2_ddr_carry_and_43 |          1 |          1 |       0 |    0 |     0 |      0 |      0 |          0 |
|               USE_FPGA_WORD_COMPLETED.word_complete_next_wrap_inst                            |                                                    xlnx_mig_7_ddr3_mig_7series_v4_2_ddr_carry_and_44 |          0 |          0 |       0 |    0 |     0 |      0 |      0 |          0 |
|               USE_FPGA_WORD_COMPLETED.word_complete_next_wrap_pop_inst                        |                                                    xlnx_mig_7_ddr3_mig_7series_v4_2_ddr_carry_and_45 |          0 |          0 |       0 |    0 |     0 |      0 |      0 |          0 |
|               USE_FPGA_WORD_COMPLETED.word_complete_next_wrap_ready_inst                      |                                                    xlnx_mig_7_ddr3_mig_7series_v4_2_ddr_carry_and_46 |          1 |          1 |       0 |    0 |     0 |      0 |      0 |          0 |
|               USE_FPGA_WORD_COMPLETED.word_complete_rest_inst                                 |                                                     xlnx_mig_7_ddr3_mig_7series_v4_2_ddr_carry_or_47 |          2 |          2 |       0 |    0 |     0 |      0 |      0 |          0 |
|               USE_FPGA_WORD_COMPLETED.word_complete_rest_pop_inst                             |                                                    xlnx_mig_7_ddr3_mig_7series_v4_2_ddr_carry_and_48 |          0 |          0 |       0 |    0 |     0 |      0 |      0 |          0 |
|               USE_FPGA_WORD_COMPLETED.word_complete_rest_ready_inst                           |                                                    xlnx_mig_7_ddr3_mig_7series_v4_2_ddr_carry_and_49 |          1 |          1 |       0 |    0 |     0 |      0 |      0 |          0 |
|             USE_WRITE.write_addr_inst                                                         |                                                       xlnx_mig_7_ddr3_mig_7series_v4_2_ddr_a_upsizer |        179 |        141 |       0 |   38 |    98 |      0 |      0 |          0 |
|               (USE_WRITE.write_addr_inst)                                                     |                                                       xlnx_mig_7_ddr3_mig_7series_v4_2_ddr_a_upsizer |         50 |         50 |       0 |    0 |    46 |      0 |      0 |          0 |
|               USE_BURSTS.cmd_queue                                                            |                                                    xlnx_mig_7_ddr3_mig_7series_v4_2_ddr_command_fifo |        129 |         91 |       0 |   38 |    47 |      0 |      0 |          0 |
|                 (USE_BURSTS.cmd_queue)                                                        |                                                    xlnx_mig_7_ddr3_mig_7series_v4_2_ddr_command_fifo |        119 |         81 |       0 |   38 |    46 |      0 |      0 |          0 |
|                 USE_FPGA_VALID_WRITE.new_write_inst                                           |                                                  xlnx_mig_7_ddr3_mig_7series_v4_2_ddr_carry_latch_or |          6 |          6 |       0 |    0 |     1 |      0 |      0 |          0 |
|                 USE_FPGA_VALID_WRITE.s_valid_dummy_inst1                                      |                                                    xlnx_mig_7_ddr3_mig_7series_v4_2_ddr_carry_and_31 |          1 |          1 |       0 |    0 |     0 |      0 |      0 |          0 |
|                 USE_FPGA_VALID_WRITE.s_valid_dummy_inst2                                      |                                                    xlnx_mig_7_ddr3_mig_7series_v4_2_ddr_carry_and_32 |          0 |          0 |       0 |    0 |     0 |      0 |      0 |          0 |
|                 USE_FPGA_VALID_WRITE.valid_write_dummy_inst1                                  |                                                    xlnx_mig_7_ddr3_mig_7series_v4_2_ddr_carry_and_33 |          0 |          0 |       0 |    0 |     0 |      0 |      0 |          0 |
|                 USE_FPGA_VALID_WRITE.valid_write_dummy_inst2                                  |                                                    xlnx_mig_7_ddr3_mig_7series_v4_2_ddr_carry_and_34 |          0 |          0 |       0 |    0 |     0 |      0 |      0 |          0 |
|                 USE_FPGA_VALID_WRITE.valid_write_dummy_inst3                                  |                                                    xlnx_mig_7_ddr3_mig_7series_v4_2_ddr_carry_and_35 |          0 |          0 |       0 |    0 |     0 |      0 |      0 |          0 |
|                 USE_FPGA_VALID_WRITE.valid_write_inst                                         |                                                    xlnx_mig_7_ddr3_mig_7series_v4_2_ddr_carry_and_36 |          3 |          3 |       0 |    0 |     0 |      0 |      0 |          0 |
|               USE_FPGA_ADJUSTED_LEN.LUT_LAST_MASK[0].last_mask_inst                           |                                              xlnx_mig_7_ddr3_mig_7series_v4_2_ddr_carry_latch_and_25 |          0 |          0 |       0 |    0 |     1 |      0 |      0 |          0 |
|               USE_FPGA_ADJUSTED_LEN.LUT_LAST_MASK[1].last_mask_inst                           |                                              xlnx_mig_7_ddr3_mig_7series_v4_2_ddr_carry_latch_and_26 |          0 |          0 |       0 |    0 |     1 |      0 |      0 |          0 |
|               USE_FPGA_ADJUSTED_LEN.LUT_LAST_MASK[2].last_mask_inst                           |                                              xlnx_mig_7_ddr3_mig_7series_v4_2_ddr_carry_latch_and_27 |          0 |          0 |       0 |    0 |     1 |      0 |      0 |          0 |
|               USE_FPGA_ADJUSTED_LEN.LUT_LAST_MASK[3].last_mask_inst                           |                                              xlnx_mig_7_ddr3_mig_7series_v4_2_ddr_carry_latch_and_28 |          0 |          0 |       0 |    0 |     1 |      0 |      0 |          0 |
|               USE_FPGA_ADJUSTED_LEN.LUT_LAST_MASK[4].last_mask_inst                           |                                              xlnx_mig_7_ddr3_mig_7series_v4_2_ddr_carry_latch_and_29 |          0 |          0 |       0 |    0 |     1 |      0 |      0 |          0 |
|               USE_FPGA_ADJUSTED_LEN.access_need_extra_word_inst                               |                                                    xlnx_mig_7_ddr3_mig_7series_v4_2_ddr_carry_and_30 |          0 |          0 |       0 |    0 |     0 |      0 |      0 |          0 |
|             USE_WRITE.write_data_inst                                                         |                                                       xlnx_mig_7_ddr3_mig_7series_v4_2_ddr_w_upsizer |        694 |        694 |       0 |    0 |   599 |      0 |      0 |          0 |
|               (USE_WRITE.write_data_inst)                                                     |                                                       xlnx_mig_7_ddr3_mig_7series_v4_2_ddr_w_upsizer |        382 |        382 |       0 |    0 |   598 |      0 |      0 |          0 |
|               USE_FPGA_LAST_WORD.last_beat_curr_word_inst                                     |                                                  xlnx_mig_7_ddr3_mig_7series_v4_2_ddr_comparator_sel |          0 |          0 |       0 |    0 |     0 |      0 |      0 |          0 |
|                 LUT_LEVEL[0].compare_inst                                                     |                                                    xlnx_mig_7_ddr3_mig_7series_v4_2_ddr_carry_and_20 |          0 |          0 |       0 |    0 |     0 |      0 |      0 |          0 |
|                 LUT_LEVEL[1].compare_inst                                                     |                                                    xlnx_mig_7_ddr3_mig_7series_v4_2_ddr_carry_and_21 |          0 |          0 |       0 |    0 |     0 |      0 |      0 |          0 |
|                 LUT_LEVEL[2].compare_inst                                                     |                                                    xlnx_mig_7_ddr3_mig_7series_v4_2_ddr_carry_and_22 |          0 |          0 |       0 |    0 |     0 |      0 |      0 |          0 |
|                 LUT_LEVEL[3].compare_inst                                                     |                                                    xlnx_mig_7_ddr3_mig_7series_v4_2_ddr_carry_and_23 |          0 |          0 |       0 |    0 |     0 |      0 |      0 |          0 |
|                 LUT_LEVEL[4].compare_inst                                                     |                                                    xlnx_mig_7_ddr3_mig_7series_v4_2_ddr_carry_and_24 |          0 |          0 |       0 |    0 |     0 |      0 |      0 |          0 |
|               USE_FPGA_LAST_WORD.last_beat_inst                                               |                           xlnx_mig_7_ddr3_mig_7series_v4_2_ddr_comparator_sel_static__parameterized0 |          4 |          4 |       0 |    0 |     0 |      0 |      0 |          0 |
|                 LUT_LEVEL[0].compare_inst                                                     |                                                    xlnx_mig_7_ddr3_mig_7series_v4_2_ddr_carry_and_16 |          1 |          1 |       0 |    0 |     0 |      0 |      0 |          0 |
|                 LUT_LEVEL[1].compare_inst                                                     |                                                    xlnx_mig_7_ddr3_mig_7series_v4_2_ddr_carry_and_17 |          1 |          1 |       0 |    0 |     0 |      0 |      0 |          0 |
|                 LUT_LEVEL[2].compare_inst                                                     |                                                    xlnx_mig_7_ddr3_mig_7series_v4_2_ddr_carry_and_18 |          1 |          1 |       0 |    0 |     0 |      0 |      0 |          0 |
|                 LUT_LEVEL[3].compare_inst                                                     |                                                    xlnx_mig_7_ddr3_mig_7series_v4_2_ddr_carry_and_19 |          1 |          1 |       0 |    0 |     0 |      0 |      0 |          0 |
|               USE_FPGA_LAST_WORD.last_word_inst                                               |                                                       xlnx_mig_7_ddr3_mig_7series_v4_2_ddr_carry_and |          0 |          0 |       0 |    0 |     0 |      0 |      0 |          0 |
|               USE_FPGA_USE_WRAP.last_word_inst2                                               |                                                     xlnx_mig_7_ddr3_mig_7series_v4_2_ddr_carry_and_1 |          0 |          0 |       0 |    0 |     0 |      0 |      0 |          0 |
|               USE_FPGA_USE_WRAP.last_word_inst3                                               |                                                     xlnx_mig_7_ddr3_mig_7series_v4_2_ddr_carry_and_2 |          0 |          0 |       0 |    0 |     0 |      0 |      0 |          0 |
|               USE_FPGA_USE_WRAP.word_complete_next_wrap_stall_inst                            |                                                 xlnx_mig_7_ddr3_mig_7series_v4_2_ddr_carry_latch_and |         17 |         17 |       0 |    0 |     1 |      0 |      0 |          0 |
|               USE_FPGA_WORD_COMPLETED.last_word_inst_2                                        |                                                     xlnx_mig_7_ddr3_mig_7series_v4_2_ddr_carry_and_3 |          0 |          0 |       0 |    0 |     0 |      0 |      0 |          0 |
|               USE_FPGA_WORD_COMPLETED.next_word_wrap_inst                                     |                                           xlnx_mig_7_ddr3_mig_7series_v4_2_ddr_comparator_sel_static |          0 |          0 |       0 |    0 |     0 |      0 |      0 |          0 |
|                 LUT_LEVEL[0].compare_inst                                                     |                                                    xlnx_mig_7_ddr3_mig_7series_v4_2_ddr_carry_and_13 |          0 |          0 |       0 |    0 |     0 |      0 |      0 |          0 |
|                 LUT_LEVEL[1].compare_inst                                                     |                                                    xlnx_mig_7_ddr3_mig_7series_v4_2_ddr_carry_and_14 |          0 |          0 |       0 |    0 |     0 |      0 |      0 |          0 |
|                 LUT_LEVEL[2].compare_inst                                                     |                                                    xlnx_mig_7_ddr3_mig_7series_v4_2_ddr_carry_and_15 |          0 |          0 |       0 |    0 |     0 |      0 |      0 |          0 |
|               USE_FPGA_WORD_COMPLETED.pop_si_data_inst                                        |                                                        xlnx_mig_7_ddr3_mig_7series_v4_2_ddr_carry_or |          0 |          0 |       0 |    0 |     0 |      0 |      0 |          0 |
|               USE_FPGA_WORD_COMPLETED.word_complete_next_wrap_inst                            |                                                     xlnx_mig_7_ddr3_mig_7series_v4_2_ddr_carry_and_4 |          1 |          1 |       0 |    0 |     0 |      0 |      0 |          0 |
|               USE_FPGA_WORD_COMPLETED.word_complete_next_wrap_last_inst                       |                                                     xlnx_mig_7_ddr3_mig_7series_v4_2_ddr_carry_and_5 |          0 |          0 |       0 |    0 |     0 |      0 |      0 |          0 |
|               USE_FPGA_WORD_COMPLETED.word_complete_next_wrap_pop_inst                        |                                                     xlnx_mig_7_ddr3_mig_7series_v4_2_ddr_carry_and_6 |          0 |          0 |       0 |    0 |     0 |      0 |      0 |          0 |
|               USE_FPGA_WORD_COMPLETED.word_complete_next_wrap_qual_inst                       |                                                     xlnx_mig_7_ddr3_mig_7series_v4_2_ddr_carry_and_7 |          1 |          1 |       0 |    0 |     0 |      0 |      0 |          0 |
|               USE_FPGA_WORD_COMPLETED.word_complete_next_wrap_valid_inst                      |                                                     xlnx_mig_7_ddr3_mig_7series_v4_2_ddr_carry_and_8 |          0 |          0 |       0 |    0 |     0 |      0 |      0 |          0 |
|               USE_FPGA_WORD_COMPLETED.word_complete_rest_last_inst                            |                                                     xlnx_mig_7_ddr3_mig_7series_v4_2_ddr_carry_and_9 |        289 |        289 |       0 |    0 |     0 |      0 |      0 |          0 |
|               USE_FPGA_WORD_COMPLETED.word_complete_rest_pop_inst                             |                                                    xlnx_mig_7_ddr3_mig_7series_v4_2_ddr_carry_and_10 |          0 |          0 |       0 |    0 |     0 |      0 |      0 |          0 |
|               USE_FPGA_WORD_COMPLETED.word_complete_rest_qual_inst                            |                                                    xlnx_mig_7_ddr3_mig_7series_v4_2_ddr_carry_and_11 |          0 |          0 |       0 |    0 |     0 |      0 |      0 |          0 |
|               USE_FPGA_WORD_COMPLETED.word_complete_rest_valid_inst                           |                                                    xlnx_mig_7_ddr3_mig_7series_v4_2_ddr_carry_and_12 |          0 |          0 |       0 |    0 |     0 |      0 |      0 |          0 |
|             mi_register_slice_inst                                                            |                              xlnx_mig_7_ddr3_mig_7series_v4_2_ddr_axi_register_slice__parameterized0 |        400 |        400 |       0 |    0 |   540 |      0 |      0 |          0 |
|               (mi_register_slice_inst)                                                        |                              xlnx_mig_7_ddr3_mig_7series_v4_2_ddr_axi_register_slice__parameterized0 |          1 |          1 |       0 |    0 |     1 |      0 |      0 |          0 |
|               r_pipe                                                                          |                             xlnx_mig_7_ddr3_mig_7series_v4_2_ddr_axic_register_slice__parameterized5 |        399 |        399 |       0 |    0 |   539 |      0 |      0 |          0 |
|             si_register_slice_inst                                                            |                                              xlnx_mig_7_ddr3_mig_7series_v4_2_ddr_axi_register_slice |        151 |        151 |       0 |    0 |   111 |      0 |      0 |          0 |
|               (si_register_slice_inst)                                                        |                                              xlnx_mig_7_ddr3_mig_7series_v4_2_ddr_axi_register_slice |          0 |          0 |       0 |    0 |     1 |      0 |      0 |          0 |
|               ar_pipe                                                                         |                                             xlnx_mig_7_ddr3_mig_7series_v4_2_ddr_axic_register_slice |         67 |         67 |       0 |    0 |    54 |      0 |      0 |          0 |
|               aw_pipe                                                                         |                                           xlnx_mig_7_ddr3_mig_7series_v4_2_ddr_axic_register_slice_0 |         84 |         84 |       0 |    0 |    56 |      0 |      0 |          0 |
|           axi_mc_ar_channel_0                                                                 |                                                   xlnx_mig_7_ddr3_mig_7series_v4_2_axi_mc_ar_channel |         69 |         69 |       0 |    0 |    90 |      0 |      0 |          0 |
|             (axi_mc_ar_channel_0)                                                             |                                                   xlnx_mig_7_ddr3_mig_7series_v4_2_axi_mc_ar_channel |          0 |          0 |       0 |    0 |    47 |      0 |      0 |          0 |
|             ar_cmd_fsm_0                                                                      |                                                      xlnx_mig_7_ddr3_mig_7series_v4_2_axi_mc_cmd_fsm |         67 |         67 |       0 |    0 |     1 |      0 |      0 |          0 |
|             axi_mc_cmd_translator_0                                                           |                               xlnx_mig_7_ddr3_mig_7series_v4_2_axi_mc_cmd_translator__parameterized0 |          2 |          2 |       0 |    0 |    42 |      0 |      0 |          0 |
|               axi_mc_incr_cmd_0                                                               |                                     xlnx_mig_7_ddr3_mig_7series_v4_2_axi_mc_incr_cmd__parameterized0 |          0 |          0 |       0 |    0 |    34 |      0 |      0 |          0 |
|               axi_mc_wrap_cmd_0                                                               |                                     xlnx_mig_7_ddr3_mig_7series_v4_2_axi_mc_wrap_cmd__parameterized0 |          2 |          2 |       0 |    0 |     8 |      0 |      0 |          0 |
|           axi_mc_aw_channel_0                                                                 |                                                   xlnx_mig_7_ddr3_mig_7series_v4_2_axi_mc_aw_channel |         76 |         76 |       0 |    0 |    88 |      0 |      0 |          0 |
|             (axi_mc_aw_channel_0)                                                             |                                                   xlnx_mig_7_ddr3_mig_7series_v4_2_axi_mc_aw_channel |          0 |          0 |       0 |    0 |    45 |      0 |      0 |          0 |
|             aw_cmd_fsm_0                                                                      |                                                   xlnx_mig_7_ddr3_mig_7series_v4_2_axi_mc_wr_cmd_fsm |         70 |         70 |       0 |    0 |     1 |      0 |      0 |          0 |
|             axi_mc_cmd_translator_0                                                           |                                               xlnx_mig_7_ddr3_mig_7series_v4_2_axi_mc_cmd_translator |          6 |          6 |       0 |    0 |    42 |      0 |      0 |          0 |
|               axi_mc_incr_cmd_0                                                               |                                                     xlnx_mig_7_ddr3_mig_7series_v4_2_axi_mc_incr_cmd |          0 |          0 |       0 |    0 |    34 |      0 |      0 |          0 |
|               axi_mc_wrap_cmd_0                                                               |                                                     xlnx_mig_7_ddr3_mig_7series_v4_2_axi_mc_wrap_cmd |          6 |          6 |       0 |    0 |     8 |      0 |      0 |          0 |
|           axi_mc_b_channel_0                                                                  |                                                    xlnx_mig_7_ddr3_mig_7series_v4_2_axi_mc_b_channel |         11 |          7 |       0 |    4 |    10 |      0 |      0 |          0 |
|             (axi_mc_b_channel_0)                                                              |                                                    xlnx_mig_7_ddr3_mig_7series_v4_2_axi_mc_b_channel |          0 |          0 |       0 |    0 |     6 |      0 |      0 |          0 |
|             bid_fifo_0                                                                        |                                                         xlnx_mig_7_ddr3_mig_7series_v4_2_axi_mc_fifo |         11 |          7 |       0 |    4 |     4 |      0 |      0 |          0 |
|           axi_mc_cmd_arbiter_0                                                                |                                                  xlnx_mig_7_ddr3_mig_7series_v4_2_axi_mc_cmd_arbiter |         28 |         28 |       0 |    0 |    31 |      0 |      0 |          0 |
|           axi_mc_r_channel_0                                                                  |                                                    xlnx_mig_7_ddr3_mig_7series_v4_2_axi_mc_r_channel |        293 |         31 |       0 |  262 |    32 |      0 |      0 |          0 |
|             (axi_mc_r_channel_0)                                                              |                                                    xlnx_mig_7_ddr3_mig_7series_v4_2_axi_mc_r_channel |          0 |          0 |       0 |    0 |    14 |      0 |      0 |          0 |
|             rd_data_fifo_0                                                                    |                                         xlnx_mig_7_ddr3_mig_7series_v4_2_axi_mc_fifo__parameterized0 |        271 |         15 |       0 |  256 |    12 |      0 |      0 |          0 |
|             transaction_fifo_0                                                                |                                         xlnx_mig_7_ddr3_mig_7series_v4_2_axi_mc_fifo__parameterized1 |         22 |         16 |       0 |    6 |     6 |      0 |      0 |          0 |
|           axi_mc_w_channel_0                                                                  |                                                    xlnx_mig_7_ddr3_mig_7series_v4_2_axi_mc_w_channel |        292 |        292 |       0 |    0 |   579 |      0 |      0 |          0 |
|         u_ui_top                                                                              |                                                              xlnx_mig_7_ddr3_mig_7series_v4_2_ui_top |        765 |        389 |     376 |    0 |   968 |      0 |      0 |          0 |
|           ui_cmd0                                                                             |                                                              xlnx_mig_7_ddr3_mig_7series_v4_2_ui_cmd |         31 |         31 |       0 |    0 |    56 |      0 |      0 |          0 |
|           ui_rd_data0                                                                         |                                                          xlnx_mig_7_ddr3_mig_7series_v4_2_ui_rd_data |        208 |         32 |     176 |    0 |   291 |      0 |      0 |          0 |
|           ui_wr_data0                                                                         |                                                          xlnx_mig_7_ddr3_mig_7series_v4_2_ui_wr_data |        526 |        326 |     200 |    0 |   621 |      0 |      0 |          0 |
|   i_dm_axi2mem                                                                                |                                                                                              axi2mem |        237 |        237 |       0 |    0 |    44 |      0 |      0 |          0 |
|   i_dm_axi_master                                                                             |                                                                                          axi_adapter |         66 |         66 |       0 |    0 |    40 |      0 |      0 |          0 |
|   i_dm_top                                                                                    |                                                                                               dm_top |        494 |        494 |       0 |    0 |   677 |      0 |      0 |          0 |
|     i_dm_csrs                                                                                 |                                                                                              dm_csrs |        360 |        360 |       0 |    0 |   599 |      0 |      0 |          0 |
|       (i_dm_csrs)                                                                             |                                                                                              dm_csrs |        240 |        240 |       0 |    0 |   531 |      0 |      0 |          0 |
|       i_fifo                                                                                  |                                                                              fifo_v2__parameterized0 |        120 |        120 |       0 |    0 |    68 |      0 |      0 |          0 |
|         i_fifo_v3                                                                             |                                                                              fifo_v3__parameterized5 |        120 |        120 |       0 |    0 |    68 |      0 |      0 |          0 |
|     i_dm_mem                                                                                  |                                                                                               dm_mem |         93 |         93 |       0 |    0 |    75 |      0 |      0 |          0 |
|       (i_dm_mem)                                                                              |                                                                                               dm_mem |          7 |          7 |       0 |    0 |    70 |      0 |      0 |          0 |
|       gen_rom_snd_scratch.i_debug_rom                                                         |                                                                                            debug_rom |         86 |         86 |       0 |    0 |     5 |      0 |      0 |          0 |
|     i_dm_sba                                                                                  |                                                                                               dm_sba |         41 |         41 |       0 |    0 |     3 |      0 |      0 |          0 |
|   i_dmi_jtag                                                                                  |                                                                                             dmi_jtag |        502 |        502 |       0 |    0 |   340 |      0 |      0 |          0 |
|     (i_dmi_jtag)                                                                              |                                                                                             dmi_jtag |          1 |          1 |       0 |    0 |    84 |      0 |      0 |          0 |
|     i_dmi_cdc                                                                                 |                                                                                              dmi_cdc |        377 |        377 |       0 |    0 |   164 |      0 |      0 |          0 |
|       i_cdc_req                                                                               |                                                                                           cdc_2phase |        334 |        334 |       0 |    0 |    89 |      0 |      0 |          0 |
|         i_dst                                                                                 |                                                                                       cdc_2phase_dst |        331 |        331 |       0 |    0 |    45 |      0 |      0 |          0 |
|         i_src                                                                                 |                                                                                       cdc_2phase_src |          3 |          3 |       0 |    0 |    44 |      0 |      0 |          0 |
|       i_cdc_resp                                                                              |                                                                           cdc_2phase__parameterized0 |         43 |         43 |       0 |    0 |    75 |      0 |      0 |          0 |
|         i_dst                                                                                 |                                                                       cdc_2phase_dst__parameterized0 |         39 |         39 |       0 |    0 |    38 |      0 |      0 |          0 |
|         i_src                                                                                 |                                                                       cdc_2phase_src__parameterized0 |          4 |          4 |       0 |    0 |    37 |      0 |      0 |          0 |
|     i_dmi_jtag_tap                                                                            |                                                                                         dmi_jtag_tap |        124 |        124 |       0 |    0 |    92 |      0 |      0 |          0 |
|   i_fan_ctrl                                                                                  |                                                                                             fan_ctrl |         20 |         20 |       0 |    0 |    24 |      0 |      0 |          0 |
|   i_rstgen_main                                                                               |                                                                                               rstgen |          4 |          4 |       0 |    0 |     4 |      0 |      0 |          0 |
|     i_rstgen_bypass                                                                           |                                                                                        rstgen_bypass |          4 |          4 |       0 |    0 |     4 |      0 |      0 |          0 |
|   i_xlnx_axi_clock_converter_ddr                                                              |                                                                             xlnx_axi_clock_converter |        420 |        224 |     196 |    0 |  1000 |      0 |      0 |          0 |
|     inst                                                                                      |                             xlnx_axi_clock_converter_axi_clock_converter_v2_1_26_axi_clock_converter |        420 |        224 |     196 |    0 |  1000 |      0 |      0 |          0 |
|       gen_clock_conv.gen_async_conv.asyncfifo_axi                                             |                                                      xlnx_axi_clock_converter_fifo_generator_v13_2_7 |        420 |        224 |     196 |    0 |  1000 |      0 |      0 |          0 |
|         inst_fifo_gen                                                                         |                                                xlnx_axi_clock_converter_fifo_generator_v13_2_7_synth |        420 |        224 |     196 |    0 |  1000 |      0 |      0 |          0 |
|           gaxi_full_lite.gread_ch.grach2.axi_rach                                             |                                                          xlnx_axi_clock_converter_fifo_generator_top |         90 |         44 |      46 |    0 |   202 |      0 |      0 |          0 |
|             grf.rf                                                                            |                                                      xlnx_axi_clock_converter_fifo_generator_ramfifo |         90 |         44 |      46 |    0 |   202 |      0 |      0 |          0 |
|               gntv_or_sync_fifo.gcx.clkx                                                      |                                                      xlnx_axi_clock_converter_clk_x_pntrs__xdcDup__4 |         11 |         11 |       0 |    0 |    40 |      0 |      0 |          0 |
|                 (gntv_or_sync_fifo.gcx.clkx)                                                  |                                                      xlnx_axi_clock_converter_clk_x_pntrs__xdcDup__4 |          2 |          2 |       0 |    0 |     0 |      0 |      0 |          0 |
|                 rd_pntr_cdc_inst                                                              |                                                            xlnx_axi_clock_converter_xpm_cdc_gray__17 |          5 |          5 |       0 |    0 |    20 |      0 |      0 |          0 |
|                 wr_pntr_cdc_inst                                                              |                                                            xlnx_axi_clock_converter_xpm_cdc_gray__16 |          4 |          4 |       0 |    0 |    20 |      0 |      0 |          0 |
|               gntv_or_sync_fifo.gl0.rd                                                        |                                                                 xlnx_axi_clock_converter_rd_logic_21 |         15 |         15 |       0 |    0 |    18 |      0 |      0 |          0 |
|                 gr1.gr1_int.rfwft                                                             |                                                                  xlnx_axi_clock_converter_rd_fwft_27 |          9 |          9 |       0 |    0 |     8 |      0 |      0 |          0 |
|                 gras.rsts                                                                     |                                                       xlnx_axi_clock_converter_rd_status_flags_as_28 |          0 |          0 |       0 |    0 |     2 |      0 |      0 |          0 |
|                 rpntr                                                                         |                                                              xlnx_axi_clock_converter_rd_bin_cntr_29 |          6 |          6 |       0 |    0 |     8 |      0 |      0 |          0 |
|               gntv_or_sync_fifo.gl0.wr                                                        |                                                                 xlnx_axi_clock_converter_wr_logic_22 |          8 |          8 |       0 |    0 |    14 |      0 |      0 |          0 |
|                 gwas.wsts                                                                     |                                                       xlnx_axi_clock_converter_wr_status_flags_as_25 |          3 |          3 |       0 |    0 |     2 |      0 |      0 |          0 |
|                 wpntr                                                                         |                                                              xlnx_axi_clock_converter_wr_bin_cntr_26 |          5 |          5 |       0 |    0 |    12 |      0 |      0 |          0 |
|               gntv_or_sync_fifo.mem                                                           |                                                                   xlnx_axi_clock_converter_memory_23 |         46 |          0 |      46 |    0 |   104 |      0 |      0 |          0 |
|                 (gntv_or_sync_fifo.mem)                                                       |                                                                   xlnx_axi_clock_converter_memory_23 |          0 |          0 |       0 |    0 |    52 |      0 |      0 |          0 |
|                 gdm.dm_gen.dm                                                                 |                                                                     xlnx_axi_clock_converter_dmem_24 |         46 |          0 |      46 |    0 |    52 |      0 |      0 |          0 |
|               rstblk                                                                          |                                                xlnx_axi_clock_converter_reset_blk_ramfifo__xdcDup__4 |         10 |         10 |       0 |    0 |    26 |      0 |      0 |          0 |
|                 (rstblk)                                                                      |                                                xlnx_axi_clock_converter_reset_blk_ramfifo__xdcDup__4 |         10 |         10 |       0 |    0 |    12 |      0 |      0 |          0 |
|                 ngwrdrst.grst.g7serrst.gnsckt_wrst.gic_rst.rst_rd_reg2_inst                   |                                                       xlnx_axi_clock_converter_xpm_cdc_async_rst__12 |          0 |          0 |       0 |    0 |     2 |      0 |      0 |          0 |
|                 ngwrdrst.grst.g7serrst.gnsckt_wrst.gic_rst.xpm_cdc_single_inst_rrst_wr        |                                          xlnx_axi_clock_converter_xpm_cdc_single__parameterized1__17 |          0 |          0 |       0 |    0 |     5 |      0 |      0 |          0 |
|                 ngwrdrst.grst.g7serrst.gnsckt_wrst.gic_rst.xpm_cdc_single_inst_wrst_rd        |                                          xlnx_axi_clock_converter_xpm_cdc_single__parameterized1__16 |          0 |          0 |       0 |    0 |     5 |      0 |      0 |          0 |
|                 ngwrdrst.grst.g7serrst.gnsckt_wrst.rst_wr_reg2_inst                           |                                                       xlnx_axi_clock_converter_xpm_cdc_async_rst__11 |          0 |          0 |       0 |    0 |     2 |      0 |      0 |          0 |
|           gaxi_full_lite.gread_ch.grdch2.axi_rdch                                             |                                          xlnx_axi_clock_converter_fifo_generator_top__parameterized2 |         94 |         46 |      48 |    0 |   240 |      0 |      0 |          0 |
|             grf.rf                                                                            |                                      xlnx_axi_clock_converter_fifo_generator_ramfifo__parameterized2 |         94 |         46 |      48 |    0 |   240 |      0 |      0 |          0 |
|               gntv_or_sync_fifo.gcx.clkx                                                      |                                                                 xlnx_axi_clock_converter_clk_x_pntrs |         12 |         12 |       0 |    0 |    40 |      0 |      0 |          0 |
|                 (gntv_or_sync_fifo.gcx.clkx)                                                  |                                                                 xlnx_axi_clock_converter_clk_x_pntrs |          2 |          2 |       0 |    0 |     0 |      0 |      0 |          0 |
|                 rd_pntr_cdc_inst                                                              |                                                                xlnx_axi_clock_converter_xpm_cdc_gray |          5 |          5 |       0 |    0 |    20 |      0 |      0 |          0 |
|                 wr_pntr_cdc_inst                                                              |                                                            xlnx_axi_clock_converter_xpm_cdc_gray__18 |          5 |          5 |       0 |    0 |    20 |      0 |      0 |          0 |
|               gntv_or_sync_fifo.gl0.rd                                                        |                                                                 xlnx_axi_clock_converter_rd_logic_14 |         15 |         15 |       0 |    0 |    18 |      0 |      0 |          0 |
|                 gr1.gr1_int.rfwft                                                             |                                                                  xlnx_axi_clock_converter_rd_fwft_18 |          9 |          9 |       0 |    0 |     8 |      0 |      0 |          0 |
|                 gras.rsts                                                                     |                                                       xlnx_axi_clock_converter_rd_status_flags_as_19 |          0 |          0 |       0 |    0 |     2 |      0 |      0 |          0 |
|                 rpntr                                                                         |                                                              xlnx_axi_clock_converter_rd_bin_cntr_20 |          6 |          6 |       0 |    0 |     8 |      0 |      0 |          0 |
|               gntv_or_sync_fifo.gl0.wr                                                        |                                                                 xlnx_axi_clock_converter_wr_logic_15 |          8 |          8 |       0 |    0 |    14 |      0 |      0 |          0 |
|                 gwas.wsts                                                                     |                                                       xlnx_axi_clock_converter_wr_status_flags_as_16 |          3 |          3 |       0 |    0 |     2 |      0 |      0 |          0 |
|                 wpntr                                                                         |                                                              xlnx_axi_clock_converter_wr_bin_cntr_17 |          5 |          5 |       0 |    0 |    12 |      0 |      0 |          0 |
|               gntv_or_sync_fifo.mem                                                           |                                                      xlnx_axi_clock_converter_memory__parameterized2 |         48 |          0 |      48 |    0 |   142 |      0 |      0 |          0 |
|                 (gntv_or_sync_fifo.mem)                                                       |                                                      xlnx_axi_clock_converter_memory__parameterized2 |          0 |          0 |       0 |    0 |    71 |      0 |      0 |          0 |
|                 gdm.dm_gen.dm                                                                 |                                                        xlnx_axi_clock_converter_dmem__parameterized2 |         48 |          0 |      48 |    0 |    71 |      0 |      0 |          0 |
|               rstblk                                                                          |                                                           xlnx_axi_clock_converter_reset_blk_ramfifo |         11 |         11 |       0 |    0 |    26 |      0 |      0 |          0 |
|                 (rstblk)                                                                      |                                                           xlnx_axi_clock_converter_reset_blk_ramfifo |         11 |         11 |       0 |    0 |    12 |      0 |      0 |          0 |
|                 ngwrdrst.grst.g7serrst.gnsckt_wrst.gic_rst.rst_rd_reg2_inst                   |                                                           xlnx_axi_clock_converter_xpm_cdc_async_rst |          0 |          0 |       0 |    0 |     2 |      0 |      0 |          0 |
|                 ngwrdrst.grst.g7serrst.gnsckt_wrst.gic_rst.xpm_cdc_single_inst_rrst_wr        |                                              xlnx_axi_clock_converter_xpm_cdc_single__parameterized1 |          0 |          0 |       0 |    0 |     5 |      0 |      0 |          0 |
|                 ngwrdrst.grst.g7serrst.gnsckt_wrst.gic_rst.xpm_cdc_single_inst_wrst_rd        |                                          xlnx_axi_clock_converter_xpm_cdc_single__parameterized1__18 |          0 |          0 |       0 |    0 |     5 |      0 |      0 |          0 |
|                 ngwrdrst.grst.g7serrst.gnsckt_wrst.rst_wr_reg2_inst                           |                                                       xlnx_axi_clock_converter_xpm_cdc_async_rst__13 |          0 |          0 |       0 |    0 |     2 |      0 |      0 |          0 |
|           gaxi_full_lite.gwrite_ch.gwach2.axi_wach                                            |                                               xlnx_axi_clock_converter_fifo_generator_top__xdcDup__1 |         91 |         45 |      46 |    0 |   202 |      0 |      0 |          0 |
|             grf.rf                                                                            |                                           xlnx_axi_clock_converter_fifo_generator_ramfifo__xdcDup__1 |         91 |         45 |      46 |    0 |   202 |      0 |      0 |          0 |
|               gntv_or_sync_fifo.gcx.clkx                                                      |                                                      xlnx_axi_clock_converter_clk_x_pntrs__xdcDup__1 |         12 |         12 |       0 |    0 |    40 |      0 |      0 |          0 |
|                 (gntv_or_sync_fifo.gcx.clkx)                                                  |                                                      xlnx_axi_clock_converter_clk_x_pntrs__xdcDup__1 |          2 |          2 |       0 |    0 |     0 |      0 |      0 |          0 |
|                 rd_pntr_cdc_inst                                                              |                                                            xlnx_axi_clock_converter_xpm_cdc_gray__11 |          5 |          5 |       0 |    0 |    20 |      0 |      0 |          0 |
|                 wr_pntr_cdc_inst                                                              |                                                            xlnx_axi_clock_converter_xpm_cdc_gray__10 |          5 |          5 |       0 |    0 |    20 |      0 |      0 |          0 |
|               gntv_or_sync_fifo.gl0.rd                                                        |                                                                  xlnx_axi_clock_converter_rd_logic_7 |         15 |         15 |       0 |    0 |    18 |      0 |      0 |          0 |
|                 gr1.gr1_int.rfwft                                                             |                                                                  xlnx_axi_clock_converter_rd_fwft_11 |          9 |          9 |       0 |    0 |     8 |      0 |      0 |          0 |
|                 gras.rsts                                                                     |                                                       xlnx_axi_clock_converter_rd_status_flags_as_12 |          0 |          0 |       0 |    0 |     2 |      0 |      0 |          0 |
|                 rpntr                                                                         |                                                              xlnx_axi_clock_converter_rd_bin_cntr_13 |          6 |          6 |       0 |    0 |     8 |      0 |      0 |          0 |
|               gntv_or_sync_fifo.gl0.wr                                                        |                                                                  xlnx_axi_clock_converter_wr_logic_8 |          8 |          8 |       0 |    0 |    14 |      0 |      0 |          0 |
|                 gwas.wsts                                                                     |                                                        xlnx_axi_clock_converter_wr_status_flags_as_9 |          3 |          3 |       0 |    0 |     2 |      0 |      0 |          0 |
|                 wpntr                                                                         |                                                              xlnx_axi_clock_converter_wr_bin_cntr_10 |          5 |          5 |       0 |    0 |    12 |      0 |      0 |          0 |
|               gntv_or_sync_fifo.mem                                                           |                                                                      xlnx_axi_clock_converter_memory |         46 |          0 |      46 |    0 |   104 |      0 |      0 |          0 |
|                 (gntv_or_sync_fifo.mem)                                                       |                                                                      xlnx_axi_clock_converter_memory |          0 |          0 |       0 |    0 |    52 |      0 |      0 |          0 |
|                 gdm.dm_gen.dm                                                                 |                                                                        xlnx_axi_clock_converter_dmem |         46 |          0 |      46 |    0 |    52 |      0 |      0 |          0 |
|               rstblk                                                                          |                                                xlnx_axi_clock_converter_reset_blk_ramfifo__xdcDup__1 |         10 |         10 |       0 |    0 |    26 |      0 |      0 |          0 |
|                 (rstblk)                                                                      |                                                xlnx_axi_clock_converter_reset_blk_ramfifo__xdcDup__1 |         10 |         10 |       0 |    0 |    12 |      0 |      0 |          0 |
|                 ngwrdrst.grst.g7serrst.gnsckt_wrst.gic_rst.rst_rd_reg2_inst                   |                                                        xlnx_axi_clock_converter_xpm_cdc_async_rst__6 |          0 |          0 |       0 |    0 |     2 |      0 |      0 |          0 |
|                 ngwrdrst.grst.g7serrst.gnsckt_wrst.gic_rst.xpm_cdc_single_inst_rrst_wr        |                                          xlnx_axi_clock_converter_xpm_cdc_single__parameterized1__11 |          0 |          0 |       0 |    0 |     5 |      0 |      0 |          0 |
|                 ngwrdrst.grst.g7serrst.gnsckt_wrst.gic_rst.xpm_cdc_single_inst_wrst_rd        |                                          xlnx_axi_clock_converter_xpm_cdc_single__parameterized1__10 |          0 |          0 |       0 |    0 |     5 |      0 |      0 |          0 |
|                 ngwrdrst.grst.g7serrst.gnsckt_wrst.rst_wr_reg2_inst                           |                                                        xlnx_axi_clock_converter_xpm_cdc_async_rst__5 |          0 |          0 |       0 |    0 |     2 |      0 |      0 |          0 |
|           gaxi_full_lite.gwrite_ch.gwdch2.axi_wdch                                            |                                          xlnx_axi_clock_converter_fifo_generator_top__parameterized0 |         95 |         45 |      50 |    0 |   244 |      0 |      0 |          0 |
|             grf.rf                                                                            |                                      xlnx_axi_clock_converter_fifo_generator_ramfifo__parameterized0 |         95 |         45 |      50 |    0 |   244 |      0 |      0 |          0 |
|               gntv_or_sync_fifo.gcx.clkx                                                      |                                                      xlnx_axi_clock_converter_clk_x_pntrs__xdcDup__2 |         12 |         12 |       0 |    0 |    40 |      0 |      0 |          0 |
|                 (gntv_or_sync_fifo.gcx.clkx)                                                  |                                                      xlnx_axi_clock_converter_clk_x_pntrs__xdcDup__2 |          2 |          2 |       0 |    0 |     0 |      0 |      0 |          0 |
|                 rd_pntr_cdc_inst                                                              |                                                            xlnx_axi_clock_converter_xpm_cdc_gray__13 |          5 |          5 |       0 |    0 |    20 |      0 |      0 |          0 |
|                 wr_pntr_cdc_inst                                                              |                                                            xlnx_axi_clock_converter_xpm_cdc_gray__12 |          5 |          5 |       0 |    0 |    20 |      0 |      0 |          0 |
|               gntv_or_sync_fifo.gl0.rd                                                        |                                                                  xlnx_axi_clock_converter_rd_logic_0 |         15 |         15 |       0 |    0 |    18 |      0 |      0 |          0 |
|                 gr1.gr1_int.rfwft                                                             |                                                                   xlnx_axi_clock_converter_rd_fwft_4 |          9 |          9 |       0 |    0 |     8 |      0 |      0 |          0 |
|                 gras.rsts                                                                     |                                                        xlnx_axi_clock_converter_rd_status_flags_as_5 |          0 |          0 |       0 |    0 |     2 |      0 |      0 |          0 |
|                 rpntr                                                                         |                                                               xlnx_axi_clock_converter_rd_bin_cntr_6 |          6 |          6 |       0 |    0 |     8 |      0 |      0 |          0 |
|               gntv_or_sync_fifo.gl0.wr                                                        |                                                                  xlnx_axi_clock_converter_wr_logic_1 |          8 |          8 |       0 |    0 |    14 |      0 |      0 |          0 |
|                 gwas.wsts                                                                     |                                                        xlnx_axi_clock_converter_wr_status_flags_as_2 |          3 |          3 |       0 |    0 |     2 |      0 |      0 |          0 |
|                 wpntr                                                                         |                                                               xlnx_axi_clock_converter_wr_bin_cntr_3 |          5 |          5 |       0 |    0 |    12 |      0 |      0 |          0 |
|               gntv_or_sync_fifo.mem                                                           |                                                      xlnx_axi_clock_converter_memory__parameterized0 |         50 |          0 |      50 |    0 |   146 |      0 |      0 |          0 |
|                 (gntv_or_sync_fifo.mem)                                                       |                                                      xlnx_axi_clock_converter_memory__parameterized0 |          0 |          0 |       0 |    0 |    73 |      0 |      0 |          0 |
|                 gdm.dm_gen.dm                                                                 |                                                        xlnx_axi_clock_converter_dmem__parameterized0 |         50 |          0 |      50 |    0 |    73 |      0 |      0 |          0 |
|               rstblk                                                                          |                                                xlnx_axi_clock_converter_reset_blk_ramfifo__xdcDup__2 |         10 |         10 |       0 |    0 |    26 |      0 |      0 |          0 |
|                 (rstblk)                                                                      |                                                xlnx_axi_clock_converter_reset_blk_ramfifo__xdcDup__2 |         10 |         10 |       0 |    0 |    12 |      0 |      0 |          0 |
|                 ngwrdrst.grst.g7serrst.gnsckt_wrst.gic_rst.rst_rd_reg2_inst                   |                                                        xlnx_axi_clock_converter_xpm_cdc_async_rst__8 |          0 |          0 |       0 |    0 |     2 |      0 |      0 |          0 |
|                 ngwrdrst.grst.g7serrst.gnsckt_wrst.gic_rst.xpm_cdc_single_inst_rrst_wr        |                                          xlnx_axi_clock_converter_xpm_cdc_single__parameterized1__13 |          0 |          0 |       0 |    0 |     5 |      0 |      0 |          0 |
|                 ngwrdrst.grst.g7serrst.gnsckt_wrst.gic_rst.xpm_cdc_single_inst_wrst_rd        |                                          xlnx_axi_clock_converter_xpm_cdc_single__parameterized1__12 |          0 |          0 |       0 |    0 |     5 |      0 |      0 |          0 |
|                 ngwrdrst.grst.g7serrst.gnsckt_wrst.rst_wr_reg2_inst                           |                                                        xlnx_axi_clock_converter_xpm_cdc_async_rst__7 |          0 |          0 |       0 |    0 |     2 |      0 |      0 |          0 |
|           gaxi_full_lite.gwrite_ch.gwrch2.axi_wrch                                            |                                          xlnx_axi_clock_converter_fifo_generator_top__parameterized1 |         50 |         44 |       6 |    0 |   112 |      0 |      0 |          0 |
|             grf.rf                                                                            |                                      xlnx_axi_clock_converter_fifo_generator_ramfifo__parameterized1 |         50 |         44 |       6 |    0 |   112 |      0 |      0 |          0 |
|               gntv_or_sync_fifo.gcx.clkx                                                      |                                                      xlnx_axi_clock_converter_clk_x_pntrs__xdcDup__3 |         11 |         11 |       0 |    0 |    40 |      0 |      0 |          0 |
|                 (gntv_or_sync_fifo.gcx.clkx)                                                  |                                                      xlnx_axi_clock_converter_clk_x_pntrs__xdcDup__3 |          2 |          2 |       0 |    0 |     0 |      0 |      0 |          0 |
|                 rd_pntr_cdc_inst                                                              |                                                            xlnx_axi_clock_converter_xpm_cdc_gray__15 |          4 |          4 |       0 |    0 |    20 |      0 |      0 |          0 |
|                 wr_pntr_cdc_inst                                                              |                                                            xlnx_axi_clock_converter_xpm_cdc_gray__14 |          5 |          5 |       0 |    0 |    20 |      0 |      0 |          0 |
|               gntv_or_sync_fifo.gl0.rd                                                        |                                                                    xlnx_axi_clock_converter_rd_logic |         15 |         15 |       0 |    0 |    18 |      0 |      0 |          0 |
|                 gr1.gr1_int.rfwft                                                             |                                                                     xlnx_axi_clock_converter_rd_fwft |          9 |          9 |       0 |    0 |     8 |      0 |      0 |          0 |
|                 gras.rsts                                                                     |                                                          xlnx_axi_clock_converter_rd_status_flags_as |          0 |          0 |       0 |    0 |     2 |      0 |      0 |          0 |
|                 rpntr                                                                         |                                                                 xlnx_axi_clock_converter_rd_bin_cntr |          6 |          6 |       0 |    0 |     8 |      0 |      0 |          0 |
|               gntv_or_sync_fifo.gl0.wr                                                        |                                                                    xlnx_axi_clock_converter_wr_logic |          8 |          8 |       0 |    0 |    14 |      0 |      0 |          0 |
|                 gwas.wsts                                                                     |                                                          xlnx_axi_clock_converter_wr_status_flags_as |          3 |          3 |       0 |    0 |     2 |      0 |      0 |          0 |
|                 wpntr                                                                         |                                                                 xlnx_axi_clock_converter_wr_bin_cntr |          5 |          5 |       0 |    0 |    12 |      0 |      0 |          0 |
|               gntv_or_sync_fifo.mem                                                           |                                                      xlnx_axi_clock_converter_memory__parameterized1 |          6 |          0 |       6 |    0 |    14 |      0 |      0 |          0 |
|                 (gntv_or_sync_fifo.mem)                                                       |                                                      xlnx_axi_clock_converter_memory__parameterized1 |          0 |          0 |       0 |    0 |     7 |      0 |      0 |          0 |
|                 gdm.dm_gen.dm                                                                 |                                                        xlnx_axi_clock_converter_dmem__parameterized1 |          6 |          0 |       6 |    0 |     7 |      0 |      0 |          0 |
|               rstblk                                                                          |                                                xlnx_axi_clock_converter_reset_blk_ramfifo__xdcDup__3 |         10 |         10 |       0 |    0 |    26 |      0 |      0 |          0 |
|                 (rstblk)                                                                      |                                                xlnx_axi_clock_converter_reset_blk_ramfifo__xdcDup__3 |         10 |         10 |       0 |    0 |    12 |      0 |      0 |          0 |
|                 ngwrdrst.grst.g7serrst.gnsckt_wrst.gic_rst.rst_rd_reg2_inst                   |                                                       xlnx_axi_clock_converter_xpm_cdc_async_rst__10 |          0 |          0 |       0 |    0 |     2 |      0 |      0 |          0 |
|                 ngwrdrst.grst.g7serrst.gnsckt_wrst.gic_rst.xpm_cdc_single_inst_rrst_wr        |                                          xlnx_axi_clock_converter_xpm_cdc_single__parameterized1__15 |          0 |          0 |       0 |    0 |     5 |      0 |      0 |          0 |
|                 ngwrdrst.grst.g7serrst.gnsckt_wrst.gic_rst.xpm_cdc_single_inst_wrst_rd        |                                          xlnx_axi_clock_converter_xpm_cdc_single__parameterized1__14 |          0 |          0 |       0 |    0 |     5 |      0 |      0 |          0 |
|                 ngwrdrst.grst.g7serrst.gnsckt_wrst.rst_wr_reg2_inst                           |                                                        xlnx_axi_clock_converter_xpm_cdc_async_rst__9 |          0 |          0 |       0 |    0 |     2 |      0 |      0 |          0 |
|   i_xlnx_clk_gen                                                                              |                                                                                         xlnx_clk_gen |          0 |          0 |       0 |    0 |     0 |      0 |      0 |          0 |
|     inst                                                                                      |                                                                                 xlnx_clk_gen_clk_wiz |          0 |          0 |       0 |    0 |     0 |      0 |      0 |          0 |
+-----------------------------------------------------------------------------------------------+------------------------------------------------------------------------------------------------------+------------+------------+---------+------+-------+--------+--------+------------+
* Note: The sum of lower-level cells may be larger than their parent cells total, due to cross-hierarchy LUT combining


