Copyright 1986-2022 Xilinx, Inc. All Rights Reserved.
--------------------------------------------------------------------------------------------------------
| Tool Version : Vivado v.2022.2 (lin64) Build 3671981 Fri Oct 14 04:59:54 MDT 2022
| Date         : Tue Jun  2 10:41:25 2026
| Host         : manuale97-Prestige-15-A12UC running 64-bit Ubuntu 22.04.5 LTS
| Command      : report_timing -nworst 1 -delay_type max -sort_by group -file reports/ariane.timing.rpt
| Design       : ariane_xilinx
| Device       : 7k325t-ffg900
| Speed File   : -2  PRODUCTION 1.12 2017-02-17
--------------------------------------------------------------------------------------------------------

Timing Report

Slack (MET) :             0.177ns  (required time - arrival time)
  Source:                 i_ddr/u_xlnx_mig_7_ddr3_mig/u_memc_ui_top_axi/mem_intfc0/ddr_phy_top0/u_ddr_mc_phy_wrapper/u_ddr_mc_phy/ddr_phy_4lanes_1.u_ddr_phy_4lanes/phy_control_i/MEMREFCLK
                            (rising edge-triggered cell PHY_CONTROL clocked by mem_refclk  {rise@0.000ns fall@0.625ns period=1.250ns})
  Destination:            i_ddr/u_xlnx_mig_7_ddr3_mig/u_memc_ui_top_axi/mem_intfc0/ddr_phy_top0/u_ddr_mc_phy_wrapper/u_ddr_mc_phy/ddr_phy_4lanes_0.u_ddr_phy_4lanes/phy_control_i/PHYCTLMSTREMPTY
                            (rising edge-triggered cell PHY_CONTROL clocked by mem_refclk  {rise@0.000ns fall@0.625ns period=1.250ns})
  Path Group:             mem_refclk
  Path Type:              Setup (Max at Slow Process Corner)
  Requirement:            1.250ns  (mem_refclk rise@1.250ns - mem_refclk rise@0.000ns)
  Data Path Delay:        1.183ns  (logic 0.576ns (48.690%)  route 0.607ns (51.310%))
  Logic Levels:           0  
  Clock Path Skew:        0.165ns (DCD - SCD + CPR)
    Destination Clock Delay (DCD):    2.884ns = ( 4.134 - 1.250 ) 
    Source Clock Delay      (SCD):    2.975ns
    Clock Pessimism Removal (CPR):    0.255ns
  Clock Uncertainty:      0.047ns  ((TSJ^2 + DJ^2)^1/2) / 2 + PE
    Total System Jitter     (TSJ):    0.071ns
    Discrete Jitter          (DJ):    0.061ns
    Phase Error              (PE):    0.000ns

    Location             Delay type                Incr(ns)  Path(ns)    Netlist Resource(s)
  -------------------------------------------------------------------    -------------------
                         (clock mem_refclk rise edge)
                                                      0.000     0.000 r  
    AD12                                              0.000     0.000 r  sys_clk_p (IN)
                         net (fo=0)                   0.000     0.000    i_ddr/u_xlnx_mig_7_ddr3_mig/u_ddr3_clk_ibuf/sys_clk_p
    AD12                 IBUFDS (Prop_ibufds_I_O)     0.832     0.832 r  i_ddr/u_xlnx_mig_7_ddr3_mig/u_ddr3_clk_ibuf/diff_input_clk.u_ibufg_sys_clk/O
                         net (fo=3, routed)           1.098     1.930    i_ddr/u_xlnx_mig_7_ddr3_mig/u_ddr3_infrastructure/out
    PLLE2_ADV_X1Y1       PLLE2_ADV (Prop_plle2_adv_CLKIN1_CLKOUT1)
                                                      0.077     2.007 r  i_ddr/u_xlnx_mig_7_ddr3_mig/u_ddr3_infrastructure/plle2_i/CLKOUT1
                         net (fo=14, routed)          0.968     2.975    i_ddr/u_xlnx_mig_7_ddr3_mig/u_memc_ui_top_axi/mem_intfc0/ddr_phy_top0/u_ddr_mc_phy_wrapper/u_ddr_mc_phy/ddr_phy_4lanes_1.u_ddr_phy_4lanes/mem_refclk
    PHY_CONTROL_X1Y1     PHY_CONTROL                                  r  i_ddr/u_xlnx_mig_7_ddr3_mig/u_memc_ui_top_axi/mem_intfc0/ddr_phy_top0/u_ddr_mc_phy_wrapper/u_ddr_mc_phy/ddr_phy_4lanes_1.u_ddr_phy_4lanes/phy_control_i/MEMREFCLK
  -------------------------------------------------------------------    -------------------
    PHY_CONTROL_X1Y1     PHY_CONTROL (Prop_phy_control_MEMREFCLK_PHYCTLEMPTY)
                                                      0.576     3.551 r  i_ddr/u_xlnx_mig_7_ddr3_mig/u_memc_ui_top_axi/mem_intfc0/ddr_phy_top0/u_ddr_mc_phy_wrapper/u_ddr_mc_phy/ddr_phy_4lanes_1.u_ddr_phy_4lanes/phy_control_i/PHYCTLEMPTY
                         net (fo=2, routed)           0.607     4.158    i_ddr/u_xlnx_mig_7_ddr3_mig/u_memc_ui_top_axi/mem_intfc0/ddr_phy_top0/u_ddr_mc_phy_wrapper/u_ddr_mc_phy/ddr_phy_4lanes_0.u_ddr_phy_4lanes/phy_ctl_mstr_empty
    PHY_CONTROL_X1Y2     PHY_CONTROL                                  r  i_ddr/u_xlnx_mig_7_ddr3_mig/u_memc_ui_top_axi/mem_intfc0/ddr_phy_top0/u_ddr_mc_phy_wrapper/u_ddr_mc_phy/ddr_phy_4lanes_0.u_ddr_phy_4lanes/phy_control_i/PHYCTLMSTREMPTY
  -------------------------------------------------------------------    -------------------

                         (clock mem_refclk rise edge)
                                                      1.250     1.250 r  
    AD12                                              0.000     1.250 r  sys_clk_p (IN)
                         net (fo=0)                   0.000     1.250    i_ddr/u_xlnx_mig_7_ddr3_mig/u_ddr3_clk_ibuf/sys_clk_p
    AD12                 IBUFDS (Prop_ibufds_I_O)     0.735     1.985 r  i_ddr/u_xlnx_mig_7_ddr3_mig/u_ddr3_clk_ibuf/diff_input_clk.u_ibufg_sys_clk/O
                         net (fo=3, routed)           1.001     2.986    i_ddr/u_xlnx_mig_7_ddr3_mig/u_ddr3_infrastructure/out
    PLLE2_ADV_X1Y1       PLLE2_ADV (Prop_plle2_adv_CLKIN1_CLKOUT1)
                                                      0.073     3.059 r  i_ddr/u_xlnx_mig_7_ddr3_mig/u_ddr3_infrastructure/plle2_i/CLKOUT1
                         net (fo=14, routed)          1.075     4.134    i_ddr/u_xlnx_mig_7_ddr3_mig/u_memc_ui_top_axi/mem_intfc0/ddr_phy_top0/u_ddr_mc_phy_wrapper/u_ddr_mc_phy/ddr_phy_4lanes_0.u_ddr_phy_4lanes/mem_refclk
    PHY_CONTROL_X1Y2     PHY_CONTROL                                  r  i_ddr/u_xlnx_mig_7_ddr3_mig/u_memc_ui_top_axi/mem_intfc0/ddr_phy_top0/u_ddr_mc_phy_wrapper/u_ddr_mc_phy/ddr_phy_4lanes_0.u_ddr_phy_4lanes/phy_control_i/MEMREFCLK
                         clock pessimism              0.255     4.390    
                         clock uncertainty           -0.047     4.343    
    PHY_CONTROL_X1Y2     PHY_CONTROL (Setup_phy_control_MEMREFCLK_PHYCTLMSTREMPTY)
                                                     -0.008     4.335    i_ddr/u_xlnx_mig_7_ddr3_mig/u_memc_ui_top_axi/mem_intfc0/ddr_phy_top0/u_ddr_mc_phy_wrapper/u_ddr_mc_phy/ddr_phy_4lanes_0.u_ddr_phy_4lanes/phy_control_i
  -------------------------------------------------------------------
                         required time                          4.335    
                         arrival time                          -4.158    
  -------------------------------------------------------------------
                         slack                                  0.177    

Slack (MET) :             0.183ns  (required time - arrival time)
  Source:                 i_ddr/u_xlnx_mig_7_ddr3_mig/u_memc_ui_top_axi/mem_intfc0/ddr_phy_top0/u_ddr_mc_phy_wrapper/u_ddr_mc_phy/ddr_phy_4lanes_0.u_ddr_phy_4lanes/ddr_byte_lane_B.ddr_byte_lane_B/phaser_out/OCLKDELAYED
                            (rising edge-triggered cell PHASER_OUT_PHY clocked by oserdes_clk_1'  {rise@0.000ns fall@0.625ns period=1.250ns})
  Destination:            i_ddr/u_xlnx_mig_7_ddr3_mig/u_memc_ui_top_axi/mem_intfc0/ddr_phy_top0/u_ddr_mc_phy_wrapper/u_ddr_mc_phy/ddr_phy_4lanes_0.u_ddr_phy_4lanes/ddr_byte_lane_B.ddr_byte_lane_B/ddr_byte_group_io/dqs_gen.oddr_dqsts/D1
                            (rising edge-triggered cell ODDR clocked by oserdes_clk_1'  {rise@0.000ns fall@0.625ns period=1.250ns})
  Path Group:             oserdes_clk_1
  Path Type:              Setup (Max at Slow Process Corner)
  Requirement:            1.250ns  (oserdes_clk_1 fall@1.875ns - oserdes_clk_1 fall@0.625ns)
  Data Path Delay:        0.750ns  (logic 0.459ns (61.175%)  route 0.291ns (38.824%))
  Logic Levels:           0  
  Clock Path Skew:        0.288ns (DCD - SCD + CPR)
    Destination Clock Delay (DCD):    6.376ns = ( 8.251 - 1.875 ) 
    Source Clock Delay      (SCD):    6.506ns = ( 7.131 - 0.625 ) 
    Clock Pessimism Removal (CPR):    0.418ns
  Clock Uncertainty:      0.047ns  ((TSJ^2 + DJ^2)^1/2) / 2 + PE
    Total System Jitter     (TSJ):    0.071ns
    Discrete Jitter          (DJ):    0.061ns
    Phase Error              (PE):    0.000ns

    Location             Delay type                Incr(ns)  Path(ns)    Netlist Resource(s)
  -------------------------------------------------------------------    -------------------
                         (clock oserdes_clk_1 fall edge)
                                                      0.625     0.625 f  
    AD12                                              0.000     0.625 f  sys_clk_p (IN)
                         net (fo=0)                   0.000     0.625    i_ddr/u_xlnx_mig_7_ddr3_mig/u_ddr3_clk_ibuf/sys_clk_p
    AD12                 IBUFDS (Prop_ibufds_I_O)     0.832     1.457 f  i_ddr/u_xlnx_mig_7_ddr3_mig/u_ddr3_clk_ibuf/diff_input_clk.u_ibufg_sys_clk/O
                         net (fo=3, routed)           1.098     2.555    i_ddr/u_xlnx_mig_7_ddr3_mig/u_ddr3_infrastructure/out
    PLLE2_ADV_X1Y1       PLLE2_ADV (Prop_plle2_adv_CLKIN1_CLKOUT1)
                                                      0.077     2.632 f  i_ddr/u_xlnx_mig_7_ddr3_mig/u_ddr3_infrastructure/plle2_i/CLKOUT1
                         net (fo=14, routed)          1.188     3.820    i_ddr/u_xlnx_mig_7_ddr3_mig/u_memc_ui_top_axi/mem_intfc0/ddr_phy_top0/u_ddr_mc_phy_wrapper/u_ddr_mc_phy/ddr_phy_4lanes_0.u_ddr_phy_4lanes/ddr_byte_lane_B.ddr_byte_lane_B/mem_refclk
    PHASER_OUT_PHY_X1Y9  PHASER_OUT_PHY (Prop_phaser_out_phy_MEMREFCLK_OCLK)
                                                      2.083     5.903 f  i_ddr/u_xlnx_mig_7_ddr3_mig/u_memc_ui_top_axi/mem_intfc0/ddr_phy_top0/u_ddr_mc_phy_wrapper/u_ddr_mc_phy/ddr_phy_4lanes_0.u_ddr_phy_4lanes/ddr_byte_lane_B.ddr_byte_lane_B/phaser_out/OCLK
    PHASER_OUT_PHY_X1Y9  PHASER_OUT_PHY (Prop_phaser_out_phy_OCLK_OCLKDELAYED)
                                                      1.229     7.131 r  i_ddr/u_xlnx_mig_7_ddr3_mig/u_memc_ui_top_axi/mem_intfc0/ddr_phy_top0/u_ddr_mc_phy_wrapper/u_ddr_mc_phy/ddr_phy_4lanes_0.u_ddr_phy_4lanes/ddr_byte_lane_B.ddr_byte_lane_B/phaser_out/OCLKDELAYED
  -------------------------------------------------------------------    -------------------
    PHASER_OUT_PHY_X1Y9  PHASER_OUT_PHY (Prop_phaser_out_phy_OCLKDELAYED_CTSBUS[0])
                                                      0.459     7.590 r  i_ddr/u_xlnx_mig_7_ddr3_mig/u_memc_ui_top_axi/mem_intfc0/ddr_phy_top0/u_ddr_mc_phy_wrapper/u_ddr_mc_phy/ddr_phy_4lanes_0.u_ddr_phy_4lanes/ddr_byte_lane_B.ddr_byte_lane_B/phaser_out/CTSBUS[0]
                         net (fo=2, routed)           0.291     7.882    i_ddr/u_xlnx_mig_7_ddr3_mig/u_memc_ui_top_axi/mem_intfc0/ddr_phy_top0/u_ddr_mc_phy_wrapper/u_ddr_mc_phy/ddr_phy_4lanes_0.u_ddr_phy_4lanes/ddr_byte_lane_B.ddr_byte_lane_B/ddr_byte_group_io/CTSBUS[0]
    OLOGIC_X1Y120        ODDR                                         r  i_ddr/u_xlnx_mig_7_ddr3_mig/u_memc_ui_top_axi/mem_intfc0/ddr_phy_top0/u_ddr_mc_phy_wrapper/u_ddr_mc_phy/ddr_phy_4lanes_0.u_ddr_phy_4lanes/ddr_byte_lane_B.ddr_byte_lane_B/ddr_byte_group_io/dqs_gen.oddr_dqsts/D1
  -------------------------------------------------------------------    -------------------

                         (clock oserdes_clk_1 fall edge)
                                                      1.875     1.875 f  
    AD12                                              0.000     1.875 f  sys_clk_p (IN)
                         net (fo=0)                   0.000     1.875    i_ddr/u_xlnx_mig_7_ddr3_mig/u_ddr3_clk_ibuf/sys_clk_p
    AD12                 IBUFDS (Prop_ibufds_I_O)     0.735     2.610 f  i_ddr/u_xlnx_mig_7_ddr3_mig/u_ddr3_clk_ibuf/diff_input_clk.u_ibufg_sys_clk/O
                         net (fo=3, routed)           1.001     3.611    i_ddr/u_xlnx_mig_7_ddr3_mig/u_ddr3_infrastructure/out
    PLLE2_ADV_X1Y1       PLLE2_ADV (Prop_plle2_adv_CLKIN1_CLKOUT1)
                                                      0.073     3.684 f  i_ddr/u_xlnx_mig_7_ddr3_mig/u_ddr3_infrastructure/plle2_i/CLKOUT1
                         net (fo=14, routed)          1.061     4.745    i_ddr/u_xlnx_mig_7_ddr3_mig/u_memc_ui_top_axi/mem_intfc0/ddr_phy_top0/u_ddr_mc_phy_wrapper/u_ddr_mc_phy/ddr_phy_4lanes_0.u_ddr_phy_4lanes/ddr_byte_lane_B.ddr_byte_lane_B/mem_refclk
    PHASER_OUT_PHY_X1Y9  PHASER_OUT_PHY (Prop_phaser_out_phy_MEMREFCLK_OCLK)
                                                      2.027     6.772 f  i_ddr/u_xlnx_mig_7_ddr3_mig/u_memc_ui_top_axi/mem_intfc0/ddr_phy_top0/u_ddr_mc_phy_wrapper/u_ddr_mc_phy/ddr_phy_4lanes_0.u_ddr_phy_4lanes/ddr_byte_lane_B.ddr_byte_lane_B/phaser_out/OCLK
    PHASER_OUT_PHY_X1Y9  PHASER_OUT_PHY (Prop_phaser_out_phy_OCLK_OCLKDELAYED)
                                                      1.191     7.963 r  i_ddr/u_xlnx_mig_7_ddr3_mig/u_memc_ui_top_axi/mem_intfc0/ddr_phy_top0/u_ddr_mc_phy_wrapper/u_ddr_mc_phy/ddr_phy_4lanes_0.u_ddr_phy_4lanes/ddr_byte_lane_B.ddr_byte_lane_B/phaser_out/OCLKDELAYED
                         net (fo=2, routed)           0.288     8.251    i_ddr/u_xlnx_mig_7_ddr3_mig/u_memc_ui_top_axi/mem_intfc0/ddr_phy_top0/u_ddr_mc_phy_wrapper/u_ddr_mc_phy/ddr_phy_4lanes_0.u_ddr_phy_4lanes/ddr_byte_lane_B.ddr_byte_lane_B/ddr_byte_group_io/oserdes_clk_delayed
    OLOGIC_X1Y120        ODDR                                         r  i_ddr/u_xlnx_mig_7_ddr3_mig/u_memc_ui_top_axi/mem_intfc0/ddr_phy_top0/u_ddr_mc_phy_wrapper/u_ddr_mc_phy/ddr_phy_4lanes_0.u_ddr_phy_4lanes/ddr_byte_lane_B.ddr_byte_lane_B/ddr_byte_group_io/dqs_gen.oddr_dqsts/C
                         clock pessimism              0.418     8.669    
                         clock uncertainty           -0.047     8.623    
    OLOGIC_X1Y120        ODDR (Setup_oddr_C_D1)      -0.558     8.065    i_ddr/u_xlnx_mig_7_ddr3_mig/u_memc_ui_top_axi/mem_intfc0/ddr_phy_top0/u_ddr_mc_phy_wrapper/u_ddr_mc_phy/ddr_phy_4lanes_0.u_ddr_phy_4lanes/ddr_byte_lane_B.ddr_byte_lane_B/ddr_byte_group_io/dqs_gen.oddr_dqsts
  -------------------------------------------------------------------
                         required time                          8.065    
                         arrival time                          -7.882    
  -------------------------------------------------------------------
                         slack                                  0.183    

Slack (MET) :             0.191ns  (required time - arrival time)
  Source:                 i_ddr/u_xlnx_mig_7_ddr3_mig/u_memc_ui_top_axi/mem_intfc0/ddr_phy_top0/u_ddr_mc_phy_wrapper/u_ddr_mc_phy/ddr_phy_4lanes_0.u_ddr_phy_4lanes/ddr_byte_lane_C.ddr_byte_lane_C/phaser_out/OCLKDELAYED
                            (rising edge-triggered cell PHASER_OUT_PHY clocked by oserdes_clk_2'  {rise@0.000ns fall@0.625ns period=1.250ns})
  Destination:            i_ddr/u_xlnx_mig_7_ddr3_mig/u_memc_ui_top_axi/mem_intfc0/ddr_phy_top0/u_ddr_mc_phy_wrapper/u_ddr_mc_phy/ddr_phy_4lanes_0.u_ddr_phy_4lanes/ddr_byte_lane_C.ddr_byte_lane_C/ddr_byte_group_io/dqs_gen.oddr_dqsts/D1
                            (rising edge-triggered cell ODDR clocked by oserdes_clk_2'  {rise@0.000ns fall@0.625ns period=1.250ns})
  Path Group:             oserdes_clk_2
  Path Type:              Setup (Max at Slow Process Corner)
  Requirement:            1.250ns  (oserdes_clk_2 fall@1.875ns - oserdes_clk_2 fall@0.625ns)
  Data Path Delay:        0.750ns  (logic 0.459ns (61.175%)  route 0.291ns (38.824%))
  Logic Levels:           0  
  Clock Path Skew:        0.296ns (DCD - SCD + CPR)
    Destination Clock Delay (DCD):    6.393ns = ( 8.268 - 1.875 ) 
    Source Clock Delay      (SCD):    6.516ns = ( 7.141 - 0.625 ) 
    Clock Pessimism Removal (CPR):    0.419ns
  Clock Uncertainty:      0.047ns  ((TSJ^2 + DJ^2)^1/2) / 2 + PE
    Total System Jitter     (TSJ):    0.071ns
    Discrete Jitter          (DJ):    0.061ns
    Phase Error              (PE):    0.000ns

    Location             Delay type                Incr(ns)  Path(ns)    Netlist Resource(s)
  -------------------------------------------------------------------    -------------------
                         (clock oserdes_clk_2 fall edge)
                                                      0.625     0.625 f  
    AD12                                              0.000     0.625 f  sys_clk_p (IN)
                         net (fo=0)                   0.000     0.625    i_ddr/u_xlnx_mig_7_ddr3_mig/u_ddr3_clk_ibuf/sys_clk_p
    AD12                 IBUFDS (Prop_ibufds_I_O)     0.832     1.457 f  i_ddr/u_xlnx_mig_7_ddr3_mig/u_ddr3_clk_ibuf/diff_input_clk.u_ibufg_sys_clk/O
                         net (fo=3, routed)           1.098     2.555    i_ddr/u_xlnx_mig_7_ddr3_mig/u_ddr3_infrastructure/out
    PLLE2_ADV_X1Y1       PLLE2_ADV (Prop_plle2_adv_CLKIN1_CLKOUT1)
                                                      0.077     2.632 f  i_ddr/u_xlnx_mig_7_ddr3_mig/u_ddr3_infrastructure/plle2_i/CLKOUT1
                         net (fo=14, routed)          1.198     3.830    i_ddr/u_xlnx_mig_7_ddr3_mig/u_memc_ui_top_axi/mem_intfc0/ddr_phy_top0/u_ddr_mc_phy_wrapper/u_ddr_mc_phy/ddr_phy_4lanes_0.u_ddr_phy_4lanes/ddr_byte_lane_C.ddr_byte_lane_C/mem_refclk
    PHASER_OUT_PHY_X1Y10 PHASER_OUT_PHY (Prop_phaser_out_phy_MEMREFCLK_OCLK)
                                                      2.083     5.913 f  i_ddr/u_xlnx_mig_7_ddr3_mig/u_memc_ui_top_axi/mem_intfc0/ddr_phy_top0/u_ddr_mc_phy_wrapper/u_ddr_mc_phy/ddr_phy_4lanes_0.u_ddr_phy_4lanes/ddr_byte_lane_C.ddr_byte_lane_C/phaser_out/OCLK
    PHASER_OUT_PHY_X1Y10 PHASER_OUT_PHY (Prop_phaser_out_phy_OCLK_OCLKDELAYED)
                                                      1.229     7.141 r  i_ddr/u_xlnx_mig_7_ddr3_mig/u_memc_ui_top_axi/mem_intfc0/ddr_phy_top0/u_ddr_mc_phy_wrapper/u_ddr_mc_phy/ddr_phy_4lanes_0.u_ddr_phy_4lanes/ddr_byte_lane_C.ddr_byte_lane_C/phaser_out/OCLKDELAYED
  -------------------------------------------------------------------    -------------------
    PHASER_OUT_PHY_X1Y10 PHASER_OUT_PHY (Prop_phaser_out_phy_OCLKDELAYED_CTSBUS[0])
                                                      0.459     7.600 r  i_ddr/u_xlnx_mig_7_ddr3_mig/u_memc_ui_top_axi/mem_intfc0/ddr_phy_top0/u_ddr_mc_phy_wrapper/u_ddr_mc_phy/ddr_phy_4lanes_0.u_ddr_phy_4lanes/ddr_byte_lane_C.ddr_byte_lane_C/phaser_out/CTSBUS[0]
                         net (fo=2, routed)           0.291     7.892    i_ddr/u_xlnx_mig_7_ddr3_mig/u_memc_ui_top_axi/mem_intfc0/ddr_phy_top0/u_ddr_mc_phy_wrapper/u_ddr_mc_phy/ddr_phy_4lanes_0.u_ddr_phy_4lanes/ddr_byte_lane_C.ddr_byte_lane_C/ddr_byte_group_io/CTSBUS[0]
    OLOGIC_X1Y132        ODDR                                         r  i_ddr/u_xlnx_mig_7_ddr3_mig/u_memc_ui_top_axi/mem_intfc0/ddr_phy_top0/u_ddr_mc_phy_wrapper/u_ddr_mc_phy/ddr_phy_4lanes_0.u_ddr_phy_4lanes/ddr_byte_lane_C.ddr_byte_lane_C/ddr_byte_group_io/dqs_gen.oddr_dqsts/D1
  -------------------------------------------------------------------    -------------------

                         (clock oserdes_clk_2 fall edge)
                                                      1.875     1.875 f  
    AD12                                              0.000     1.875 f  sys_clk_p (IN)
                         net (fo=0)                   0.000     1.875    i_ddr/u_xlnx_mig_7_ddr3_mig/u_ddr3_clk_ibuf/sys_clk_p
    AD12                 IBUFDS (Prop_ibufds_I_O)     0.735     2.610 f  i_ddr/u_xlnx_mig_7_ddr3_mig/u_ddr3_clk_ibuf/diff_input_clk.u_ibufg_sys_clk/O
                         net (fo=3, routed)           1.001     3.611    i_ddr/u_xlnx_mig_7_ddr3_mig/u_ddr3_infrastructure/out
    PLLE2_ADV_X1Y1       PLLE2_ADV (Prop_plle2_adv_CLKIN1_CLKOUT1)
                                                      0.073     3.684 f  i_ddr/u_xlnx_mig_7_ddr3_mig/u_ddr3_infrastructure/plle2_i/CLKOUT1
                         net (fo=14, routed)          1.070     4.754    i_ddr/u_xlnx_mig_7_ddr3_mig/u_memc_ui_top_axi/mem_intfc0/ddr_phy_top0/u_ddr_mc_phy_wrapper/u_ddr_mc_phy/ddr_phy_4lanes_0.u_ddr_phy_4lanes/ddr_byte_lane_C.ddr_byte_lane_C/mem_refclk
    PHASER_OUT_PHY_X1Y10 PHASER_OUT_PHY (Prop_phaser_out_phy_MEMREFCLK_OCLK)
                                                      2.027     6.781 f  i_ddr/u_xlnx_mig_7_ddr3_mig/u_memc_ui_top_axi/mem_intfc0/ddr_phy_top0/u_ddr_mc_phy_wrapper/u_ddr_mc_phy/ddr_phy_4lanes_0.u_ddr_phy_4lanes/ddr_byte_lane_C.ddr_byte_lane_C/phaser_out/OCLK
    PHASER_OUT_PHY_X1Y10 PHASER_OUT_PHY (Prop_phaser_out_phy_OCLK_OCLKDELAYED)
                                                      1.191     7.972 r  i_ddr/u_xlnx_mig_7_ddr3_mig/u_memc_ui_top_axi/mem_intfc0/ddr_phy_top0/u_ddr_mc_phy_wrapper/u_ddr_mc_phy/ddr_phy_4lanes_0.u_ddr_phy_4lanes/ddr_byte_lane_C.ddr_byte_lane_C/phaser_out/OCLKDELAYED
                         net (fo=2, routed)           0.296     8.268    i_ddr/u_xlnx_mig_7_ddr3_mig/u_memc_ui_top_axi/mem_intfc0/ddr_phy_top0/u_ddr_mc_phy_wrapper/u_ddr_mc_phy/ddr_phy_4lanes_0.u_ddr_phy_4lanes/ddr_byte_lane_C.ddr_byte_lane_C/ddr_byte_group_io/oserdes_clk_delayed
    OLOGIC_X1Y132        ODDR                                         r  i_ddr/u_xlnx_mig_7_ddr3_mig/u_memc_ui_top_axi/mem_intfc0/ddr_phy_top0/u_ddr_mc_phy_wrapper/u_ddr_mc_phy/ddr_phy_4lanes_0.u_ddr_phy_4lanes/ddr_byte_lane_C.ddr_byte_lane_C/ddr_byte_group_io/dqs_gen.oddr_dqsts/C
                         clock pessimism              0.419     8.687    
                         clock uncertainty           -0.047     8.641    
    OLOGIC_X1Y132        ODDR (Setup_oddr_C_D1)      -0.558     8.083    i_ddr/u_xlnx_mig_7_ddr3_mig/u_memc_ui_top_axi/mem_intfc0/ddr_phy_top0/u_ddr_mc_phy_wrapper/u_ddr_mc_phy/ddr_phy_4lanes_0.u_ddr_phy_4lanes/ddr_byte_lane_C.ddr_byte_lane_C/ddr_byte_group_io/dqs_gen.oddr_dqsts
  -------------------------------------------------------------------
                         required time                          8.083    
                         arrival time                          -7.892    
  -------------------------------------------------------------------
                         slack                                  0.191    

Slack (MET) :             0.196ns  (required time - arrival time)
  Source:                 i_ddr/u_xlnx_mig_7_ddr3_mig/u_memc_ui_top_axi/mem_intfc0/ddr_phy_top0/u_ddr_mc_phy_wrapper/u_ddr_mc_phy/ddr_phy_4lanes_0.u_ddr_phy_4lanes/ddr_byte_lane_A.ddr_byte_lane_A/phaser_out/OCLKDELAYED
                            (rising edge-triggered cell PHASER_OUT_PHY clocked by oserdes_clk'  {rise@0.000ns fall@0.625ns period=1.250ns})
  Destination:            i_ddr/u_xlnx_mig_7_ddr3_mig/u_memc_ui_top_axi/mem_intfc0/ddr_phy_top0/u_ddr_mc_phy_wrapper/u_ddr_mc_phy/ddr_phy_4lanes_0.u_ddr_phy_4lanes/ddr_byte_lane_A.ddr_byte_lane_A/ddr_byte_group_io/dqs_gen.oddr_dqsts/D1
                            (rising edge-triggered cell ODDR clocked by oserdes_clk'  {rise@0.000ns fall@0.625ns period=1.250ns})
  Path Group:             oserdes_clk
  Path Type:              Setup (Max at Slow Process Corner)
  Requirement:            1.250ns  (oserdes_clk fall@1.875ns - oserdes_clk fall@0.625ns)
  Data Path Delay:        0.750ns  (logic 0.459ns (61.175%)  route 0.291ns (38.824%))
  Logic Levels:           0  
  Clock Path Skew:        0.301ns (DCD - SCD + CPR)
    Destination Clock Delay (DCD):    6.398ns = ( 8.273 - 1.875 ) 
    Source Clock Delay      (SCD):    6.516ns = ( 7.141 - 0.625 ) 
    Clock Pessimism Removal (CPR):    0.419ns
  Clock Uncertainty:      0.047ns  ((TSJ^2 + DJ^2)^1/2) / 2 + PE
    Total System Jitter     (TSJ):    0.071ns
    Discrete Jitter          (DJ):    0.061ns
    Phase Error              (PE):    0.000ns

    Location             Delay type                Incr(ns)  Path(ns)    Netlist Resource(s)
  -------------------------------------------------------------------    -------------------
                         (clock oserdes_clk fall edge)
                                                      0.625     0.625 f  
    AD12                                              0.000     0.625 f  sys_clk_p (IN)
                         net (fo=0)                   0.000     0.625    i_ddr/u_xlnx_mig_7_ddr3_mig/u_ddr3_clk_ibuf/sys_clk_p
    AD12                 IBUFDS (Prop_ibufds_I_O)     0.832     1.457 f  i_ddr/u_xlnx_mig_7_ddr3_mig/u_ddr3_clk_ibuf/diff_input_clk.u_ibufg_sys_clk/O
                         net (fo=3, routed)           1.098     2.555    i_ddr/u_xlnx_mig_7_ddr3_mig/u_ddr3_infrastructure/out
    PLLE2_ADV_X1Y1       PLLE2_ADV (Prop_plle2_adv_CLKIN1_CLKOUT1)
                                                      0.077     2.632 f  i_ddr/u_xlnx_mig_7_ddr3_mig/u_ddr3_infrastructure/plle2_i/CLKOUT1
                         net (fo=14, routed)          1.198     3.830    i_ddr/u_xlnx_mig_7_ddr3_mig/u_memc_ui_top_axi/mem_intfc0/ddr_phy_top0/u_ddr_mc_phy_wrapper/u_ddr_mc_phy/ddr_phy_4lanes_0.u_ddr_phy_4lanes/ddr_byte_lane_A.ddr_byte_lane_A/mem_refclk
    PHASER_OUT_PHY_X1Y8  PHASER_OUT_PHY (Prop_phaser_out_phy_MEMREFCLK_OCLK)
                                                      2.083     5.913 f  i_ddr/u_xlnx_mig_7_ddr3_mig/u_memc_ui_top_axi/mem_intfc0/ddr_phy_top0/u_ddr_mc_phy_wrapper/u_ddr_mc_phy/ddr_phy_4lanes_0.u_ddr_phy_4lanes/ddr_byte_lane_A.ddr_byte_lane_A/phaser_out/OCLK
    PHASER_OUT_PHY_X1Y8  PHASER_OUT_PHY (Prop_phaser_out_phy_OCLK_OCLKDELAYED)
                                                      1.229     7.141 r  i_ddr/u_xlnx_mig_7_ddr3_mig/u_memc_ui_top_axi/mem_intfc0/ddr_phy_top0/u_ddr_mc_phy_wrapper/u_ddr_mc_phy/ddr_phy_4lanes_0.u_ddr_phy_4lanes/ddr_byte_lane_A.ddr_byte_lane_A/phaser_out/OCLKDELAYED
  -------------------------------------------------------------------    -------------------
    PHASER_OUT_PHY_X1Y8  PHASER_OUT_PHY (Prop_phaser_out_phy_OCLKDELAYED_CTSBUS[0])
                                                      0.459     7.600 r  i_ddr/u_xlnx_mig_7_ddr3_mig/u_memc_ui_top_axi/mem_intfc0/ddr_phy_top0/u_ddr_mc_phy_wrapper/u_ddr_mc_phy/ddr_phy_4lanes_0.u_ddr_phy_4lanes/ddr_byte_lane_A.ddr_byte_lane_A/phaser_out/CTSBUS[0]
                         net (fo=2, routed)           0.291     7.892    i_ddr/u_xlnx_mig_7_ddr3_mig/u_memc_ui_top_axi/mem_intfc0/ddr_phy_top0/u_ddr_mc_phy_wrapper/u_ddr_mc_phy/ddr_phy_4lanes_0.u_ddr_phy_4lanes/ddr_byte_lane_A.ddr_byte_lane_A/ddr_byte_group_io/CTSBUS[0]
    OLOGIC_X1Y108        ODDR                                         r  i_ddr/u_xlnx_mig_7_ddr3_mig/u_memc_ui_top_axi/mem_intfc0/ddr_phy_top0/u_ddr_mc_phy_wrapper/u_ddr_mc_phy/ddr_phy_4lanes_0.u_ddr_phy_4lanes/ddr_byte_lane_A.ddr_byte_lane_A/ddr_byte_group_io/dqs_gen.oddr_dqsts/D1
  -------------------------------------------------------------------    -------------------

                         (clock oserdes_clk fall edge)
                                                      1.875     1.875 f  
    AD12                                              0.000     1.875 f  sys_clk_p (IN)
                         net (fo=0)                   0.000     1.875    i_ddr/u_xlnx_mig_7_ddr3_mig/u_ddr3_clk_ibuf/sys_clk_p
    AD12                 IBUFDS (Prop_ibufds_I_O)     0.735     2.610 f  i_ddr/u_xlnx_mig_7_ddr3_mig/u_ddr3_clk_ibuf/diff_input_clk.u_ibufg_sys_clk/O
                         net (fo=3, routed)           1.001     3.611    i_ddr/u_xlnx_mig_7_ddr3_mig/u_ddr3_infrastructure/out
    PLLE2_ADV_X1Y1       PLLE2_ADV (Prop_plle2_adv_CLKIN1_CLKOUT1)
                                                      0.073     3.684 f  i_ddr/u_xlnx_mig_7_ddr3_mig/u_ddr3_infrastructure/plle2_i/CLKOUT1
                         net (fo=14, routed)          1.070     4.754    i_ddr/u_xlnx_mig_7_ddr3_mig/u_memc_ui_top_axi/mem_intfc0/ddr_phy_top0/u_ddr_mc_phy_wrapper/u_ddr_mc_phy/ddr_phy_4lanes_0.u_ddr_phy_4lanes/ddr_byte_lane_A.ddr_byte_lane_A/mem_refclk
    PHASER_OUT_PHY_X1Y8  PHASER_OUT_PHY (Prop_phaser_out_phy_MEMREFCLK_OCLK)
                                                      2.027     6.781 f  i_ddr/u_xlnx_mig_7_ddr3_mig/u_memc_ui_top_axi/mem_intfc0/ddr_phy_top0/u_ddr_mc_phy_wrapper/u_ddr_mc_phy/ddr_phy_4lanes_0.u_ddr_phy_4lanes/ddr_byte_lane_A.ddr_byte_lane_A/phaser_out/OCLK
    PHASER_OUT_PHY_X1Y8  PHASER_OUT_PHY (Prop_phaser_out_phy_OCLK_OCLKDELAYED)
                                                      1.191     7.972 r  i_ddr/u_xlnx_mig_7_ddr3_mig/u_memc_ui_top_axi/mem_intfc0/ddr_phy_top0/u_ddr_mc_phy_wrapper/u_ddr_mc_phy/ddr_phy_4lanes_0.u_ddr_phy_4lanes/ddr_byte_lane_A.ddr_byte_lane_A/phaser_out/OCLKDELAYED
                         net (fo=2, routed)           0.301     8.273    i_ddr/u_xlnx_mig_7_ddr3_mig/u_memc_ui_top_axi/mem_intfc0/ddr_phy_top0/u_ddr_mc_phy_wrapper/u_ddr_mc_phy/ddr_phy_4lanes_0.u_ddr_phy_4lanes/ddr_byte_lane_A.ddr_byte_lane_A/ddr_byte_group_io/oserdes_clk_delayed
    OLOGIC_X1Y108        ODDR                                         r  i_ddr/u_xlnx_mig_7_ddr3_mig/u_memc_ui_top_axi/mem_intfc0/ddr_phy_top0/u_ddr_mc_phy_wrapper/u_ddr_mc_phy/ddr_phy_4lanes_0.u_ddr_phy_4lanes/ddr_byte_lane_A.ddr_byte_lane_A/ddr_byte_group_io/dqs_gen.oddr_dqsts/C
                         clock pessimism              0.419     8.692    
                         clock uncertainty           -0.047     8.646    
    OLOGIC_X1Y108        ODDR (Setup_oddr_C_D1)      -0.558     8.088    i_ddr/u_xlnx_mig_7_ddr3_mig/u_memc_ui_top_axi/mem_intfc0/ddr_phy_top0/u_ddr_mc_phy_wrapper/u_ddr_mc_phy/ddr_phy_4lanes_0.u_ddr_phy_4lanes/ddr_byte_lane_A.ddr_byte_lane_A/ddr_byte_group_io/dqs_gen.oddr_dqsts
  -------------------------------------------------------------------
                         required time                          8.088    
                         arrival time                          -7.892    
  -------------------------------------------------------------------
                         slack                                  0.196    

Slack (MET) :             0.203ns  (required time - arrival time)
  Source:                 i_ddr/u_xlnx_mig_7_ddr3_mig/u_memc_ui_top_axi/mem_intfc0/ddr_phy_top0/u_ddr_mc_phy_wrapper/u_ddr_mc_phy/ddr_phy_4lanes_0.u_ddr_phy_4lanes/ddr_byte_lane_D.ddr_byte_lane_D/phaser_out/OCLKDELAYED
                            (rising edge-triggered cell PHASER_OUT_PHY clocked by oserdes_clk_3'  {rise@0.000ns fall@0.625ns period=1.250ns})
  Destination:            i_ddr/u_xlnx_mig_7_ddr3_mig/u_memc_ui_top_axi/mem_intfc0/ddr_phy_top0/u_ddr_mc_phy_wrapper/u_ddr_mc_phy/ddr_phy_4lanes_0.u_ddr_phy_4lanes/ddr_byte_lane_D.ddr_byte_lane_D/ddr_byte_group_io/dqs_gen.oddr_dqsts/D1
                            (rising edge-triggered cell ODDR clocked by oserdes_clk_3'  {rise@0.000ns fall@0.625ns period=1.250ns})
  Path Group:             oserdes_clk_3
  Path Type:              Setup (Max at Slow Process Corner)
  Requirement:            1.250ns  (oserdes_clk_3 fall@1.875ns - oserdes_clk_3 fall@0.625ns)
  Data Path Delay:        0.750ns  (logic 0.459ns (61.175%)  route 0.291ns (38.824%))
  Logic Levels:           0  
  Clock Path Skew:        0.308ns (DCD - SCD + CPR)
    Destination Clock Delay (DCD):    6.396ns = ( 8.271 - 1.875 ) 
    Source Clock Delay      (SCD):    6.506ns = ( 7.131 - 0.625 ) 
    Clock Pessimism Removal (CPR):    0.418ns
  Clock Uncertainty:      0.047ns  ((TSJ^2 + DJ^2)^1/2) / 2 + PE
    Total System Jitter     (TSJ):    0.071ns
    Discrete Jitter          (DJ):    0.061ns
    Phase Error              (PE):    0.000ns

    Location             Delay type                Incr(ns)  Path(ns)    Netlist Resource(s)
  -------------------------------------------------------------------    -------------------
                         (clock oserdes_clk_3 fall edge)
                                                      0.625     0.625 f  
    AD12                                              0.000     0.625 f  sys_clk_p (IN)
                         net (fo=0)                   0.000     0.625    i_ddr/u_xlnx_mig_7_ddr3_mig/u_ddr3_clk_ibuf/sys_clk_p
    AD12                 IBUFDS (Prop_ibufds_I_O)     0.832     1.457 f  i_ddr/u_xlnx_mig_7_ddr3_mig/u_ddr3_clk_ibuf/diff_input_clk.u_ibufg_sys_clk/O
                         net (fo=3, routed)           1.098     2.555    i_ddr/u_xlnx_mig_7_ddr3_mig/u_ddr3_infrastructure/out
    PLLE2_ADV_X1Y1       PLLE2_ADV (Prop_plle2_adv_CLKIN1_CLKOUT1)
                                                      0.077     2.632 f  i_ddr/u_xlnx_mig_7_ddr3_mig/u_ddr3_infrastructure/plle2_i/CLKOUT1
                         net (fo=14, routed)          1.188     3.820    i_ddr/u_xlnx_mig_7_ddr3_mig/u_memc_ui_top_axi/mem_intfc0/ddr_phy_top0/u_ddr_mc_phy_wrapper/u_ddr_mc_phy/ddr_phy_4lanes_0.u_ddr_phy_4lanes/ddr_byte_lane_D.ddr_byte_lane_D/mem_refclk
    PHASER_OUT_PHY_X1Y11 PHASER_OUT_PHY (Prop_phaser_out_phy_MEMREFCLK_OCLK)
                                                      2.083     5.903 f  i_ddr/u_xlnx_mig_7_ddr3_mig/u_memc_ui_top_axi/mem_intfc0/ddr_phy_top0/u_ddr_mc_phy_wrapper/u_ddr_mc_phy/ddr_phy_4lanes_0.u_ddr_phy_4lanes/ddr_byte_lane_D.ddr_byte_lane_D/phaser_out/OCLK
    PHASER_OUT_PHY_X1Y11 PHASER_OUT_PHY (Prop_phaser_out_phy_OCLK_OCLKDELAYED)
                                                      1.229     7.131 r  i_ddr/u_xlnx_mig_7_ddr3_mig/u_memc_ui_top_axi/mem_intfc0/ddr_phy_top0/u_ddr_mc_phy_wrapper/u_ddr_mc_phy/ddr_phy_4lanes_0.u_ddr_phy_4lanes/ddr_byte_lane_D.ddr_byte_lane_D/phaser_out/OCLKDELAYED
  -------------------------------------------------------------------    -------------------
    PHASER_OUT_PHY_X1Y11 PHASER_OUT_PHY (Prop_phaser_out_phy_OCLKDELAYED_CTSBUS[0])
                                                      0.459     7.590 r  i_ddr/u_xlnx_mig_7_ddr3_mig/u_memc_ui_top_axi/mem_intfc0/ddr_phy_top0/u_ddr_mc_phy_wrapper/u_ddr_mc_phy/ddr_phy_4lanes_0.u_ddr_phy_4lanes/ddr_byte_lane_D.ddr_byte_lane_D/phaser_out/CTSBUS[0]
                         net (fo=2, routed)           0.291     7.882    i_ddr/u_xlnx_mig_7_ddr3_mig/u_memc_ui_top_axi/mem_intfc0/ddr_phy_top0/u_ddr_mc_phy_wrapper/u_ddr_mc_phy/ddr_phy_4lanes_0.u_ddr_phy_4lanes/ddr_byte_lane_D.ddr_byte_lane_D/ddr_byte_group_io/CTSBUS[0]
    OLOGIC_X1Y144        ODDR                                         r  i_ddr/u_xlnx_mig_7_ddr3_mig/u_memc_ui_top_axi/mem_intfc0/ddr_phy_top0/u_ddr_mc_phy_wrapper/u_ddr_mc_phy/ddr_phy_4lanes_0.u_ddr_phy_4lanes/ddr_byte_lane_D.ddr_byte_lane_D/ddr_byte_group_io/dqs_gen.oddr_dqsts/D1
  -------------------------------------------------------------------    -------------------

                         (clock oserdes_clk_3 fall edge)
                                                      1.875     1.875 f  
    AD12                                              0.000     1.875 f  sys_clk_p (IN)
                         net (fo=0)                   0.000     1.875    i_ddr/u_xlnx_mig_7_ddr3_mig/u_ddr3_clk_ibuf/sys_clk_p
    AD12                 IBUFDS (Prop_ibufds_I_O)     0.735     2.610 f  i_ddr/u_xlnx_mig_7_ddr3_mig/u_ddr3_clk_ibuf/diff_input_clk.u_ibufg_sys_clk/O
                         net (fo=3, routed)           1.001     3.611    i_ddr/u_xlnx_mig_7_ddr3_mig/u_ddr3_infrastructure/out
    PLLE2_ADV_X1Y1       PLLE2_ADV (Prop_plle2_adv_CLKIN1_CLKOUT1)
                                                      0.073     3.684 f  i_ddr/u_xlnx_mig_7_ddr3_mig/u_ddr3_infrastructure/plle2_i/CLKOUT1
                         net (fo=14, routed)          1.061     4.745    i_ddr/u_xlnx_mig_7_ddr3_mig/u_memc_ui_top_axi/mem_intfc0/ddr_phy_top0/u_ddr_mc_phy_wrapper/u_ddr_mc_phy/ddr_phy_4lanes_0.u_ddr_phy_4lanes/ddr_byte_lane_D.ddr_byte_lane_D/mem_refclk
    PHASER_OUT_PHY_X1Y11 PHASER_OUT_PHY (Prop_phaser_out_phy_MEMREFCLK_OCLK)
                                                      2.027     6.772 f  i_ddr/u_xlnx_mig_7_ddr3_mig/u_memc_ui_top_axi/mem_intfc0/ddr_phy_top0/u_ddr_mc_phy_wrapper/u_ddr_mc_phy/ddr_phy_4lanes_0.u_ddr_phy_4lanes/ddr_byte_lane_D.ddr_byte_lane_D/phaser_out/OCLK
    PHASER_OUT_PHY_X1Y11 PHASER_OUT_PHY (Prop_phaser_out_phy_OCLK_OCLKDELAYED)
                                                      1.191     7.963 r  i_ddr/u_xlnx_mig_7_ddr3_mig/u_memc_ui_top_axi/mem_intfc0/ddr_phy_top0/u_ddr_mc_phy_wrapper/u_ddr_mc_phy/ddr_phy_4lanes_0.u_ddr_phy_4lanes/ddr_byte_lane_D.ddr_byte_lane_D/phaser_out/OCLKDELAYED
                         net (fo=2, routed)           0.308     8.271    i_ddr/u_xlnx_mig_7_ddr3_mig/u_memc_ui_top_axi/mem_intfc0/ddr_phy_top0/u_ddr_mc_phy_wrapper/u_ddr_mc_phy/ddr_phy_4lanes_0.u_ddr_phy_4lanes/ddr_byte_lane_D.ddr_byte_lane_D/ddr_byte_group_io/oserdes_clk_delayed
    OLOGIC_X1Y144        ODDR                                         r  i_ddr/u_xlnx_mig_7_ddr3_mig/u_memc_ui_top_axi/mem_intfc0/ddr_phy_top0/u_ddr_mc_phy_wrapper/u_ddr_mc_phy/ddr_phy_4lanes_0.u_ddr_phy_4lanes/ddr_byte_lane_D.ddr_byte_lane_D/ddr_byte_group_io/dqs_gen.oddr_dqsts/C
                         clock pessimism              0.418     8.689    
                         clock uncertainty           -0.047     8.643    
    OLOGIC_X1Y144        ODDR (Setup_oddr_C_D1)      -0.558     8.085    i_ddr/u_xlnx_mig_7_ddr3_mig/u_memc_ui_top_axi/mem_intfc0/ddr_phy_top0/u_ddr_mc_phy_wrapper/u_ddr_mc_phy/ddr_phy_4lanes_0.u_ddr_phy_4lanes/ddr_byte_lane_D.ddr_byte_lane_D/ddr_byte_group_io/dqs_gen.oddr_dqsts
  -------------------------------------------------------------------
                         required time                          8.085    
                         arrival time                          -7.882    
  -------------------------------------------------------------------
                         slack                                  0.203    

Slack (MET) :             0.352ns  (required time - arrival time)
  Source:                 i_ddr/u_xlnx_mig_7_ddr3_mig/u_memc_ui_top_axi/mem_intfc0/ddr_phy_top0/u_ddr_mc_phy_wrapper/u_ddr_mc_phy/ddr_phy_4lanes_0.u_ddr_phy_4lanes/ddr_byte_lane_C.ddr_byte_lane_C/phaser_out/OCLK
                            (rising edge-triggered cell PHASER_OUT_PHY clocked by oserdes_clk_2  {rise@0.000ns fall@0.625ns period=1.250ns})
  Destination:            i_ddr/u_xlnx_mig_7_ddr3_mig/u_memc_ui_top_axi/mem_intfc0/ddr_phy_top0/u_ddr_mc_phy_wrapper/u_ddr_mc_phy/ddr_phy_4lanes_0.u_ddr_phy_4lanes/ddr_byte_lane_C.ddr_byte_lane_C/ddr_byte_group_io/output_[8].oserdes_dq_.ddr.oserdes_dq_i/RST
                            (rising edge-triggered cell OSERDESE2 clocked by oserdes_clkdiv_2  {rise@0.000ns fall@1.250ns period=2.500ns})
  Path Group:             oserdes_clkdiv_2
  Path Type:              Setup (Max at Slow Process Corner)
  Requirement:            2.500ns  (oserdes_clkdiv_2 rise@2.500ns - oserdes_clk_2 rise@0.000ns)
  Data Path Delay:        2.077ns  (logic 0.466ns (22.438%)  route 1.611ns (77.562%))
  Logic Levels:           0  
  Clock Path Skew:        0.429ns (DCD - SCD + CPR)
    Destination Clock Delay (DCD):    5.335ns = ( 7.835 - 2.500 ) 
    Source Clock Delay      (SCD):    5.288ns = ( 6.538 - 1.250 ) 
    Clock Pessimism Removal (CPR):    0.381ns
  Clock Uncertainty:      0.047ns  ((TSJ^2 + DJ^2)^1/2) / 2 + PE
    Total System Jitter     (TSJ):    0.071ns
    Discrete Jitter          (DJ):    0.061ns
    Phase Error              (PE):    0.000ns
  Timing Exception:       MultiCycle Path   Setup -start 2

    Location             Delay type                Incr(ns)  Path(ns)    Netlist Resource(s)
  -------------------------------------------------------------------    -------------------
                         (clock oserdes_clk_2 rise edge)
                                                      0.000     0.000 r  
    AD12                                              0.000     0.000 r  sys_clk_p (IN)
                         net (fo=0)                   0.000     0.000    i_ddr/u_xlnx_mig_7_ddr3_mig/u_ddr3_clk_ibuf/sys_clk_p
    AD12                 IBUFDS (Prop_ibufds_I_O)     0.832     0.832 r  i_ddr/u_xlnx_mig_7_ddr3_mig/u_ddr3_clk_ibuf/diff_input_clk.u_ibufg_sys_clk/O
                         net (fo=3, routed)           1.098     1.930    i_ddr/u_xlnx_mig_7_ddr3_mig/u_ddr3_infrastructure/out
    PLLE2_ADV_X1Y1       PLLE2_ADV (Prop_plle2_adv_CLKIN1_CLKOUT1)
                                                      0.077     2.007 r  i_ddr/u_xlnx_mig_7_ddr3_mig/u_ddr3_infrastructure/plle2_i/CLKOUT1
                         net (fo=14, routed)          1.198     3.205    i_ddr/u_xlnx_mig_7_ddr3_mig/u_memc_ui_top_axi/mem_intfc0/ddr_phy_top0/u_ddr_mc_phy_wrapper/u_ddr_mc_phy/ddr_phy_4lanes_0.u_ddr_phy_4lanes/ddr_byte_lane_C.ddr_byte_lane_C/mem_refclk
    PHASER_OUT_PHY_X1Y10 PHASER_OUT_PHY (Prop_phaser_out_phy_MEMREFCLK_OCLK)
                                                      2.083     5.288 r  i_ddr/u_xlnx_mig_7_ddr3_mig/u_memc_ui_top_axi/mem_intfc0/ddr_phy_top0/u_ddr_mc_phy_wrapper/u_ddr_mc_phy/ddr_phy_4lanes_0.u_ddr_phy_4lanes/ddr_byte_lane_C.ddr_byte_lane_C/phaser_out/OCLK
  -------------------------------------------------------------------    -------------------
    PHASER_OUT_PHY_X1Y10 PHASER_OUT_PHY (Prop_phaser_out_phy_OCLK_OSERDESRST)
                                                      0.466     5.754 r  i_ddr/u_xlnx_mig_7_ddr3_mig/u_memc_ui_top_axi/mem_intfc0/ddr_phy_top0/u_ddr_mc_phy_wrapper/u_ddr_mc_phy/ddr_phy_4lanes_0.u_ddr_phy_4lanes/ddr_byte_lane_C.ddr_byte_lane_C/phaser_out/OSERDESRST
                         net (fo=10, routed)          1.611     7.365    i_ddr/u_xlnx_mig_7_ddr3_mig/u_memc_ui_top_axi/mem_intfc0/ddr_phy_top0/u_ddr_mc_phy_wrapper/u_ddr_mc_phy/ddr_phy_4lanes_0.u_ddr_phy_4lanes/ddr_byte_lane_C.ddr_byte_lane_C/ddr_byte_group_io/po_oserdes_rst
    OLOGIC_X1Y135        OSERDESE2                                    r  i_ddr/u_xlnx_mig_7_ddr3_mig/u_memc_ui_top_axi/mem_intfc0/ddr_phy_top0/u_ddr_mc_phy_wrapper/u_ddr_mc_phy/ddr_phy_4lanes_0.u_ddr_phy_4lanes/ddr_byte_lane_C.ddr_byte_lane_C/ddr_byte_group_io/output_[8].oserdes_dq_.ddr.oserdes_dq_i/RST
  -------------------------------------------------------------------    -------------------

                         (clock oserdes_clkdiv_2 rise edge)
                                                      2.500     2.500 r  
    AD12                                              0.000     2.500 r  sys_clk_p (IN)
                         net (fo=0)                   0.000     2.500    i_ddr/u_xlnx_mig_7_ddr3_mig/u_ddr3_clk_ibuf/sys_clk_p
    AD12                 IBUFDS (Prop_ibufds_I_O)     0.735     3.235 r  i_ddr/u_xlnx_mig_7_ddr3_mig/u_ddr3_clk_ibuf/diff_input_clk.u_ibufg_sys_clk/O
                         net (fo=3, routed)           1.001     4.236    i_ddr/u_xlnx_mig_7_ddr3_mig/u_ddr3_infrastructure/out
    PLLE2_ADV_X1Y1       PLLE2_ADV (Prop_plle2_adv_CLKIN1_CLKOUT1)
                                                      0.073     4.309 r  i_ddr/u_xlnx_mig_7_ddr3_mig/u_ddr3_infrastructure/plle2_i/CLKOUT1
                         net (fo=14, routed)          1.070     5.379    i_ddr/u_xlnx_mig_7_ddr3_mig/u_memc_ui_top_axi/mem_intfc0/ddr_phy_top0/u_ddr_mc_phy_wrapper/u_ddr_mc_phy/ddr_phy_4lanes_0.u_ddr_phy_4lanes/ddr_byte_lane_C.ddr_byte_lane_C/mem_refclk
    PHASER_OUT_PHY_X1Y10 PHASER_OUT_PHY (Prop_phaser_out_phy_MEMREFCLK_OCLK)
                                                      2.027     7.406 r  i_ddr/u_xlnx_mig_7_ddr3_mig/u_memc_ui_top_axi/mem_intfc0/ddr_phy_top0/u_ddr_mc_phy_wrapper/u_ddr_mc_phy/ddr_phy_4lanes_0.u_ddr_phy_4lanes/ddr_byte_lane_C.ddr_byte_lane_C/phaser_out/OCLK
    PHASER_OUT_PHY_X1Y10 PHASER_OUT_PHY (Prop_phaser_out_phy_OCLK_OCLKDIV)
                                                      0.133     7.539 r  i_ddr/u_xlnx_mig_7_ddr3_mig/u_memc_ui_top_axi/mem_intfc0/ddr_phy_top0/u_ddr_mc_phy_wrapper/u_ddr_mc_phy/ddr_phy_4lanes_0.u_ddr_phy_4lanes/ddr_byte_lane_C.ddr_byte_lane_C/phaser_out/OCLKDIV
                         net (fo=11, routed)          0.296     7.835    i_ddr/u_xlnx_mig_7_ddr3_mig/u_memc_ui_top_axi/mem_intfc0/ddr_phy_top0/u_ddr_mc_phy_wrapper/u_ddr_mc_phy/ddr_phy_4lanes_0.u_ddr_phy_4lanes/ddr_byte_lane_C.ddr_byte_lane_C/ddr_byte_group_io/oserdes_clkdiv
    OLOGIC_X1Y135        OSERDESE2                                    r  i_ddr/u_xlnx_mig_7_ddr3_mig/u_memc_ui_top_axi/mem_intfc0/ddr_phy_top0/u_ddr_mc_phy_wrapper/u_ddr_mc_phy/ddr_phy_4lanes_0.u_ddr_phy_4lanes/ddr_byte_lane_C.ddr_byte_lane_C/ddr_byte_group_io/output_[8].oserdes_dq_.ddr.oserdes_dq_i/CLKDIV
                         clock pessimism              0.381     8.217    
                         clock uncertainty           -0.047     8.170    
    OLOGIC_X1Y135        OSERDESE2 (Setup_oserdese2_CLKDIV_RST)
                                                     -0.453     7.717    i_ddr/u_xlnx_mig_7_ddr3_mig/u_memc_ui_top_axi/mem_intfc0/ddr_phy_top0/u_ddr_mc_phy_wrapper/u_ddr_mc_phy/ddr_phy_4lanes_0.u_ddr_phy_4lanes/ddr_byte_lane_C.ddr_byte_lane_C/ddr_byte_group_io/output_[8].oserdes_dq_.ddr.oserdes_dq_i
  -------------------------------------------------------------------
                         required time                          7.717    
                         arrival time                          -7.365    
  -------------------------------------------------------------------
                         slack                                  0.352    

Slack (MET) :             0.363ns  (required time - arrival time)
  Source:                 i_ddr/u_xlnx_mig_7_ddr3_mig/u_memc_ui_top_axi/mem_intfc0/ddr_phy_top0/u_ddr_mc_phy_wrapper/u_ddr_mc_phy/ddr_phy_4lanes_1.u_ddr_phy_4lanes/ddr_byte_lane_C.ddr_byte_lane_C/phaser_out/OCLK
                            (rising edge-triggered cell PHASER_OUT_PHY clocked by oserdes_clk_6  {rise@0.000ns fall@0.625ns period=1.250ns})
  Destination:            i_ddr/u_xlnx_mig_7_ddr3_mig/u_memc_ui_top_axi/mem_intfc0/ddr_phy_top0/u_ddr_mc_phy_wrapper/u_ddr_mc_phy/ddr_phy_4lanes_1.u_ddr_phy_4lanes/ddr_byte_lane_C.ddr_byte_lane_C/ddr_byte_group_io/output_[11].oserdes_dq_.sdr.oserdes_dq_i/RST
                            (rising edge-triggered cell OSERDESE2 clocked by oserdes_clkdiv_6  {rise@0.000ns fall@2.500ns period=5.000ns})
  Path Group:             oserdes_clkdiv_6
  Path Type:              Setup (Max at Slow Process Corner)
  Requirement:            2.500ns  (oserdes_clkdiv_6 rise@5.000ns - oserdes_clk_6 rise@2.500ns)
  Data Path Delay:        2.064ns  (logic 0.466ns (22.578%)  route 1.598ns (77.422%))
  Logic Levels:           0  
  Clock Path Skew:        0.427ns (DCD - SCD + CPR)
    Destination Clock Delay (DCD):    5.123ns = ( 10.123 - 5.000 ) 
    Source Clock Delay      (SCD):    5.052ns = ( 8.802 - 3.750 ) 
    Clock Pessimism Removal (CPR):    0.355ns
  Clock Uncertainty:      0.047ns  ((TSJ^2 + DJ^2)^1/2) / 2 + PE
    Total System Jitter     (TSJ):    0.071ns
    Discrete Jitter          (DJ):    0.061ns
    Phase Error              (PE):    0.000ns
  Timing Exception:       MultiCycle Path   Setup -start 2

    Location             Delay type                Incr(ns)  Path(ns)    Netlist Resource(s)
  -------------------------------------------------------------------    -------------------
                         (clock oserdes_clk_6 rise edge)
                                                      2.500     2.500 r  
    AD12                                              0.000     2.500 r  sys_clk_p (IN)
                         net (fo=0)                   0.000     2.500    i_ddr/u_xlnx_mig_7_ddr3_mig/u_ddr3_clk_ibuf/sys_clk_p
    AD12                 IBUFDS (Prop_ibufds_I_O)     0.832     3.332 r  i_ddr/u_xlnx_mig_7_ddr3_mig/u_ddr3_clk_ibuf/diff_input_clk.u_ibufg_sys_clk/O
                         net (fo=3, routed)           1.098     4.430    i_ddr/u_xlnx_mig_7_ddr3_mig/u_ddr3_infrastructure/out
    PLLE2_ADV_X1Y1       PLLE2_ADV (Prop_plle2_adv_CLKIN1_CLKOUT1)
                                                      0.077     4.507 r  i_ddr/u_xlnx_mig_7_ddr3_mig/u_ddr3_infrastructure/plle2_i/CLKOUT1
                         net (fo=14, routed)          0.962     5.469    i_ddr/u_xlnx_mig_7_ddr3_mig/u_memc_ui_top_axi/mem_intfc0/ddr_phy_top0/u_ddr_mc_phy_wrapper/u_ddr_mc_phy/ddr_phy_4lanes_1.u_ddr_phy_4lanes/ddr_byte_lane_C.ddr_byte_lane_C/mem_refclk
    PHASER_OUT_PHY_X1Y6  PHASER_OUT_PHY (Prop_phaser_out_phy_MEMREFCLK_OCLK)
                                                      2.083     7.552 r  i_ddr/u_xlnx_mig_7_ddr3_mig/u_memc_ui_top_axi/mem_intfc0/ddr_phy_top0/u_ddr_mc_phy_wrapper/u_ddr_mc_phy/ddr_phy_4lanes_1.u_ddr_phy_4lanes/ddr_byte_lane_C.ddr_byte_lane_C/phaser_out/OCLK
  -------------------------------------------------------------------    -------------------
    PHASER_OUT_PHY_X1Y6  PHASER_OUT_PHY (Prop_phaser_out_phy_OCLK_OSERDESRST)
                                                      0.466     8.018 r  i_ddr/u_xlnx_mig_7_ddr3_mig/u_memc_ui_top_axi/mem_intfc0/ddr_phy_top0/u_ddr_mc_phy_wrapper/u_ddr_mc_phy/ddr_phy_4lanes_1.u_ddr_phy_4lanes/ddr_byte_lane_C.ddr_byte_lane_C/phaser_out/OSERDESRST
                         net (fo=10, routed)          1.598     9.616    i_ddr/u_xlnx_mig_7_ddr3_mig/u_memc_ui_top_axi/mem_intfc0/ddr_phy_top0/u_ddr_mc_phy_wrapper/u_ddr_mc_phy/ddr_phy_4lanes_1.u_ddr_phy_4lanes/ddr_byte_lane_C.ddr_byte_lane_C/ddr_byte_group_io/po_oserdes_rst
    OLOGIC_X1Y82         OSERDESE2                                    r  i_ddr/u_xlnx_mig_7_ddr3_mig/u_memc_ui_top_axi/mem_intfc0/ddr_phy_top0/u_ddr_mc_phy_wrapper/u_ddr_mc_phy/ddr_phy_4lanes_1.u_ddr_phy_4lanes/ddr_byte_lane_C.ddr_byte_lane_C/ddr_byte_group_io/output_[11].oserdes_dq_.sdr.oserdes_dq_i/RST
  -------------------------------------------------------------------    -------------------

                         (clock oserdes_clkdiv_6 rise edge)
                                                      5.000     5.000 r  
    AD12                                              0.000     5.000 r  sys_clk_p (IN)
                         net (fo=0)                   0.000     5.000    i_ddr/u_xlnx_mig_7_ddr3_mig/u_ddr3_clk_ibuf/sys_clk_p
    AD12                 IBUFDS (Prop_ibufds_I_O)     0.735     5.735 r  i_ddr/u_xlnx_mig_7_ddr3_mig/u_ddr3_clk_ibuf/diff_input_clk.u_ibufg_sys_clk/O
                         net (fo=3, routed)           1.001     6.736    i_ddr/u_xlnx_mig_7_ddr3_mig/u_ddr3_infrastructure/out
    PLLE2_ADV_X1Y1       PLLE2_ADV (Prop_plle2_adv_CLKIN1_CLKOUT1)
                                                      0.073     6.809 r  i_ddr/u_xlnx_mig_7_ddr3_mig/u_ddr3_infrastructure/plle2_i/CLKOUT1
                         net (fo=14, routed)          0.860     7.669    i_ddr/u_xlnx_mig_7_ddr3_mig/u_memc_ui_top_axi/mem_intfc0/ddr_phy_top0/u_ddr_mc_phy_wrapper/u_ddr_mc_phy/ddr_phy_4lanes_1.u_ddr_phy_4lanes/ddr_byte_lane_C.ddr_byte_lane_C/mem_refclk
    PHASER_OUT_PHY_X1Y6  PHASER_OUT_PHY (Prop_phaser_out_phy_MEMREFCLK_OCLK)
                                                      2.027     9.696 r  i_ddr/u_xlnx_mig_7_ddr3_mig/u_memc_ui_top_axi/mem_intfc0/ddr_phy_top0/u_ddr_mc_phy_wrapper/u_ddr_mc_phy/ddr_phy_4lanes_1.u_ddr_phy_4lanes/ddr_byte_lane_C.ddr_byte_lane_C/phaser_out/OCLK
    PHASER_OUT_PHY_X1Y6  PHASER_OUT_PHY (Prop_phaser_out_phy_OCLK_OCLKDIV)
                                                      0.133     9.829 r  i_ddr/u_xlnx_mig_7_ddr3_mig/u_memc_ui_top_axi/mem_intfc0/ddr_phy_top0/u_ddr_mc_phy_wrapper/u_ddr_mc_phy/ddr_phy_4lanes_1.u_ddr_phy_4lanes/ddr_byte_lane_C.ddr_byte_lane_C/phaser_out/OCLKDIV
                         net (fo=11, routed)          0.294    10.123    i_ddr/u_xlnx_mig_7_ddr3_mig/u_memc_ui_top_axi/mem_intfc0/ddr_phy_top0/u_ddr_mc_phy_wrapper/u_ddr_mc_phy/ddr_phy_4lanes_1.u_ddr_phy_4lanes/ddr_byte_lane_C.ddr_byte_lane_C/ddr_byte_group_io/oserdes_clkdiv
    OLOGIC_X1Y82         OSERDESE2                                    r  i_ddr/u_xlnx_mig_7_ddr3_mig/u_memc_ui_top_axi/mem_intfc0/ddr_phy_top0/u_ddr_mc_phy_wrapper/u_ddr_mc_phy/ddr_phy_4lanes_1.u_ddr_phy_4lanes/ddr_byte_lane_C.ddr_byte_lane_C/ddr_byte_group_io/output_[11].oserdes_dq_.sdr.oserdes_dq_i/CLKDIV
                         clock pessimism              0.355    10.479    
                         clock uncertainty           -0.047    10.432    
    OLOGIC_X1Y82         OSERDESE2 (Setup_oserdese2_CLKDIV_RST)
                                                     -0.453     9.979    i_ddr/u_xlnx_mig_7_ddr3_mig/u_memc_ui_top_axi/mem_intfc0/ddr_phy_top0/u_ddr_mc_phy_wrapper/u_ddr_mc_phy/ddr_phy_4lanes_1.u_ddr_phy_4lanes/ddr_byte_lane_C.ddr_byte_lane_C/ddr_byte_group_io/output_[11].oserdes_dq_.sdr.oserdes_dq_i
  -------------------------------------------------------------------
                         required time                          9.979    
                         arrival time                          -9.616    
  -------------------------------------------------------------------
                         slack                                  0.363    

Slack (MET) :             0.367ns  (required time - arrival time)
  Source:                 i_ddr/u_xlnx_mig_7_ddr3_mig/u_memc_ui_top_axi/mem_intfc0/ddr_phy_top0/u_ddr_mc_phy_wrapper/u_ddr_mc_phy/ddr_phy_4lanes_0.u_ddr_phy_4lanes/ddr_byte_lane_A.ddr_byte_lane_A/phaser_out/OCLK
                            (rising edge-triggered cell PHASER_OUT_PHY clocked by oserdes_clk  {rise@0.000ns fall@0.625ns period=1.250ns})
  Destination:            i_ddr/u_xlnx_mig_7_ddr3_mig/u_memc_ui_top_axi/mem_intfc0/ddr_phy_top0/u_ddr_mc_phy_wrapper/u_ddr_mc_phy/ddr_phy_4lanes_0.u_ddr_phy_4lanes/ddr_byte_lane_A.ddr_byte_lane_A/ddr_byte_group_io/output_[0].oserdes_dq_.ddr.oserdes_dq_i/RST
                            (rising edge-triggered cell OSERDESE2 clocked by oserdes_clkdiv  {rise@0.000ns fall@1.250ns period=2.500ns})
  Path Group:             oserdes_clkdiv
  Path Type:              Setup (Max at Slow Process Corner)
  Requirement:            2.500ns  (oserdes_clkdiv rise@2.500ns - oserdes_clk rise@0.000ns)
  Data Path Delay:        2.067ns  (logic 0.466ns (22.539%)  route 1.601ns (77.461%))
  Logic Levels:           0  
  Clock Path Skew:        0.434ns (DCD - SCD + CPR)
    Destination Clock Delay (DCD):    5.340ns = ( 7.840 - 2.500 ) 
    Source Clock Delay      (SCD):    5.288ns = ( 6.538 - 1.250 ) 
    Clock Pessimism Removal (CPR):    0.381ns
  Clock Uncertainty:      0.047ns  ((TSJ^2 + DJ^2)^1/2) / 2 + PE
    Total System Jitter     (TSJ):    0.071ns
    Discrete Jitter          (DJ):    0.061ns
    Phase Error              (PE):    0.000ns
  Timing Exception:       MultiCycle Path   Setup -start 2

    Location             Delay type                Incr(ns)  Path(ns)    Netlist Resource(s)
  -------------------------------------------------------------------    -------------------
                         (clock oserdes_clk rise edge)
                                                      0.000     0.000 r  
    AD12                                              0.000     0.000 r  sys_clk_p (IN)
                         net (fo=0)                   0.000     0.000    i_ddr/u_xlnx_mig_7_ddr3_mig/u_ddr3_clk_ibuf/sys_clk_p
    AD12                 IBUFDS (Prop_ibufds_I_O)     0.832     0.832 r  i_ddr/u_xlnx_mig_7_ddr3_mig/u_ddr3_clk_ibuf/diff_input_clk.u_ibufg_sys_clk/O
                         net (fo=3, routed)           1.098     1.930    i_ddr/u_xlnx_mig_7_ddr3_mig/u_ddr3_infrastructure/out
    PLLE2_ADV_X1Y1       PLLE2_ADV (Prop_plle2_adv_CLKIN1_CLKOUT1)
                                                      0.077     2.007 r  i_ddr/u_xlnx_mig_7_ddr3_mig/u_ddr3_infrastructure/plle2_i/CLKOUT1
                         net (fo=14, routed)          1.198     3.205    i_ddr/u_xlnx_mig_7_ddr3_mig/u_memc_ui_top_axi/mem_intfc0/ddr_phy_top0/u_ddr_mc_phy_wrapper/u_ddr_mc_phy/ddr_phy_4lanes_0.u_ddr_phy_4lanes/ddr_byte_lane_A.ddr_byte_lane_A/mem_refclk
    PHASER_OUT_PHY_X1Y8  PHASER_OUT_PHY (Prop_phaser_out_phy_MEMREFCLK_OCLK)
                                                      2.083     5.288 r  i_ddr/u_xlnx_mig_7_ddr3_mig/u_memc_ui_top_axi/mem_intfc0/ddr_phy_top0/u_ddr_mc_phy_wrapper/u_ddr_mc_phy/ddr_phy_4lanes_0.u_ddr_phy_4lanes/ddr_byte_lane_A.ddr_byte_lane_A/phaser_out/OCLK
  -------------------------------------------------------------------    -------------------
    PHASER_OUT_PHY_X1Y8  PHASER_OUT_PHY (Prop_phaser_out_phy_OCLK_OSERDESRST)
                                                      0.466     5.754 r  i_ddr/u_xlnx_mig_7_ddr3_mig/u_memc_ui_top_axi/mem_intfc0/ddr_phy_top0/u_ddr_mc_phy_wrapper/u_ddr_mc_phy/ddr_phy_4lanes_0.u_ddr_phy_4lanes/ddr_byte_lane_A.ddr_byte_lane_A/phaser_out/OSERDESRST
                         net (fo=10, routed)          1.601     7.355    i_ddr/u_xlnx_mig_7_ddr3_mig/u_memc_ui_top_axi/mem_intfc0/ddr_phy_top0/u_ddr_mc_phy_wrapper/u_ddr_mc_phy/ddr_phy_4lanes_0.u_ddr_phy_4lanes/ddr_byte_lane_A.ddr_byte_lane_A/ddr_byte_group_io/po_oserdes_rst
    OLOGIC_X1Y101        OSERDESE2                                    r  i_ddr/u_xlnx_mig_7_ddr3_mig/u_memc_ui_top_axi/mem_intfc0/ddr_phy_top0/u_ddr_mc_phy_wrapper/u_ddr_mc_phy/ddr_phy_4lanes_0.u_ddr_phy_4lanes/ddr_byte_lane_A.ddr_byte_lane_A/ddr_byte_group_io/output_[0].oserdes_dq_.ddr.oserdes_dq_i/RST
  -------------------------------------------------------------------    -------------------

                         (clock oserdes_clkdiv rise edge)
                                                      2.500     2.500 r  
    AD12                                              0.000     2.500 r  sys_clk_p (IN)
                         net (fo=0)                   0.000     2.500    i_ddr/u_xlnx_mig_7_ddr3_mig/u_ddr3_clk_ibuf/sys_clk_p
    AD12                 IBUFDS (Prop_ibufds_I_O)     0.735     3.235 r  i_ddr/u_xlnx_mig_7_ddr3_mig/u_ddr3_clk_ibuf/diff_input_clk.u_ibufg_sys_clk/O
                         net (fo=3, routed)           1.001     4.236    i_ddr/u_xlnx_mig_7_ddr3_mig/u_ddr3_infrastructure/out
    PLLE2_ADV_X1Y1       PLLE2_ADV (Prop_plle2_adv_CLKIN1_CLKOUT1)
                                                      0.073     4.309 r  i_ddr/u_xlnx_mig_7_ddr3_mig/u_ddr3_infrastructure/plle2_i/CLKOUT1
                         net (fo=14, routed)          1.070     5.379    i_ddr/u_xlnx_mig_7_ddr3_mig/u_memc_ui_top_axi/mem_intfc0/ddr_phy_top0/u_ddr_mc_phy_wrapper/u_ddr_mc_phy/ddr_phy_4lanes_0.u_ddr_phy_4lanes/ddr_byte_lane_A.ddr_byte_lane_A/mem_refclk
    PHASER_OUT_PHY_X1Y8  PHASER_OUT_PHY (Prop_phaser_out_phy_MEMREFCLK_OCLK)
                                                      2.027     7.406 r  i_ddr/u_xlnx_mig_7_ddr3_mig/u_memc_ui_top_axi/mem_intfc0/ddr_phy_top0/u_ddr_mc_phy_wrapper/u_ddr_mc_phy/ddr_phy_4lanes_0.u_ddr_phy_4lanes/ddr_byte_lane_A.ddr_byte_lane_A/phaser_out/OCLK
    PHASER_OUT_PHY_X1Y8  PHASER_OUT_PHY (Prop_phaser_out_phy_OCLK_OCLKDIV)
                                                      0.133     7.539 r  i_ddr/u_xlnx_mig_7_ddr3_mig/u_memc_ui_top_axi/mem_intfc0/ddr_phy_top0/u_ddr_mc_phy_wrapper/u_ddr_mc_phy/ddr_phy_4lanes_0.u_ddr_phy_4lanes/ddr_byte_lane_A.ddr_byte_lane_A/phaser_out/OCLKDIV
                         net (fo=11, routed)          0.301     7.840    i_ddr/u_xlnx_mig_7_ddr3_mig/u_memc_ui_top_axi/mem_intfc0/ddr_phy_top0/u_ddr_mc_phy_wrapper/u_ddr_mc_phy/ddr_phy_4lanes_0.u_ddr_phy_4lanes/ddr_byte_lane_A.ddr_byte_lane_A/ddr_byte_group_io/oserdes_clkdiv
    OLOGIC_X1Y101        OSERDESE2                                    r  i_ddr/u_xlnx_mig_7_ddr3_mig/u_memc_ui_top_axi/mem_intfc0/ddr_phy_top0/u_ddr_mc_phy_wrapper/u_ddr_mc_phy/ddr_phy_4lanes_0.u_ddr_phy_4lanes/ddr_byte_lane_A.ddr_byte_lane_A/ddr_byte_group_io/output_[0].oserdes_dq_.ddr.oserdes_dq_i/CLKDIV
                         clock pessimism              0.381     8.222    
                         clock uncertainty           -0.047     8.175    
    OLOGIC_X1Y101        OSERDESE2 (Setup_oserdese2_CLKDIV_RST)
                                                     -0.453     7.722    i_ddr/u_xlnx_mig_7_ddr3_mig/u_memc_ui_top_axi/mem_intfc0/ddr_phy_top0/u_ddr_mc_phy_wrapper/u_ddr_mc_phy/ddr_phy_4lanes_0.u_ddr_phy_4lanes/ddr_byte_lane_A.ddr_byte_lane_A/ddr_byte_group_io/output_[0].oserdes_dq_.ddr.oserdes_dq_i
  -------------------------------------------------------------------
                         required time                          7.722    
                         arrival time                          -7.355    
  -------------------------------------------------------------------
                         slack                                  0.367    

Slack (MET) :             0.397ns  (required time - arrival time)
  Source:                 i_ddr/u_xlnx_mig_7_ddr3_mig/u_memc_ui_top_axi/mem_intfc0/ddr_phy_top0/u_ddr_mc_phy_wrapper/u_ddr_mc_phy/ddr_phy_4lanes_1.u_ddr_phy_4lanes/ddr_byte_lane_D.ddr_byte_lane_D/phaser_out/OCLK
                            (rising edge-triggered cell PHASER_OUT_PHY clocked by oserdes_clk_7  {rise@0.000ns fall@0.625ns period=1.250ns})
  Destination:            i_ddr/u_xlnx_mig_7_ddr3_mig/u_memc_ui_top_axi/mem_intfc0/ddr_phy_top0/u_ddr_mc_phy_wrapper/u_ddr_mc_phy/ddr_phy_4lanes_1.u_ddr_phy_4lanes/ddr_byte_lane_D.ddr_byte_lane_D/ddr_byte_group_io/output_[6].oserdes_dq_.sdr.oserdes_dq_i/RST
                            (rising edge-triggered cell OSERDESE2 clocked by oserdes_clkdiv_7  {rise@0.000ns fall@2.500ns period=5.000ns})
  Path Group:             oserdes_clkdiv_7
  Path Type:              Setup (Max at Slow Process Corner)
  Requirement:            2.500ns  (oserdes_clkdiv_7 rise@5.000ns - oserdes_clk_7 rise@2.500ns)
  Data Path Delay:        2.044ns  (logic 0.466ns (22.803%)  route 1.578ns (77.197%))
  Logic Levels:           0  
  Clock Path Skew:        0.440ns (DCD - SCD + CPR)
    Destination Clock Delay (DCD):    5.127ns = ( 10.127 - 5.000 ) 
    Source Clock Delay      (SCD):    5.042ns = ( 8.792 - 3.750 ) 
    Clock Pessimism Removal (CPR):    0.354ns
  Clock Uncertainty:      0.047ns  ((TSJ^2 + DJ^2)^1/2) / 2 + PE
    Total System Jitter     (TSJ):    0.071ns
    Discrete Jitter          (DJ):    0.061ns
    Phase Error              (PE):    0.000ns
  Timing Exception:       MultiCycle Path   Setup -start 2

    Location             Delay type                Incr(ns)  Path(ns)    Netlist Resource(s)
  -------------------------------------------------------------------    -------------------
                         (clock oserdes_clk_7 rise edge)
                                                      2.500     2.500 r  
    AD12                                              0.000     2.500 r  sys_clk_p (IN)
                         net (fo=0)                   0.000     2.500    i_ddr/u_xlnx_mig_7_ddr3_mig/u_ddr3_clk_ibuf/sys_clk_p
    AD12                 IBUFDS (Prop_ibufds_I_O)     0.832     3.332 r  i_ddr/u_xlnx_mig_7_ddr3_mig/u_ddr3_clk_ibuf/diff_input_clk.u_ibufg_sys_clk/O
                         net (fo=3, routed)           1.098     4.430    i_ddr/u_xlnx_mig_7_ddr3_mig/u_ddr3_infrastructure/out
    PLLE2_ADV_X1Y1       PLLE2_ADV (Prop_plle2_adv_CLKIN1_CLKOUT1)
                                                      0.077     4.507 r  i_ddr/u_xlnx_mig_7_ddr3_mig/u_ddr3_infrastructure/plle2_i/CLKOUT1
                         net (fo=14, routed)          0.952     5.459    i_ddr/u_xlnx_mig_7_ddr3_mig/u_memc_ui_top_axi/mem_intfc0/ddr_phy_top0/u_ddr_mc_phy_wrapper/u_ddr_mc_phy/ddr_phy_4lanes_1.u_ddr_phy_4lanes/ddr_byte_lane_D.ddr_byte_lane_D/mem_refclk
    PHASER_OUT_PHY_X1Y7  PHASER_OUT_PHY (Prop_phaser_out_phy_MEMREFCLK_OCLK)
                                                      2.083     7.542 r  i_ddr/u_xlnx_mig_7_ddr3_mig/u_memc_ui_top_axi/mem_intfc0/ddr_phy_top0/u_ddr_mc_phy_wrapper/u_ddr_mc_phy/ddr_phy_4lanes_1.u_ddr_phy_4lanes/ddr_byte_lane_D.ddr_byte_lane_D/phaser_out/OCLK
  -------------------------------------------------------------------    -------------------
    PHASER_OUT_PHY_X1Y7  PHASER_OUT_PHY (Prop_phaser_out_phy_OCLK_OSERDESRST)
                                                      0.466     8.008 r  i_ddr/u_xlnx_mig_7_ddr3_mig/u_memc_ui_top_axi/mem_intfc0/ddr_phy_top0/u_ddr_mc_phy_wrapper/u_ddr_mc_phy/ddr_phy_4lanes_1.u_ddr_phy_4lanes/ddr_byte_lane_D.ddr_byte_lane_D/phaser_out/OSERDESRST
                         net (fo=9, routed)           1.578     9.585    i_ddr/u_xlnx_mig_7_ddr3_mig/u_memc_ui_top_axi/mem_intfc0/ddr_phy_top0/u_ddr_mc_phy_wrapper/u_ddr_mc_phy/ddr_phy_4lanes_1.u_ddr_phy_4lanes/ddr_byte_lane_D.ddr_byte_lane_D/ddr_byte_group_io/po_oserdes_rst
    OLOGIC_X1Y95         OSERDESE2                                    r  i_ddr/u_xlnx_mig_7_ddr3_mig/u_memc_ui_top_axi/mem_intfc0/ddr_phy_top0/u_ddr_mc_phy_wrapper/u_ddr_mc_phy/ddr_phy_4lanes_1.u_ddr_phy_4lanes/ddr_byte_lane_D.ddr_byte_lane_D/ddr_byte_group_io/output_[6].oserdes_dq_.sdr.oserdes_dq_i/RST
  -------------------------------------------------------------------    -------------------

                         (clock oserdes_clkdiv_7 rise edge)
                                                      5.000     5.000 r  
    AD12                                              0.000     5.000 r  sys_clk_p (IN)
                         net (fo=0)                   0.000     5.000    i_ddr/u_xlnx_mig_7_ddr3_mig/u_ddr3_clk_ibuf/sys_clk_p
    AD12                 IBUFDS (Prop_ibufds_I_O)     0.735     5.735 r  i_ddr/u_xlnx_mig_7_ddr3_mig/u_ddr3_clk_ibuf/diff_input_clk.u_ibufg_sys_clk/O
                         net (fo=3, routed)           1.001     6.736    i_ddr/u_xlnx_mig_7_ddr3_mig/u_ddr3_infrastructure/out
    PLLE2_ADV_X1Y1       PLLE2_ADV (Prop_plle2_adv_CLKIN1_CLKOUT1)
                                                      0.073     6.809 r  i_ddr/u_xlnx_mig_7_ddr3_mig/u_ddr3_infrastructure/plle2_i/CLKOUT1
                         net (fo=14, routed)          0.851     7.660    i_ddr/u_xlnx_mig_7_ddr3_mig/u_memc_ui_top_axi/mem_intfc0/ddr_phy_top0/u_ddr_mc_phy_wrapper/u_ddr_mc_phy/ddr_phy_4lanes_1.u_ddr_phy_4lanes/ddr_byte_lane_D.ddr_byte_lane_D/mem_refclk
    PHASER_OUT_PHY_X1Y7  PHASER_OUT_PHY (Prop_phaser_out_phy_MEMREFCLK_OCLK)
                                                      2.027     9.687 r  i_ddr/u_xlnx_mig_7_ddr3_mig/u_memc_ui_top_axi/mem_intfc0/ddr_phy_top0/u_ddr_mc_phy_wrapper/u_ddr_mc_phy/ddr_phy_4lanes_1.u_ddr_phy_4lanes/ddr_byte_lane_D.ddr_byte_lane_D/phaser_out/OCLK
    PHASER_OUT_PHY_X1Y7  PHASER_OUT_PHY (Prop_phaser_out_phy_OCLK_OCLKDIV)
                                                      0.133     9.820 r  i_ddr/u_xlnx_mig_7_ddr3_mig/u_memc_ui_top_axi/mem_intfc0/ddr_phy_top0/u_ddr_mc_phy_wrapper/u_ddr_mc_phy/ddr_phy_4lanes_1.u_ddr_phy_4lanes/ddr_byte_lane_D.ddr_byte_lane_D/phaser_out/OCLKDIV
                         net (fo=10, routed)          0.307    10.127    i_ddr/u_xlnx_mig_7_ddr3_mig/u_memc_ui_top_axi/mem_intfc0/ddr_phy_top0/u_ddr_mc_phy_wrapper/u_ddr_mc_phy/ddr_phy_4lanes_1.u_ddr_phy_4lanes/ddr_byte_lane_D.ddr_byte_lane_D/ddr_byte_group_io/oserdes_clkdiv
    OLOGIC_X1Y95         OSERDESE2                                    r  i_ddr/u_xlnx_mig_7_ddr3_mig/u_memc_ui_top_axi/mem_intfc0/ddr_phy_top0/u_ddr_mc_phy_wrapper/u_ddr_mc_phy/ddr_phy_4lanes_1.u_ddr_phy_4lanes/ddr_byte_lane_D.ddr_byte_lane_D/ddr_byte_group_io/output_[6].oserdes_dq_.sdr.oserdes_dq_i/CLKDIV
                         clock pessimism              0.354    10.482    
                         clock uncertainty           -0.047    10.435    
    OLOGIC_X1Y95         OSERDESE2 (Setup_oserdese2_CLKDIV_RST)
                                                     -0.453     9.982    i_ddr/u_xlnx_mig_7_ddr3_mig/u_memc_ui_top_axi/mem_intfc0/ddr_phy_top0/u_ddr_mc_phy_wrapper/u_ddr_mc_phy/ddr_phy_4lanes_1.u_ddr_phy_4lanes/ddr_byte_lane_D.ddr_byte_lane_D/ddr_byte_group_io/output_[6].oserdes_dq_.sdr.oserdes_dq_i
  -------------------------------------------------------------------
                         required time                          9.982    
                         arrival time                          -9.585    
  -------------------------------------------------------------------
                         slack                                  0.397    

Slack (MET) :             0.402ns  (required time - arrival time)
  Source:                 i_ddr/u_xlnx_mig_7_ddr3_mig/u_memc_ui_top_axi/mem_intfc0/ddr_phy_top0/u_ddr_mc_phy_wrapper/u_ddr_mc_phy/ddr_phy_4lanes_0.u_ddr_phy_4lanes/ddr_byte_lane_D.ddr_byte_lane_D/phaser_out/OCLK
                            (rising edge-triggered cell PHASER_OUT_PHY clocked by oserdes_clk_3  {rise@0.000ns fall@0.625ns period=1.250ns})
  Destination:            i_ddr/u_xlnx_mig_7_ddr3_mig/u_memc_ui_top_axi/mem_intfc0/ddr_phy_top0/u_ddr_mc_phy_wrapper/u_ddr_mc_phy/ddr_phy_4lanes_0.u_ddr_phy_4lanes/ddr_byte_lane_D.ddr_byte_lane_D/ddr_byte_group_io/output_[5].oserdes_dq_.ddr.oserdes_dq_i/RST
                            (rising edge-triggered cell OSERDESE2 clocked by oserdes_clkdiv_3  {rise@0.000ns fall@1.250ns period=2.500ns})
  Path Group:             oserdes_clkdiv_3
  Path Type:              Setup (Max at Slow Process Corner)
  Requirement:            2.500ns  (oserdes_clkdiv_3 rise@2.500ns - oserdes_clk_3 rise@0.000ns)
  Data Path Delay:        2.039ns  (logic 0.466ns (22.850%)  route 1.573ns (77.150%))
  Logic Levels:           0  
  Clock Path Skew:        0.441ns (DCD - SCD + CPR)
    Destination Clock Delay (DCD):    5.338ns = ( 7.838 - 2.500 ) 
    Source Clock Delay      (SCD):    5.278ns = ( 6.528 - 1.250 ) 
    Clock Pessimism Removal (CPR):    0.380ns
  Clock Uncertainty:      0.047ns  ((TSJ^2 + DJ^2)^1/2) / 2 + PE
    Total System Jitter     (TSJ):    0.071ns
    Discrete Jitter          (DJ):    0.061ns
    Phase Error              (PE):    0.000ns
  Timing Exception:       MultiCycle Path   Setup -start 2

    Location             Delay type                Incr(ns)  Path(ns)    Netlist Resource(s)
  -------------------------------------------------------------------    -------------------
                         (clock oserdes_clk_3 rise edge)
                                                      0.000     0.000 r  
    AD12                                              0.000     0.000 r  sys_clk_p (IN)
                         net (fo=0)                   0.000     0.000    i_ddr/u_xlnx_mig_7_ddr3_mig/u_ddr3_clk_ibuf/sys_clk_p
    AD12                 IBUFDS (Prop_ibufds_I_O)     0.832     0.832 r  i_ddr/u_xlnx_mig_7_ddr3_mig/u_ddr3_clk_ibuf/diff_input_clk.u_ibufg_sys_clk/O
                         net (fo=3, routed)           1.098     1.930    i_ddr/u_xlnx_mig_7_ddr3_mig/u_ddr3_infrastructure/out
    PLLE2_ADV_X1Y1       PLLE2_ADV (Prop_plle2_adv_CLKIN1_CLKOUT1)
                                                      0.077     2.007 r  i_ddr/u_xlnx_mig_7_ddr3_mig/u_ddr3_infrastructure/plle2_i/CLKOUT1
                         net (fo=14, routed)          1.188     3.195    i_ddr/u_xlnx_mig_7_ddr3_mig/u_memc_ui_top_axi/mem_intfc0/ddr_phy_top0/u_ddr_mc_phy_wrapper/u_ddr_mc_phy/ddr_phy_4lanes_0.u_ddr_phy_4lanes/ddr_byte_lane_D.ddr_byte_lane_D/mem_refclk
    PHASER_OUT_PHY_X1Y11 PHASER_OUT_PHY (Prop_phaser_out_phy_MEMREFCLK_OCLK)
                                                      2.083     5.278 r  i_ddr/u_xlnx_mig_7_ddr3_mig/u_memc_ui_top_axi/mem_intfc0/ddr_phy_top0/u_ddr_mc_phy_wrapper/u_ddr_mc_phy/ddr_phy_4lanes_0.u_ddr_phy_4lanes/ddr_byte_lane_D.ddr_byte_lane_D/phaser_out/OCLK
  -------------------------------------------------------------------    -------------------
    PHASER_OUT_PHY_X1Y11 PHASER_OUT_PHY (Prop_phaser_out_phy_OCLK_OSERDESRST)
                                                      0.466     5.744 r  i_ddr/u_xlnx_mig_7_ddr3_mig/u_memc_ui_top_axi/mem_intfc0/ddr_phy_top0/u_ddr_mc_phy_wrapper/u_ddr_mc_phy/ddr_phy_4lanes_0.u_ddr_phy_4lanes/ddr_byte_lane_D.ddr_byte_lane_D/phaser_out/OSERDESRST
                         net (fo=10, routed)          1.573     7.317    i_ddr/u_xlnx_mig_7_ddr3_mig/u_memc_ui_top_axi/mem_intfc0/ddr_phy_top0/u_ddr_mc_phy_wrapper/u_ddr_mc_phy/ddr_phy_4lanes_0.u_ddr_phy_4lanes/ddr_byte_lane_D.ddr_byte_lane_D/ddr_byte_group_io/po_oserdes_rst
    OLOGIC_X1Y142        OSERDESE2                                    r  i_ddr/u_xlnx_mig_7_ddr3_mig/u_memc_ui_top_axi/mem_intfc0/ddr_phy_top0/u_ddr_mc_phy_wrapper/u_ddr_mc_phy/ddr_phy_4lanes_0.u_ddr_phy_4lanes/ddr_byte_lane_D.ddr_byte_lane_D/ddr_byte_group_io/output_[5].oserdes_dq_.ddr.oserdes_dq_i/RST
  -------------------------------------------------------------------    -------------------

                         (clock oserdes_clkdiv_3 rise edge)
                                                      2.500     2.500 r  
    AD12                                              0.000     2.500 r  sys_clk_p (IN)
                         net (fo=0)                   0.000     2.500    i_ddr/u_xlnx_mig_7_ddr3_mig/u_ddr3_clk_ibuf/sys_clk_p
    AD12                 IBUFDS (Prop_ibufds_I_O)     0.735     3.235 r  i_ddr/u_xlnx_mig_7_ddr3_mig/u_ddr3_clk_ibuf/diff_input_clk.u_ibufg_sys_clk/O
                         net (fo=3, routed)           1.001     4.236    i_ddr/u_xlnx_mig_7_ddr3_mig/u_ddr3_infrastructure/out
    PLLE2_ADV_X1Y1       PLLE2_ADV (Prop_plle2_adv_CLKIN1_CLKOUT1)
                                                      0.073     4.309 r  i_ddr/u_xlnx_mig_7_ddr3_mig/u_ddr3_infrastructure/plle2_i/CLKOUT1
                         net (fo=14, routed)          1.061     5.370    i_ddr/u_xlnx_mig_7_ddr3_mig/u_memc_ui_top_axi/mem_intfc0/ddr_phy_top0/u_ddr_mc_phy_wrapper/u_ddr_mc_phy/ddr_phy_4lanes_0.u_ddr_phy_4lanes/ddr_byte_lane_D.ddr_byte_lane_D/mem_refclk
    PHASER_OUT_PHY_X1Y11 PHASER_OUT_PHY (Prop_phaser_out_phy_MEMREFCLK_OCLK)
                                                      2.027     7.397 r  i_ddr/u_xlnx_mig_7_ddr3_mig/u_memc_ui_top_axi/mem_intfc0/ddr_phy_top0/u_ddr_mc_phy_wrapper/u_ddr_mc_phy/ddr_phy_4lanes_0.u_ddr_phy_4lanes/ddr_byte_lane_D.ddr_byte_lane_D/phaser_out/OCLK
    PHASER_OUT_PHY_X1Y11 PHASER_OUT_PHY (Prop_phaser_out_phy_OCLK_OCLKDIV)
                                                      0.133     7.530 r  i_ddr/u_xlnx_mig_7_ddr3_mig/u_memc_ui_top_axi/mem_intfc0/ddr_phy_top0/u_ddr_mc_phy_wrapper/u_ddr_mc_phy/ddr_phy_4lanes_0.u_ddr_phy_4lanes/ddr_byte_lane_D.ddr_byte_lane_D/phaser_out/OCLKDIV
                         net (fo=11, routed)          0.308     7.838    i_ddr/u_xlnx_mig_7_ddr3_mig/u_memc_ui_top_axi/mem_intfc0/ddr_phy_top0/u_ddr_mc_phy_wrapper/u_ddr_mc_phy/ddr_phy_4lanes_0.u_ddr_phy_4lanes/ddr_byte_lane_D.ddr_byte_lane_D/ddr_byte_group_io/oserdes_clkdiv
    OLOGIC_X1Y142        OSERDESE2                                    r  i_ddr/u_xlnx_mig_7_ddr3_mig/u_memc_ui_top_axi/mem_intfc0/ddr_phy_top0/u_ddr_mc_phy_wrapper/u_ddr_mc_phy/ddr_phy_4lanes_0.u_ddr_phy_4lanes/ddr_byte_lane_D.ddr_byte_lane_D/ddr_byte_group_io/output_[5].oserdes_dq_.ddr.oserdes_dq_i/CLKDIV
                         clock pessimism              0.380     8.219    
                         clock uncertainty           -0.047     8.172    
    OLOGIC_X1Y142        OSERDESE2 (Setup_oserdese2_CLKDIV_RST)
                                                     -0.453     7.719    i_ddr/u_xlnx_mig_7_ddr3_mig/u_memc_ui_top_axi/mem_intfc0/ddr_phy_top0/u_ddr_mc_phy_wrapper/u_ddr_mc_phy/ddr_phy_4lanes_0.u_ddr_phy_4lanes/ddr_byte_lane_D.ddr_byte_lane_D/ddr_byte_group_io/output_[5].oserdes_dq_.ddr.oserdes_dq_i
  -------------------------------------------------------------------
                         required time                          7.719    
                         arrival time                          -7.317    
  -------------------------------------------------------------------
                         slack                                  0.402    

Slack (MET) :             0.403ns  (required time - arrival time)
  Source:                 i_ddr/u_xlnx_mig_7_ddr3_mig/u_memc_ui_top_axi/mem_intfc0/ddr_phy_top0/u_ddr_mc_phy_wrapper/u_ddr_mc_phy/ddr_phy_4lanes_0.u_ddr_phy_4lanes/ddr_byte_lane_B.ddr_byte_lane_B/phaser_out/OCLK
                            (rising edge-triggered cell PHASER_OUT_PHY clocked by oserdes_clk_1  {rise@0.000ns fall@0.625ns period=1.250ns})
  Destination:            i_ddr/u_xlnx_mig_7_ddr3_mig/u_memc_ui_top_axi/mem_intfc0/ddr_phy_top0/u_ddr_mc_phy_wrapper/u_ddr_mc_phy/ddr_phy_4lanes_0.u_ddr_phy_4lanes/ddr_byte_lane_B.ddr_byte_lane_B/ddr_byte_group_io/output_[1].oserdes_dq_.ddr.oserdes_dq_i/RST
                            (rising edge-triggered cell OSERDESE2 clocked by oserdes_clkdiv_1  {rise@0.000ns fall@1.250ns period=2.500ns})
  Path Group:             oserdes_clkdiv_1
  Path Type:              Setup (Max at Slow Process Corner)
  Requirement:            2.500ns  (oserdes_clkdiv_1 rise@2.500ns - oserdes_clk_1 rise@0.000ns)
  Data Path Delay:        2.021ns  (logic 0.466ns (23.055%)  route 1.555ns (76.945%))
  Logic Levels:           0  
  Clock Path Skew:        0.424ns (DCD - SCD + CPR)
    Destination Clock Delay (DCD):    5.321ns = ( 7.821 - 2.500 ) 
    Source Clock Delay      (SCD):    5.278ns = ( 6.528 - 1.250 ) 
    Clock Pessimism Removal (CPR):    0.380ns
  Clock Uncertainty:      0.047ns  ((TSJ^2 + DJ^2)^1/2) / 2 + PE
    Total System Jitter     (TSJ):    0.071ns
    Discrete Jitter          (DJ):    0.061ns
    Phase Error              (PE):    0.000ns
  Timing Exception:       MultiCycle Path   Setup -start 2

    Location             Delay type                Incr(ns)  Path(ns)    Netlist Resource(s)
  -------------------------------------------------------------------    -------------------
                         (clock oserdes_clk_1 rise edge)
                                                      0.000     0.000 r  
    AD12                                              0.000     0.000 r  sys_clk_p (IN)
                         net (fo=0)                   0.000     0.000    i_ddr/u_xlnx_mig_7_ddr3_mig/u_ddr3_clk_ibuf/sys_clk_p
    AD12                 IBUFDS (Prop_ibufds_I_O)     0.832     0.832 r  i_ddr/u_xlnx_mig_7_ddr3_mig/u_ddr3_clk_ibuf/diff_input_clk.u_ibufg_sys_clk/O
                         net (fo=3, routed)           1.098     1.930    i_ddr/u_xlnx_mig_7_ddr3_mig/u_ddr3_infrastructure/out
    PLLE2_ADV_X1Y1       PLLE2_ADV (Prop_plle2_adv_CLKIN1_CLKOUT1)
                                                      0.077     2.007 r  i_ddr/u_xlnx_mig_7_ddr3_mig/u_ddr3_infrastructure/plle2_i/CLKOUT1
                         net (fo=14, routed)          1.188     3.195    i_ddr/u_xlnx_mig_7_ddr3_mig/u_memc_ui_top_axi/mem_intfc0/ddr_phy_top0/u_ddr_mc_phy_wrapper/u_ddr_mc_phy/ddr_phy_4lanes_0.u_ddr_phy_4lanes/ddr_byte_lane_B.ddr_byte_lane_B/mem_refclk
    PHASER_OUT_PHY_X1Y9  PHASER_OUT_PHY (Prop_phaser_out_phy_MEMREFCLK_OCLK)
                                                      2.083     5.278 r  i_ddr/u_xlnx_mig_7_ddr3_mig/u_memc_ui_top_axi/mem_intfc0/ddr_phy_top0/u_ddr_mc_phy_wrapper/u_ddr_mc_phy/ddr_phy_4lanes_0.u_ddr_phy_4lanes/ddr_byte_lane_B.ddr_byte_lane_B/phaser_out/OCLK
  -------------------------------------------------------------------    -------------------
    PHASER_OUT_PHY_X1Y9  PHASER_OUT_PHY (Prop_phaser_out_phy_OCLK_OSERDESRST)
                                                      0.466     5.744 r  i_ddr/u_xlnx_mig_7_ddr3_mig/u_memc_ui_top_axi/mem_intfc0/ddr_phy_top0/u_ddr_mc_phy_wrapper/u_ddr_mc_phy/ddr_phy_4lanes_0.u_ddr_phy_4lanes/ddr_byte_lane_B.ddr_byte_lane_B/phaser_out/OSERDESRST
                         net (fo=10, routed)          1.555     7.299    i_ddr/u_xlnx_mig_7_ddr3_mig/u_memc_ui_top_axi/mem_intfc0/ddr_phy_top0/u_ddr_mc_phy_wrapper/u_ddr_mc_phy/ddr_phy_4lanes_0.u_ddr_phy_4lanes/ddr_byte_lane_B.ddr_byte_lane_B/ddr_byte_group_io/po_oserdes_rst
    OLOGIC_X1Y114        OSERDESE2                                    r  i_ddr/u_xlnx_mig_7_ddr3_mig/u_memc_ui_top_axi/mem_intfc0/ddr_phy_top0/u_ddr_mc_phy_wrapper/u_ddr_mc_phy/ddr_phy_4lanes_0.u_ddr_phy_4lanes/ddr_byte_lane_B.ddr_byte_lane_B/ddr_byte_group_io/output_[1].oserdes_dq_.ddr.oserdes_dq_i/RST
  -------------------------------------------------------------------    -------------------

                         (clock oserdes_clkdiv_1 rise edge)
                                                      2.500     2.500 r  
    AD12                                              0.000     2.500 r  sys_clk_p (IN)
                         net (fo=0)                   0.000     2.500    i_ddr/u_xlnx_mig_7_ddr3_mig/u_ddr3_clk_ibuf/sys_clk_p
    AD12                 IBUFDS (Prop_ibufds_I_O)     0.735     3.235 r  i_ddr/u_xlnx_mig_7_ddr3_mig/u_ddr3_clk_ibuf/diff_input_clk.u_ibufg_sys_clk/O
                         net (fo=3, routed)           1.001     4.236    i_ddr/u_xlnx_mig_7_ddr3_mig/u_ddr3_infrastructure/out
    PLLE2_ADV_X1Y1       PLLE2_ADV (Prop_plle2_adv_CLKIN1_CLKOUT1)
                                                      0.073     4.309 r  i_ddr/u_xlnx_mig_7_ddr3_mig/u_ddr3_infrastructure/plle2_i/CLKOUT1
                         net (fo=14, routed)          1.061     5.370    i_ddr/u_xlnx_mig_7_ddr3_mig/u_memc_ui_top_axi/mem_intfc0/ddr_phy_top0/u_ddr_mc_phy_wrapper/u_ddr_mc_phy/ddr_phy_4lanes_0.u_ddr_phy_4lanes/ddr_byte_lane_B.ddr_byte_lane_B/mem_refclk
    PHASER_OUT_PHY_X1Y9  PHASER_OUT_PHY (Prop_phaser_out_phy_MEMREFCLK_OCLK)
                                                      2.027     7.397 r  i_ddr/u_xlnx_mig_7_ddr3_mig/u_memc_ui_top_axi/mem_intfc0/ddr_phy_top0/u_ddr_mc_phy_wrapper/u_ddr_mc_phy/ddr_phy_4lanes_0.u_ddr_phy_4lanes/ddr_byte_lane_B.ddr_byte_lane_B/phaser_out/OCLK
    PHASER_OUT_PHY_X1Y9  PHASER_OUT_PHY (Prop_phaser_out_phy_OCLK_OCLKDIV)
                                                      0.133     7.530 r  i_ddr/u_xlnx_mig_7_ddr3_mig/u_memc_ui_top_axi/mem_intfc0/ddr_phy_top0/u_ddr_mc_phy_wrapper/u_ddr_mc_phy/ddr_phy_4lanes_0.u_ddr_phy_4lanes/ddr_byte_lane_B.ddr_byte_lane_B/phaser_out/OCLKDIV
                         net (fo=11, routed)          0.291     7.821    i_ddr/u_xlnx_mig_7_ddr3_mig/u_memc_ui_top_axi/mem_intfc0/ddr_phy_top0/u_ddr_mc_phy_wrapper/u_ddr_mc_phy/ddr_phy_4lanes_0.u_ddr_phy_4lanes/ddr_byte_lane_B.ddr_byte_lane_B/ddr_byte_group_io/oserdes_clkdiv
    OLOGIC_X1Y114        OSERDESE2                                    r  i_ddr/u_xlnx_mig_7_ddr3_mig/u_memc_ui_top_axi/mem_intfc0/ddr_phy_top0/u_ddr_mc_phy_wrapper/u_ddr_mc_phy/ddr_phy_4lanes_0.u_ddr_phy_4lanes/ddr_byte_lane_B.ddr_byte_lane_B/ddr_byte_group_io/output_[1].oserdes_dq_.ddr.oserdes_dq_i/CLKDIV
                         clock pessimism              0.380     8.202    
                         clock uncertainty           -0.047     8.155    
    OLOGIC_X1Y114        OSERDESE2 (Setup_oserdese2_CLKDIV_RST)
                                                     -0.453     7.702    i_ddr/u_xlnx_mig_7_ddr3_mig/u_memc_ui_top_axi/mem_intfc0/ddr_phy_top0/u_ddr_mc_phy_wrapper/u_ddr_mc_phy/ddr_phy_4lanes_0.u_ddr_phy_4lanes/ddr_byte_lane_B.ddr_byte_lane_B/ddr_byte_group_io/output_[1].oserdes_dq_.ddr.oserdes_dq_i
  -------------------------------------------------------------------
                         required time                          7.702    
                         arrival time                          -7.299    
  -------------------------------------------------------------------
                         slack                                  0.403    

Slack (MET) :             0.468ns  (required time - arrival time)
  Source:                 i_ddr/u_xlnx_mig_7_ddr3_mig/u_memc_ui_top_axi/mem_intfc0/ddr_phy_top0/u_ddr_calib_top/idelay_inc_r2_reg/C
                            (rising edge-triggered cell FDRE clocked by clk_pll_i  {rise@0.000ns fall@2.500ns period=5.000ns})
  Destination:            i_ddr/u_xlnx_mig_7_ddr3_mig/u_memc_ui_top_axi/mem_intfc0/ddr_phy_top0/u_ddr_mc_phy_wrapper/u_ddr_mc_phy/ddr_phy_4lanes_0.u_ddr_phy_4lanes/ddr_byte_lane_D.ddr_byte_lane_D/ddr_byte_group_io/input_[8].iserdes_dq_.idelay_finedelay_dq.idelaye2/INC
                            (rising edge-triggered cell IDELAYE2_FINEDELAY clocked by clk_pll_i  {rise@0.000ns fall@2.500ns period=5.000ns})
  Path Group:             clk_pll_i
  Path Type:              Setup (Max at Slow Process Corner)
  Requirement:            5.000ns  (clk_pll_i rise@5.000ns - clk_pll_i rise@0.000ns)
  Data Path Delay:        4.074ns  (logic 0.259ns (6.357%)  route 3.815ns (93.643%))
  Logic Levels:           0  
  Clock Path Skew:        -0.290ns (DCD - SCD + CPR)
    Destination Clock Delay (DCD):    3.428ns = ( 8.428 - 5.000 ) 
    Source Clock Delay      (SCD):    3.990ns
    Clock Pessimism Removal (CPR):    0.271ns
  Clock Uncertainty:      0.052ns  ((TSJ^2 + DJ^2)^1/2) / 2 + PE
    Total System Jitter     (TSJ):    0.071ns
    Discrete Jitter          (DJ):    0.077ns
    Phase Error              (PE):    0.000ns

    Location             Delay type                Incr(ns)  Path(ns)    Netlist Resource(s)
  -------------------------------------------------------------------    -------------------
                         (clock clk_pll_i rise edge)
                                                      0.000     0.000 r  
    AD12                                              0.000     0.000 r  sys_clk_p (IN)
                         net (fo=0)                   0.000     0.000    i_ddr/u_xlnx_mig_7_ddr3_mig/u_ddr3_clk_ibuf/sys_clk_p
    AD12                 IBUFDS (Prop_ibufds_I_O)     0.832     0.832 r  i_ddr/u_xlnx_mig_7_ddr3_mig/u_ddr3_clk_ibuf/diff_input_clk.u_ibufg_sys_clk/O
                         net (fo=3, routed)           1.098     1.930    i_ddr/u_xlnx_mig_7_ddr3_mig/u_ddr3_infrastructure/out
    PLLE2_ADV_X1Y1       PLLE2_ADV (Prop_plle2_adv_CLKIN1_CLKOUT3)
                                                      0.077     2.007 r  i_ddr/u_xlnx_mig_7_ddr3_mig/u_ddr3_infrastructure/plle2_i/CLKOUT3
                         net (fo=1, routed)           1.155     3.162    i_ddr/u_xlnx_mig_7_ddr3_mig/u_ddr3_infrastructure/pll_clk3_out
    BUFHCE_X1Y12         BUFH (Prop_bufh_I_O)         0.103     3.265 r  i_ddr/u_xlnx_mig_7_ddr3_mig/u_ddr3_infrastructure/u_bufh_pll_clk3/O
                         net (fo=1, routed)           0.790     4.055    i_ddr/u_xlnx_mig_7_ddr3_mig/u_ddr3_infrastructure/pll_clk3
    MMCME2_ADV_X1Y1      MMCME2_ADV (Prop_mmcme2_adv_CLKIN1_CLKFBOUT)
                                                     -3.987     0.068 r  i_ddr/u_xlnx_mig_7_ddr3_mig/u_ddr3_infrastructure/gen_mmcm.mmcm_i/CLKFBOUT
                         net (fo=1, routed)           2.130     2.198    i_ddr/u_xlnx_mig_7_ddr3_mig/u_ddr3_infrastructure/clk_pll_i
    BUFGCTRL_X0Y1        BUFG (Prop_bufg_I_O)         0.093     2.291 r  i_ddr/u_xlnx_mig_7_ddr3_mig/u_ddr3_infrastructure/u_bufg_clkdiv0/O
                         net (fo=11269, routed)       1.699     3.990    i_ddr/u_xlnx_mig_7_ddr3_mig/u_memc_ui_top_axi/mem_intfc0/ddr_phy_top0/u_ddr_calib_top/CLK
    SLICE_X148Y93        FDRE                                         r  i_ddr/u_xlnx_mig_7_ddr3_mig/u_memc_ui_top_axi/mem_intfc0/ddr_phy_top0/u_ddr_calib_top/idelay_inc_r2_reg/C
  -------------------------------------------------------------------    -------------------
    SLICE_X148Y93        FDRE (Prop_fdre_C_Q)         0.259     4.249 r  i_ddr/u_xlnx_mig_7_ddr3_mig/u_memc_ui_top_axi/mem_intfc0/ddr_phy_top0/u_ddr_calib_top/idelay_inc_r2_reg/Q
                         net (fo=32, routed)          3.815     8.064    i_ddr/u_xlnx_mig_7_ddr3_mig/u_memc_ui_top_axi/mem_intfc0/ddr_phy_top0/u_ddr_mc_phy_wrapper/u_ddr_mc_phy/ddr_phy_4lanes_0.u_ddr_phy_4lanes/ddr_byte_lane_D.ddr_byte_lane_D/ddr_byte_group_io/idelay_inc
    IDELAY_X1Y147        IDELAYE2_FINEDELAY                           r  i_ddr/u_xlnx_mig_7_ddr3_mig/u_memc_ui_top_axi/mem_intfc0/ddr_phy_top0/u_ddr_mc_phy_wrapper/u_ddr_mc_phy/ddr_phy_4lanes_0.u_ddr_phy_4lanes/ddr_byte_lane_D.ddr_byte_lane_D/ddr_byte_group_io/input_[8].iserdes_dq_.idelay_finedelay_dq.idelaye2/INC
  -------------------------------------------------------------------    -------------------

                         (clock clk_pll_i rise edge)
                                                      5.000     5.000 r  
    AD12                                              0.000     5.000 r  sys_clk_p (IN)
                         net (fo=0)                   0.000     5.000    i_ddr/u_xlnx_mig_7_ddr3_mig/u_ddr3_clk_ibuf/sys_clk_p
    AD12                 IBUFDS (Prop_ibufds_I_O)     0.735     5.735 r  i_ddr/u_xlnx_mig_7_ddr3_mig/u_ddr3_clk_ibuf/diff_input_clk.u_ibufg_sys_clk/O
                         net (fo=3, routed)           1.001     6.736    i_ddr/u_xlnx_mig_7_ddr3_mig/u_ddr3_infrastructure/out
    PLLE2_ADV_X1Y1       PLLE2_ADV (Prop_plle2_adv_CLKIN1_CLKOUT3)
                                                      0.073     6.809 r  i_ddr/u_xlnx_mig_7_ddr3_mig/u_ddr3_infrastructure/plle2_i/CLKOUT3
                         net (fo=1, routed)           1.043     7.852    i_ddr/u_xlnx_mig_7_ddr3_mig/u_ddr3_infrastructure/pll_clk3_out
    BUFHCE_X1Y12         BUFH (Prop_bufh_I_O)         0.066     7.918 r  i_ddr/u_xlnx_mig_7_ddr3_mig/u_ddr3_infrastructure/u_bufh_pll_clk3/O
                         net (fo=1, routed)           0.722     8.640    i_ddr/u_xlnx_mig_7_ddr3_mig/u_ddr3_infrastructure/pll_clk3
    MMCME2_ADV_X1Y1      MMCME2_ADV (Prop_mmcme2_adv_CLKIN1_CLKFBOUT)
                                                     -3.694     4.946 r  i_ddr/u_xlnx_mig_7_ddr3_mig/u_ddr3_infrastructure/gen_mmcm.mmcm_i/CLKFBOUT
                         net (fo=1, routed)           2.005     6.951    i_ddr/u_xlnx_mig_7_ddr3_mig/u_ddr3_infrastructure/clk_pll_i
    BUFGCTRL_X0Y1        BUFG (Prop_bufg_I_O)         0.083     7.034 r  i_ddr/u_xlnx_mig_7_ddr3_mig/u_ddr3_infrastructure/u_bufg_clkdiv0/O
                         net (fo=11269, routed)       1.394     8.428    i_ddr/u_xlnx_mig_7_ddr3_mig/u_memc_ui_top_axi/mem_intfc0/ddr_phy_top0/u_ddr_mc_phy_wrapper/u_ddr_mc_phy/ddr_phy_4lanes_0.u_ddr_phy_4lanes/ddr_byte_lane_D.ddr_byte_lane_D/ddr_byte_group_io/CLK
    IDELAY_X1Y147        IDELAYE2_FINEDELAY                           r  i_ddr/u_xlnx_mig_7_ddr3_mig/u_memc_ui_top_axi/mem_intfc0/ddr_phy_top0/u_ddr_mc_phy_wrapper/u_ddr_mc_phy/ddr_phy_4lanes_0.u_ddr_phy_4lanes/ddr_byte_lane_D.ddr_byte_lane_D/ddr_byte_group_io/input_[8].iserdes_dq_.idelay_finedelay_dq.idelaye2/C
                         clock pessimism              0.271     8.700    
                         clock uncertainty           -0.052     8.647    
    IDELAY_X1Y147        IDELAYE2_FINEDELAY (Setup_idelaye2_finedelay_C_INC)
                                                     -0.115     8.532    i_ddr/u_xlnx_mig_7_ddr3_mig/u_memc_ui_top_axi/mem_intfc0/ddr_phy_top0/u_ddr_mc_phy_wrapper/u_ddr_mc_phy/ddr_phy_4lanes_0.u_ddr_phy_4lanes/ddr_byte_lane_D.ddr_byte_lane_D/ddr_byte_group_io/input_[8].iserdes_dq_.idelay_finedelay_dq.idelaye2
  -------------------------------------------------------------------
                         required time                          8.532    
                         arrival time                          -8.064    
  -------------------------------------------------------------------
                         slack                                  0.468    

Slack (MET) :             0.505ns  (required time - arrival time)
  Source:                 i_ddr/u_xlnx_mig_7_ddr3_mig/u_memc_ui_top_axi/mem_intfc0/ddr_phy_top0/u_ddr_mc_phy_wrapper/u_ddr_mc_phy/ddr_phy_4lanes_1.u_ddr_phy_4lanes/ddr_byte_lane_A.ddr_byte_lane_A/phaser_out/OCLK
                            (rising edge-triggered cell PHASER_OUT_PHY clocked by oserdes_clk_4  {rise@0.000ns fall@0.625ns period=1.250ns})
  Destination:            i_ddr/u_xlnx_mig_7_ddr3_mig/u_memc_ui_top_axi/mem_intfc0/ddr_phy_top0/u_ddr_mc_phy_wrapper/u_ddr_mc_phy/ddr_phy_4lanes_1.u_ddr_phy_4lanes/ddr_byte_lane_A.ddr_byte_lane_A/out_fifo/RDEN
                            (rising edge-triggered cell OUT_FIFO clocked by oserdes_clkdiv_4  {rise@0.000ns fall@2.500ns period=5.000ns})
  Path Group:             oserdes_clkdiv_4
  Path Type:              Setup (Max at Slow Process Corner)
  Requirement:            1.250ns  (oserdes_clkdiv_4 rise@5.000ns - oserdes_clk_4 rise@3.750ns)
  Data Path Delay:        0.301ns  (logic 0.301ns (100.000%)  route 0.000ns (0.000%))
  Logic Levels:           0  
  Clock Path Skew:        0.133ns (DCD - SCD + CPR)
    Destination Clock Delay (DCD):    4.829ns = ( 9.829 - 5.000 ) 
    Source Clock Delay      (SCD):    5.052ns = ( 8.802 - 3.750 ) 
    Clock Pessimism Removal (CPR):    0.355ns
  Clock Uncertainty:      0.047ns  ((TSJ^2 + DJ^2)^1/2) / 2 + PE
    Total System Jitter     (TSJ):    0.071ns
    Discrete Jitter          (DJ):    0.061ns
    Phase Error              (PE):    0.000ns

    Location             Delay type                Incr(ns)  Path(ns)    Netlist Resource(s)
  -------------------------------------------------------------------    -------------------
                         (clock oserdes_clk_4 rise edge)
                                                      3.750     3.750 r  
    AD12                                              0.000     3.750 r  sys_clk_p (IN)
                         net (fo=0)                   0.000     3.750    i_ddr/u_xlnx_mig_7_ddr3_mig/u_ddr3_clk_ibuf/sys_clk_p
    AD12                 IBUFDS (Prop_ibufds_I_O)     0.832     4.582 r  i_ddr/u_xlnx_mig_7_ddr3_mig/u_ddr3_clk_ibuf/diff_input_clk.u_ibufg_sys_clk/O
                         net (fo=3, routed)           1.098     5.680    i_ddr/u_xlnx_mig_7_ddr3_mig/u_ddr3_infrastructure/out
    PLLE2_ADV_X1Y1       PLLE2_ADV (Prop_plle2_adv_CLKIN1_CLKOUT1)
                                                      0.077     5.757 r  i_ddr/u_xlnx_mig_7_ddr3_mig/u_ddr3_infrastructure/plle2_i/CLKOUT1
                         net (fo=14, routed)          0.962     6.719    i_ddr/u_xlnx_mig_7_ddr3_mig/u_memc_ui_top_axi/mem_intfc0/ddr_phy_top0/u_ddr_mc_phy_wrapper/u_ddr_mc_phy/ddr_phy_4lanes_1.u_ddr_phy_4lanes/ddr_byte_lane_A.ddr_byte_lane_A/mem_refclk
    PHASER_OUT_PHY_X1Y4  PHASER_OUT_PHY (Prop_phaser_out_phy_MEMREFCLK_OCLK)
                                                      2.083     8.802 r  i_ddr/u_xlnx_mig_7_ddr3_mig/u_memc_ui_top_axi/mem_intfc0/ddr_phy_top0/u_ddr_mc_phy_wrapper/u_ddr_mc_phy/ddr_phy_4lanes_1.u_ddr_phy_4lanes/ddr_byte_lane_A.ddr_byte_lane_A/phaser_out/OCLK
  -------------------------------------------------------------------    -------------------
    PHASER_OUT_PHY_X1Y4  PHASER_OUT_PHY (Prop_phaser_out_phy_OCLK_RDENABLE)
                                                      0.301     9.103 r  i_ddr/u_xlnx_mig_7_ddr3_mig/u_memc_ui_top_axi/mem_intfc0/ddr_phy_top0/u_ddr_mc_phy_wrapper/u_ddr_mc_phy/ddr_phy_4lanes_1.u_ddr_phy_4lanes/ddr_byte_lane_A.ddr_byte_lane_A/phaser_out/RDENABLE
                         net (fo=1, routed)           0.000     9.103    i_ddr/u_xlnx_mig_7_ddr3_mig/u_memc_ui_top_axi/mem_intfc0/ddr_phy_top0/u_ddr_mc_phy_wrapper/u_ddr_mc_phy/ddr_phy_4lanes_1.u_ddr_phy_4lanes/ddr_byte_lane_A.ddr_byte_lane_A/po_rd_enable
    OUT_FIFO_X1Y4        OUT_FIFO                                     r  i_ddr/u_xlnx_mig_7_ddr3_mig/u_memc_ui_top_axi/mem_intfc0/ddr_phy_top0/u_ddr_mc_phy_wrapper/u_ddr_mc_phy/ddr_phy_4lanes_1.u_ddr_phy_4lanes/ddr_byte_lane_A.ddr_byte_lane_A/out_fifo/RDEN
  -------------------------------------------------------------------    -------------------

                         (clock oserdes_clkdiv_4 rise edge)
                                                      5.000     5.000 r  
    AD12                                              0.000     5.000 r  sys_clk_p (IN)
                         net (fo=0)                   0.000     5.000    i_ddr/u_xlnx_mig_7_ddr3_mig/u_ddr3_clk_ibuf/sys_clk_p
    AD12                 IBUFDS (Prop_ibufds_I_O)     0.735     5.735 r  i_ddr/u_xlnx_mig_7_ddr3_mig/u_ddr3_clk_ibuf/diff_input_clk.u_ibufg_sys_clk/O
                         net (fo=3, routed)           1.001     6.736    i_ddr/u_xlnx_mig_7_ddr3_mig/u_ddr3_infrastructure/out
    PLLE2_ADV_X1Y1       PLLE2_ADV (Prop_plle2_adv_CLKIN1_CLKOUT1)
                                                      0.073     6.809 r  i_ddr/u_xlnx_mig_7_ddr3_mig/u_ddr3_infrastructure/plle2_i/CLKOUT1
                         net (fo=14, routed)          0.860     7.669    i_ddr/u_xlnx_mig_7_ddr3_mig/u_memc_ui_top_axi/mem_intfc0/ddr_phy_top0/u_ddr_mc_phy_wrapper/u_ddr_mc_phy/ddr_phy_4lanes_1.u_ddr_phy_4lanes/ddr_byte_lane_A.ddr_byte_lane_A/mem_refclk
    PHASER_OUT_PHY_X1Y4  PHASER_OUT_PHY (Prop_phaser_out_phy_MEMREFCLK_OCLK)
                                                      2.027     9.696 r  i_ddr/u_xlnx_mig_7_ddr3_mig/u_memc_ui_top_axi/mem_intfc0/ddr_phy_top0/u_ddr_mc_phy_wrapper/u_ddr_mc_phy/ddr_phy_4lanes_1.u_ddr_phy_4lanes/ddr_byte_lane_A.ddr_byte_lane_A/phaser_out/OCLK
    PHASER_OUT_PHY_X1Y4  PHASER_OUT_PHY (Prop_phaser_out_phy_OCLK_OCLKDIV)
                                                      0.133     9.829 r  i_ddr/u_xlnx_mig_7_ddr3_mig/u_memc_ui_top_axi/mem_intfc0/ddr_phy_top0/u_ddr_mc_phy_wrapper/u_ddr_mc_phy/ddr_phy_4lanes_1.u_ddr_phy_4lanes/ddr_byte_lane_A.ddr_byte_lane_A/phaser_out/OCLKDIV
                         net (fo=3, routed)           0.000     9.829    i_ddr/u_xlnx_mig_7_ddr3_mig/u_memc_ui_top_axi/mem_intfc0/ddr_phy_top0/u_ddr_mc_phy_wrapper/u_ddr_mc_phy/ddr_phy_4lanes_1.u_ddr_phy_4lanes/ddr_byte_lane_A.ddr_byte_lane_A/oserdes_clkdiv
    OUT_FIFO_X1Y4        OUT_FIFO                                     r  i_ddr/u_xlnx_mig_7_ddr3_mig/u_memc_ui_top_axi/mem_intfc0/ddr_phy_top0/u_ddr_mc_phy_wrapper/u_ddr_mc_phy/ddr_phy_4lanes_1.u_ddr_phy_4lanes/ddr_byte_lane_A.ddr_byte_lane_A/out_fifo/RDCLK
                         clock pessimism              0.355    10.185    
                         clock uncertainty           -0.047    10.138    
    OUT_FIFO_X1Y4        OUT_FIFO (Setup_out_fifo_RDCLK_RDEN)
                                                     -0.530     9.608    i_ddr/u_xlnx_mig_7_ddr3_mig/u_memc_ui_top_axi/mem_intfc0/ddr_phy_top0/u_ddr_mc_phy_wrapper/u_ddr_mc_phy/ddr_phy_4lanes_1.u_ddr_phy_4lanes/ddr_byte_lane_A.ddr_byte_lane_A/out_fifo
  -------------------------------------------------------------------
                         required time                          9.608    
                         arrival time                          -9.103    
  -------------------------------------------------------------------
                         slack                                  0.505    

Slack (MET) :             0.505ns  (required time - arrival time)
  Source:                 i_ddr/u_xlnx_mig_7_ddr3_mig/u_memc_ui_top_axi/mem_intfc0/ddr_phy_top0/u_ddr_mc_phy_wrapper/u_ddr_mc_phy/ddr_phy_4lanes_1.u_ddr_phy_4lanes/ddr_byte_lane_B.ddr_byte_lane_B/phaser_out/OCLK
                            (rising edge-triggered cell PHASER_OUT_PHY clocked by oserdes_clk_5  {rise@0.000ns fall@0.625ns period=1.250ns})
  Destination:            i_ddr/u_xlnx_mig_7_ddr3_mig/u_memc_ui_top_axi/mem_intfc0/ddr_phy_top0/u_ddr_mc_phy_wrapper/u_ddr_mc_phy/ddr_phy_4lanes_1.u_ddr_phy_4lanes/ddr_byte_lane_B.ddr_byte_lane_B/out_fifo/RDEN
                            (rising edge-triggered cell OUT_FIFO clocked by oserdes_clkdiv_5  {rise@0.000ns fall@2.500ns period=5.000ns})
  Path Group:             oserdes_clkdiv_5
  Path Type:              Setup (Max at Slow Process Corner)
  Requirement:            1.250ns  (oserdes_clkdiv_5 rise@5.000ns - oserdes_clk_5 rise@3.750ns)
  Data Path Delay:        0.301ns  (logic 0.301ns (100.000%)  route 0.000ns (0.000%))
  Logic Levels:           0  
  Clock Path Skew:        0.133ns (DCD - SCD + CPR)
    Destination Clock Delay (DCD):    4.820ns = ( 9.820 - 5.000 ) 
    Source Clock Delay      (SCD):    5.042ns = ( 8.792 - 3.750 ) 
    Clock Pessimism Removal (CPR):    0.354ns
  Clock Uncertainty:      0.047ns  ((TSJ^2 + DJ^2)^1/2) / 2 + PE
    Total System Jitter     (TSJ):    0.071ns
    Discrete Jitter          (DJ):    0.061ns
    Phase Error              (PE):    0.000ns

    Location             Delay type                Incr(ns)  Path(ns)    Netlist Resource(s)
  -------------------------------------------------------------------    -------------------
                         (clock oserdes_clk_5 rise edge)
                                                      3.750     3.750 r  
    AD12                                              0.000     3.750 r  sys_clk_p (IN)
                         net (fo=0)                   0.000     3.750    i_ddr/u_xlnx_mig_7_ddr3_mig/u_ddr3_clk_ibuf/sys_clk_p
    AD12                 IBUFDS (Prop_ibufds_I_O)     0.832     4.582 r  i_ddr/u_xlnx_mig_7_ddr3_mig/u_ddr3_clk_ibuf/diff_input_clk.u_ibufg_sys_clk/O
                         net (fo=3, routed)           1.098     5.680    i_ddr/u_xlnx_mig_7_ddr3_mig/u_ddr3_infrastructure/out
    PLLE2_ADV_X1Y1       PLLE2_ADV (Prop_plle2_adv_CLKIN1_CLKOUT1)
                                                      0.077     5.757 r  i_ddr/u_xlnx_mig_7_ddr3_mig/u_ddr3_infrastructure/plle2_i/CLKOUT1
                         net (fo=14, routed)          0.952     6.709    i_ddr/u_xlnx_mig_7_ddr3_mig/u_memc_ui_top_axi/mem_intfc0/ddr_phy_top0/u_ddr_mc_phy_wrapper/u_ddr_mc_phy/ddr_phy_4lanes_1.u_ddr_phy_4lanes/ddr_byte_lane_B.ddr_byte_lane_B/mem_refclk
    PHASER_OUT_PHY_X1Y5  PHASER_OUT_PHY (Prop_phaser_out_phy_MEMREFCLK_OCLK)
                                                      2.083     8.792 r  i_ddr/u_xlnx_mig_7_ddr3_mig/u_memc_ui_top_axi/mem_intfc0/ddr_phy_top0/u_ddr_mc_phy_wrapper/u_ddr_mc_phy/ddr_phy_4lanes_1.u_ddr_phy_4lanes/ddr_byte_lane_B.ddr_byte_lane_B/phaser_out/OCLK
  -------------------------------------------------------------------    -------------------
    PHASER_OUT_PHY_X1Y5  PHASER_OUT_PHY (Prop_phaser_out_phy_OCLK_RDENABLE)
                                                      0.301     9.093 r  i_ddr/u_xlnx_mig_7_ddr3_mig/u_memc_ui_top_axi/mem_intfc0/ddr_phy_top0/u_ddr_mc_phy_wrapper/u_ddr_mc_phy/ddr_phy_4lanes_1.u_ddr_phy_4lanes/ddr_byte_lane_B.ddr_byte_lane_B/phaser_out/RDENABLE
                         net (fo=1, routed)           0.000     9.093    i_ddr/u_xlnx_mig_7_ddr3_mig/u_memc_ui_top_axi/mem_intfc0/ddr_phy_top0/u_ddr_mc_phy_wrapper/u_ddr_mc_phy/ddr_phy_4lanes_1.u_ddr_phy_4lanes/ddr_byte_lane_B.ddr_byte_lane_B/po_rd_enable
    OUT_FIFO_X1Y5        OUT_FIFO                                     r  i_ddr/u_xlnx_mig_7_ddr3_mig/u_memc_ui_top_axi/mem_intfc0/ddr_phy_top0/u_ddr_mc_phy_wrapper/u_ddr_mc_phy/ddr_phy_4lanes_1.u_ddr_phy_4lanes/ddr_byte_lane_B.ddr_byte_lane_B/out_fifo/RDEN
  -------------------------------------------------------------------    -------------------

                         (clock oserdes_clkdiv_5 rise edge)
                                                      5.000     5.000 r  
    AD12                                              0.000     5.000 r  sys_clk_p (IN)
                         net (fo=0)                   0.000     5.000    i_ddr/u_xlnx_mig_7_ddr3_mig/u_ddr3_clk_ibuf/sys_clk_p
    AD12                 IBUFDS (Prop_ibufds_I_O)     0.735     5.735 r  i_ddr/u_xlnx_mig_7_ddr3_mig/u_ddr3_clk_ibuf/diff_input_clk.u_ibufg_sys_clk/O
                         net (fo=3, routed)           1.001     6.736    i_ddr/u_xlnx_mig_7_ddr3_mig/u_ddr3_infrastructure/out
    PLLE2_ADV_X1Y1       PLLE2_ADV (Prop_plle2_adv_CLKIN1_CLKOUT1)
                                                      0.073     6.809 r  i_ddr/u_xlnx_mig_7_ddr3_mig/u_ddr3_infrastructure/plle2_i/CLKOUT1
                         net (fo=14, routed)          0.851     7.660    i_ddr/u_xlnx_mig_7_ddr3_mig/u_memc_ui_top_axi/mem_intfc0/ddr_phy_top0/u_ddr_mc_phy_wrapper/u_ddr_mc_phy/ddr_phy_4lanes_1.u_ddr_phy_4lanes/ddr_byte_lane_B.ddr_byte_lane_B/mem_refclk
    PHASER_OUT_PHY_X1Y5  PHASER_OUT_PHY (Prop_phaser_out_phy_MEMREFCLK_OCLK)
                                                      2.027     9.687 r  i_ddr/u_xlnx_mig_7_ddr3_mig/u_memc_ui_top_axi/mem_intfc0/ddr_phy_top0/u_ddr_mc_phy_wrapper/u_ddr_mc_phy/ddr_phy_4lanes_1.u_ddr_phy_4lanes/ddr_byte_lane_B.ddr_byte_lane_B/phaser_out/OCLK
    PHASER_OUT_PHY_X1Y5  PHASER_OUT_PHY (Prop_phaser_out_phy_OCLK_OCLKDIV)
                                                      0.133     9.820 r  i_ddr/u_xlnx_mig_7_ddr3_mig/u_memc_ui_top_axi/mem_intfc0/ddr_phy_top0/u_ddr_mc_phy_wrapper/u_ddr_mc_phy/ddr_phy_4lanes_1.u_ddr_phy_4lanes/ddr_byte_lane_B.ddr_byte_lane_B/phaser_out/OCLKDIV
                         net (fo=4, routed)           0.000     9.820    i_ddr/u_xlnx_mig_7_ddr3_mig/u_memc_ui_top_axi/mem_intfc0/ddr_phy_top0/u_ddr_mc_phy_wrapper/u_ddr_mc_phy/ddr_phy_4lanes_1.u_ddr_phy_4lanes/ddr_byte_lane_B.ddr_byte_lane_B/oserdes_clkdiv
    OUT_FIFO_X1Y5        OUT_FIFO                                     r  i_ddr/u_xlnx_mig_7_ddr3_mig/u_memc_ui_top_axi/mem_intfc0/ddr_phy_top0/u_ddr_mc_phy_wrapper/u_ddr_mc_phy/ddr_phy_4lanes_1.u_ddr_phy_4lanes/ddr_byte_lane_B.ddr_byte_lane_B/out_fifo/RDCLK
                         clock pessimism              0.354    10.175    
                         clock uncertainty           -0.047    10.128    
    OUT_FIFO_X1Y5        OUT_FIFO (Setup_out_fifo_RDCLK_RDEN)
                                                     -0.530     9.598    i_ddr/u_xlnx_mig_7_ddr3_mig/u_memc_ui_top_axi/mem_intfc0/ddr_phy_top0/u_ddr_mc_phy_wrapper/u_ddr_mc_phy/ddr_phy_4lanes_1.u_ddr_phy_4lanes/ddr_byte_lane_B.ddr_byte_lane_B/out_fifo
  -------------------------------------------------------------------
                         required time                          9.598    
                         arrival time                          -9.093    
  -------------------------------------------------------------------
                         slack                                  0.505    

Slack (MET) :             0.983ns  (required time - arrival time)
  Source:                 i_ddr/u_xlnx_mig_7_ddr3_mig/u_memc_ui_top_axi/mem_intfc0/ddr_phy_top0/u_ddr_mc_phy_wrapper/u_ddr_mc_phy/ddr_phy_4lanes_0.u_ddr_phy_4lanes/ddr_byte_lane_A.ddr_byte_lane_A/ddr_byte_group_io/input_[1].iserdes_dq_.iserdesdq/CLKDIVP
                            (rising edge-triggered cell ISERDESE2 clocked by iserdes_clkdiv  {rise@1.172ns fall@2.422ns period=2.500ns})
  Destination:            i_ddr/u_xlnx_mig_7_ddr3_mig/u_memc_ui_top_axi/mem_intfc0/ddr_phy_top0/u_ddr_mc_phy_wrapper/u_ddr_mc_phy/ddr_phy_4lanes_0.u_ddr_phy_4lanes/ddr_byte_lane_A.ddr_byte_lane_A/in_fifo_gen.in_fifo/D1[3]
                            (rising edge-triggered cell IN_FIFO clocked by iserdes_clkdiv  {rise@1.172ns fall@2.422ns period=2.500ns})
  Path Group:             iserdes_clkdiv
  Path Type:              Setup (Max at Slow Process Corner)
  Requirement:            2.500ns  (iserdes_clkdiv rise@3.672ns - iserdes_clkdiv rise@1.172ns)
  Data Path Delay:        0.643ns  (logic 0.326ns (50.688%)  route 0.317ns (49.312%))
  Logic Levels:           0  
  Clock Path Skew:        -0.358ns (DCD - SCD + CPR)
    Destination Clock Delay (DCD):    4.424ns = ( 8.096 - 3.672 ) 
    Source Clock Delay      (SCD):    5.152ns = ( 6.324 - 1.172 ) 
    Clock Pessimism Removal (CPR):    0.369ns
  Clock Uncertainty:      0.047ns  ((TSJ^2 + DJ^2)^1/2) / 2 + PE
    Total System Jitter     (TSJ):    0.071ns
    Discrete Jitter          (DJ):    0.061ns
    Phase Error              (PE):    0.000ns

    Location             Delay type                Incr(ns)  Path(ns)    Netlist Resource(s)
  -------------------------------------------------------------------    -------------------
                         (clock iserdes_clkdiv rise edge)
                                                      1.172     1.172 r  
    AD12                                              0.000     1.172 r  sys_clk_p (IN)
                         net (fo=0)                   0.000     1.172    i_ddr/u_xlnx_mig_7_ddr3_mig/u_ddr3_clk_ibuf/sys_clk_p
    AD12                 IBUFDS (Prop_ibufds_I_O)     0.832     2.004 r  i_ddr/u_xlnx_mig_7_ddr3_mig/u_ddr3_clk_ibuf/diff_input_clk.u_ibufg_sys_clk/O
                         net (fo=3, routed)           1.098     3.102    i_ddr/u_xlnx_mig_7_ddr3_mig/u_ddr3_infrastructure/out
    PLLE2_ADV_X1Y1       PLLE2_ADV (Prop_plle2_adv_CLKIN1_CLKOUT0)
                                                      0.077     3.179 r  i_ddr/u_xlnx_mig_7_ddr3_mig/u_ddr3_infrastructure/plle2_i/CLKOUT0
                         net (fo=14, routed)          1.205     4.384    i_ddr/u_xlnx_mig_7_ddr3_mig/u_memc_ui_top_axi/mem_intfc0/ddr_phy_top0/u_ddr_mc_phy_wrapper/u_ddr_mc_phy/ddr_phy_4lanes_0.u_ddr_phy_4lanes/ddr_byte_lane_A.ddr_byte_lane_A/freq_refclk
    PHASER_IN_PHY_X1Y8   PHASER_IN_PHY (Prop_phaser_in_phy_FREQREFCLK_ICLK)
                                                      1.428     5.812 r  i_ddr/u_xlnx_mig_7_ddr3_mig/u_memc_ui_top_axi/mem_intfc0/ddr_phy_top0/u_ddr_mc_phy_wrapper/u_ddr_mc_phy/ddr_phy_4lanes_0.u_ddr_phy_4lanes/ddr_byte_lane_A.ddr_byte_lane_A/phaser_in_gen.phaser_in/ICLK
    PHASER_IN_PHY_X1Y8   PHASER_IN_PHY (Prop_phaser_in_phy_ICLK_ICLKDIV)
                                                      0.154     5.966 r  i_ddr/u_xlnx_mig_7_ddr3_mig/u_memc_ui_top_axi/mem_intfc0/ddr_phy_top0/u_ddr_mc_phy_wrapper/u_ddr_mc_phy/ddr_phy_4lanes_0.u_ddr_phy_4lanes/ddr_byte_lane_A.ddr_byte_lane_A/phaser_in_gen.phaser_in/ICLKDIV
                         net (fo=9, routed)           0.358     6.324    i_ddr/u_xlnx_mig_7_ddr3_mig/u_memc_ui_top_axi/mem_intfc0/ddr_phy_top0/u_ddr_mc_phy_wrapper/u_ddr_mc_phy/ddr_phy_4lanes_0.u_ddr_phy_4lanes/ddr_byte_lane_A.ddr_byte_lane_A/ddr_byte_group_io/iserdes_clkdiv
    ILOGIC_X1Y102        ISERDESE2                                    r  i_ddr/u_xlnx_mig_7_ddr3_mig/u_memc_ui_top_axi/mem_intfc0/ddr_phy_top0/u_ddr_mc_phy_wrapper/u_ddr_mc_phy/ddr_phy_4lanes_0.u_ddr_phy_4lanes/ddr_byte_lane_A.ddr_byte_lane_A/ddr_byte_group_io/input_[1].iserdes_dq_.iserdesdq/CLKDIVP
  -------------------------------------------------------------------    -------------------
    ILOGIC_X1Y102        ISERDESE2 (Prop_iserdese2_CLKDIVP_Q1)
                                                      0.326     6.650 r  i_ddr/u_xlnx_mig_7_ddr3_mig/u_memc_ui_top_axi/mem_intfc0/ddr_phy_top0/u_ddr_mc_phy_wrapper/u_ddr_mc_phy/ddr_phy_4lanes_0.u_ddr_phy_4lanes/ddr_byte_lane_A.ddr_byte_lane_A/ddr_byte_group_io/input_[1].iserdes_dq_.iserdesdq/Q1
                         net (fo=1, routed)           0.317     6.967    i_ddr/u_xlnx_mig_7_ddr3_mig/u_memc_ui_top_axi/mem_intfc0/ddr_phy_top0/u_ddr_mc_phy_wrapper/u_ddr_mc_phy/ddr_phy_4lanes_0.u_ddr_phy_4lanes/ddr_byte_lane_A.ddr_byte_lane_A/if_d1[3]
    IN_FIFO_X1Y8         IN_FIFO                                      r  i_ddr/u_xlnx_mig_7_ddr3_mig/u_memc_ui_top_axi/mem_intfc0/ddr_phy_top0/u_ddr_mc_phy_wrapper/u_ddr_mc_phy/ddr_phy_4lanes_0.u_ddr_phy_4lanes/ddr_byte_lane_A.ddr_byte_lane_A/in_fifo_gen.in_fifo/D1[3]
  -------------------------------------------------------------------    -------------------

                         (clock iserdes_clkdiv rise edge)
                                                      3.672     3.672 r  
    AD12                                              0.000     3.672 r  sys_clk_p (IN)
                         net (fo=0)                   0.000     3.672    i_ddr/u_xlnx_mig_7_ddr3_mig/u_ddr3_clk_ibuf/sys_clk_p
    AD12                 IBUFDS (Prop_ibufds_I_O)     0.735     4.407 r  i_ddr/u_xlnx_mig_7_ddr3_mig/u_ddr3_clk_ibuf/diff_input_clk.u_ibufg_sys_clk/O
                         net (fo=3, routed)           1.001     5.408    i_ddr/u_xlnx_mig_7_ddr3_mig/u_ddr3_infrastructure/out
    PLLE2_ADV_X1Y1       PLLE2_ADV (Prop_plle2_adv_CLKIN1_CLKOUT0)
                                                      0.073     5.481 r  i_ddr/u_xlnx_mig_7_ddr3_mig/u_ddr3_infrastructure/plle2_i/CLKOUT0
                         net (fo=14, routed)          1.076     6.557    i_ddr/u_xlnx_mig_7_ddr3_mig/u_memc_ui_top_axi/mem_intfc0/ddr_phy_top0/u_ddr_mc_phy_wrapper/u_ddr_mc_phy/ddr_phy_4lanes_0.u_ddr_phy_4lanes/ddr_byte_lane_A.ddr_byte_lane_A/freq_refclk
    PHASER_IN_PHY_X1Y8   PHASER_IN_PHY (Prop_phaser_in_phy_FREQREFCLK_ICLK)
                                                      1.394     7.951 r  i_ddr/u_xlnx_mig_7_ddr3_mig/u_memc_ui_top_axi/mem_intfc0/ddr_phy_top0/u_ddr_mc_phy_wrapper/u_ddr_mc_phy/ddr_phy_4lanes_0.u_ddr_phy_4lanes/ddr_byte_lane_A.ddr_byte_lane_A/phaser_in_gen.phaser_in/ICLK
    PHASER_IN_PHY_X1Y8   PHASER_IN_PHY (Prop_phaser_in_phy_ICLK_ICLKDIV)
                                                      0.145     8.096 r  i_ddr/u_xlnx_mig_7_ddr3_mig/u_memc_ui_top_axi/mem_intfc0/ddr_phy_top0/u_ddr_mc_phy_wrapper/u_ddr_mc_phy/ddr_phy_4lanes_0.u_ddr_phy_4lanes/ddr_byte_lane_A.ddr_byte_lane_A/phaser_in_gen.phaser_in/ICLKDIV
                         net (fo=9, routed)           0.000     8.096    i_ddr/u_xlnx_mig_7_ddr3_mig/u_memc_ui_top_axi/mem_intfc0/ddr_phy_top0/u_ddr_mc_phy_wrapper/u_ddr_mc_phy/ddr_phy_4lanes_0.u_ddr_phy_4lanes/ddr_byte_lane_A.ddr_byte_lane_A/iserdes_clkdiv
    IN_FIFO_X1Y8         IN_FIFO                                      r  i_ddr/u_xlnx_mig_7_ddr3_mig/u_memc_ui_top_axi/mem_intfc0/ddr_phy_top0/u_ddr_mc_phy_wrapper/u_ddr_mc_phy/ddr_phy_4lanes_0.u_ddr_phy_4lanes/ddr_byte_lane_A.ddr_byte_lane_A/in_fifo_gen.in_fifo/WRCLK
                         clock pessimism              0.369     8.466    
                         clock uncertainty           -0.047     8.419    
    IN_FIFO_X1Y8         IN_FIFO (Setup_in_fifo_WRCLK_D1[3])
                                                     -0.469     7.950    i_ddr/u_xlnx_mig_7_ddr3_mig/u_memc_ui_top_axi/mem_intfc0/ddr_phy_top0/u_ddr_mc_phy_wrapper/u_ddr_mc_phy/ddr_phy_4lanes_0.u_ddr_phy_4lanes/ddr_byte_lane_A.ddr_byte_lane_A/in_fifo_gen.in_fifo
  -------------------------------------------------------------------
                         required time                          7.950    
                         arrival time                          -6.967    
  -------------------------------------------------------------------
                         slack                                  0.983    

Slack (MET) :             0.989ns  (required time - arrival time)
  Source:                 i_ddr/u_xlnx_mig_7_ddr3_mig/u_memc_ui_top_axi/mem_intfc0/ddr_phy_top0/u_ddr_mc_phy_wrapper/u_ddr_mc_phy/ddr_phy_4lanes_0.u_ddr_phy_4lanes/ddr_byte_lane_D.ddr_byte_lane_D/ddr_byte_group_io/input_[1].iserdes_dq_.iserdesdq/CLKDIVP
                            (rising edge-triggered cell ISERDESE2 clocked by iserdes_clkdiv_3  {rise@1.172ns fall@2.422ns period=2.500ns})
  Destination:            i_ddr/u_xlnx_mig_7_ddr3_mig/u_memc_ui_top_axi/mem_intfc0/ddr_phy_top0/u_ddr_mc_phy_wrapper/u_ddr_mc_phy/ddr_phy_4lanes_0.u_ddr_phy_4lanes/ddr_byte_lane_D.ddr_byte_lane_D/in_fifo_gen.in_fifo/D1[3]
                            (rising edge-triggered cell IN_FIFO clocked by iserdes_clkdiv_3  {rise@1.172ns fall@2.422ns period=2.500ns})
  Path Group:             iserdes_clkdiv_3
  Path Type:              Setup (Max at Slow Process Corner)
  Requirement:            2.500ns  (iserdes_clkdiv_3 rise@3.672ns - iserdes_clkdiv_3 rise@1.172ns)
  Data Path Delay:        0.643ns  (logic 0.326ns (50.688%)  route 0.317ns (49.312%))
  Logic Levels:           0  
  Clock Path Skew:        -0.352ns (DCD - SCD + CPR)
    Destination Clock Delay (DCD):    4.405ns = ( 8.077 - 3.672 ) 
    Source Clock Delay      (SCD):    5.125ns = ( 6.297 - 1.172 ) 
    Clock Pessimism Removal (CPR):    0.367ns
  Clock Uncertainty:      0.047ns  ((TSJ^2 + DJ^2)^1/2) / 2 + PE
    Total System Jitter     (TSJ):    0.071ns
    Discrete Jitter          (DJ):    0.061ns
    Phase Error              (PE):    0.000ns

    Location             Delay type                Incr(ns)  Path(ns)    Netlist Resource(s)
  -------------------------------------------------------------------    -------------------
                         (clock iserdes_clkdiv_3 rise edge)
                                                      1.172     1.172 r  
    AD12                                              0.000     1.172 r  sys_clk_p (IN)
                         net (fo=0)                   0.000     1.172    i_ddr/u_xlnx_mig_7_ddr3_mig/u_ddr3_clk_ibuf/sys_clk_p
    AD12                 IBUFDS (Prop_ibufds_I_O)     0.832     2.004 r  i_ddr/u_xlnx_mig_7_ddr3_mig/u_ddr3_clk_ibuf/diff_input_clk.u_ibufg_sys_clk/O
                         net (fo=3, routed)           1.098     3.102    i_ddr/u_xlnx_mig_7_ddr3_mig/u_ddr3_infrastructure/out
    PLLE2_ADV_X1Y1       PLLE2_ADV (Prop_plle2_adv_CLKIN1_CLKOUT0)
                                                      0.077     3.179 r  i_ddr/u_xlnx_mig_7_ddr3_mig/u_ddr3_infrastructure/plle2_i/CLKOUT0
                         net (fo=14, routed)          1.184     4.363    i_ddr/u_xlnx_mig_7_ddr3_mig/u_memc_ui_top_axi/mem_intfc0/ddr_phy_top0/u_ddr_mc_phy_wrapper/u_ddr_mc_phy/ddr_phy_4lanes_0.u_ddr_phy_4lanes/ddr_byte_lane_D.ddr_byte_lane_D/freq_refclk
    PHASER_IN_PHY_X1Y11  PHASER_IN_PHY (Prop_phaser_in_phy_FREQREFCLK_ICLK)
                                                      1.428     5.791 r  i_ddr/u_xlnx_mig_7_ddr3_mig/u_memc_ui_top_axi/mem_intfc0/ddr_phy_top0/u_ddr_mc_phy_wrapper/u_ddr_mc_phy/ddr_phy_4lanes_0.u_ddr_phy_4lanes/ddr_byte_lane_D.ddr_byte_lane_D/phaser_in_gen.phaser_in/ICLK
    PHASER_IN_PHY_X1Y11  PHASER_IN_PHY (Prop_phaser_in_phy_ICLK_ICLKDIV)
                                                      0.154     5.945 r  i_ddr/u_xlnx_mig_7_ddr3_mig/u_memc_ui_top_axi/mem_intfc0/ddr_phy_top0/u_ddr_mc_phy_wrapper/u_ddr_mc_phy/ddr_phy_4lanes_0.u_ddr_phy_4lanes/ddr_byte_lane_D.ddr_byte_lane_D/phaser_in_gen.phaser_in/ICLKDIV
                         net (fo=9, routed)           0.352     6.297    i_ddr/u_xlnx_mig_7_ddr3_mig/u_memc_ui_top_axi/mem_intfc0/ddr_phy_top0/u_ddr_mc_phy_wrapper/u_ddr_mc_phy/ddr_phy_4lanes_0.u_ddr_phy_4lanes/ddr_byte_lane_D.ddr_byte_lane_D/ddr_byte_group_io/iserdes_clkdiv
    ILOGIC_X1Y138        ISERDESE2                                    r  i_ddr/u_xlnx_mig_7_ddr3_mig/u_memc_ui_top_axi/mem_intfc0/ddr_phy_top0/u_ddr_mc_phy_wrapper/u_ddr_mc_phy/ddr_phy_4lanes_0.u_ddr_phy_4lanes/ddr_byte_lane_D.ddr_byte_lane_D/ddr_byte_group_io/input_[1].iserdes_dq_.iserdesdq/CLKDIVP
  -------------------------------------------------------------------    -------------------
    ILOGIC_X1Y138        ISERDESE2 (Prop_iserdese2_CLKDIVP_Q1)
                                                      0.326     6.623 r  i_ddr/u_xlnx_mig_7_ddr3_mig/u_memc_ui_top_axi/mem_intfc0/ddr_phy_top0/u_ddr_mc_phy_wrapper/u_ddr_mc_phy/ddr_phy_4lanes_0.u_ddr_phy_4lanes/ddr_byte_lane_D.ddr_byte_lane_D/ddr_byte_group_io/input_[1].iserdes_dq_.iserdesdq/Q1
                         net (fo=1, routed)           0.317     6.940    i_ddr/u_xlnx_mig_7_ddr3_mig/u_memc_ui_top_axi/mem_intfc0/ddr_phy_top0/u_ddr_mc_phy_wrapper/u_ddr_mc_phy/ddr_phy_4lanes_0.u_ddr_phy_4lanes/ddr_byte_lane_D.ddr_byte_lane_D/if_d1[3]
    IN_FIFO_X1Y11        IN_FIFO                                      r  i_ddr/u_xlnx_mig_7_ddr3_mig/u_memc_ui_top_axi/mem_intfc0/ddr_phy_top0/u_ddr_mc_phy_wrapper/u_ddr_mc_phy/ddr_phy_4lanes_0.u_ddr_phy_4lanes/ddr_byte_lane_D.ddr_byte_lane_D/in_fifo_gen.in_fifo/D1[3]
  -------------------------------------------------------------------    -------------------

                         (clock iserdes_clkdiv_3 rise edge)
                                                      3.672     3.672 r  
    AD12                                              0.000     3.672 r  sys_clk_p (IN)
                         net (fo=0)                   0.000     3.672    i_ddr/u_xlnx_mig_7_ddr3_mig/u_ddr3_clk_ibuf/sys_clk_p
    AD12                 IBUFDS (Prop_ibufds_I_O)     0.735     4.407 r  i_ddr/u_xlnx_mig_7_ddr3_mig/u_ddr3_clk_ibuf/diff_input_clk.u_ibufg_sys_clk/O
                         net (fo=3, routed)           1.001     5.408    i_ddr/u_xlnx_mig_7_ddr3_mig/u_ddr3_infrastructure/out
    PLLE2_ADV_X1Y1       PLLE2_ADV (Prop_plle2_adv_CLKIN1_CLKOUT0)
                                                      0.073     5.481 r  i_ddr/u_xlnx_mig_7_ddr3_mig/u_ddr3_infrastructure/plle2_i/CLKOUT0
                         net (fo=14, routed)          1.057     6.538    i_ddr/u_xlnx_mig_7_ddr3_mig/u_memc_ui_top_axi/mem_intfc0/ddr_phy_top0/u_ddr_mc_phy_wrapper/u_ddr_mc_phy/ddr_phy_4lanes_0.u_ddr_phy_4lanes/ddr_byte_lane_D.ddr_byte_lane_D/freq_refclk
    PHASER_IN_PHY_X1Y11  PHASER_IN_PHY (Prop_phaser_in_phy_FREQREFCLK_ICLK)
                                                      1.394     7.932 r  i_ddr/u_xlnx_mig_7_ddr3_mig/u_memc_ui_top_axi/mem_intfc0/ddr_phy_top0/u_ddr_mc_phy_wrapper/u_ddr_mc_phy/ddr_phy_4lanes_0.u_ddr_phy_4lanes/ddr_byte_lane_D.ddr_byte_lane_D/phaser_in_gen.phaser_in/ICLK
    PHASER_IN_PHY_X1Y11  PHASER_IN_PHY (Prop_phaser_in_phy_ICLK_ICLKDIV)
                                                      0.145     8.077 r  i_ddr/u_xlnx_mig_7_ddr3_mig/u_memc_ui_top_axi/mem_intfc0/ddr_phy_top0/u_ddr_mc_phy_wrapper/u_ddr_mc_phy/ddr_phy_4lanes_0.u_ddr_phy_4lanes/ddr_byte_lane_D.ddr_byte_lane_D/phaser_in_gen.phaser_in/ICLKDIV
                         net (fo=9, routed)           0.000     8.077    i_ddr/u_xlnx_mig_7_ddr3_mig/u_memc_ui_top_axi/mem_intfc0/ddr_phy_top0/u_ddr_mc_phy_wrapper/u_ddr_mc_phy/ddr_phy_4lanes_0.u_ddr_phy_4lanes/ddr_byte_lane_D.ddr_byte_lane_D/iserdes_clkdiv
    IN_FIFO_X1Y11        IN_FIFO                                      r  i_ddr/u_xlnx_mig_7_ddr3_mig/u_memc_ui_top_axi/mem_intfc0/ddr_phy_top0/u_ddr_mc_phy_wrapper/u_ddr_mc_phy/ddr_phy_4lanes_0.u_ddr_phy_4lanes/ddr_byte_lane_D.ddr_byte_lane_D/in_fifo_gen.in_fifo/WRCLK
                         clock pessimism              0.367     8.445    
                         clock uncertainty           -0.047     8.398    
    IN_FIFO_X1Y11        IN_FIFO (Setup_in_fifo_WRCLK_D1[3])
                                                     -0.469     7.929    i_ddr/u_xlnx_mig_7_ddr3_mig/u_memc_ui_top_axi/mem_intfc0/ddr_phy_top0/u_ddr_mc_phy_wrapper/u_ddr_mc_phy/ddr_phy_4lanes_0.u_ddr_phy_4lanes/ddr_byte_lane_D.ddr_byte_lane_D/in_fifo_gen.in_fifo
  -------------------------------------------------------------------
                         required time                          7.929    
                         arrival time                          -6.940    
  -------------------------------------------------------------------
                         slack                                  0.989    

Slack (MET) :             0.997ns  (required time - arrival time)
  Source:                 i_ddr/u_xlnx_mig_7_ddr3_mig/u_memc_ui_top_axi/mem_intfc0/ddr_phy_top0/u_ddr_mc_phy_wrapper/u_ddr_mc_phy/ddr_phy_4lanes_0.u_ddr_phy_4lanes/ddr_byte_lane_B.ddr_byte_lane_B/ddr_byte_group_io/input_[1].iserdes_dq_.iserdesdq/CLKDIVP
                            (rising edge-triggered cell ISERDESE2 clocked by iserdes_clkdiv_1  {rise@1.172ns fall@2.422ns period=2.500ns})
  Destination:            i_ddr/u_xlnx_mig_7_ddr3_mig/u_memc_ui_top_axi/mem_intfc0/ddr_phy_top0/u_ddr_mc_phy_wrapper/u_ddr_mc_phy/ddr_phy_4lanes_0.u_ddr_phy_4lanes/ddr_byte_lane_B.ddr_byte_lane_B/in_fifo_gen.in_fifo/D1[3]
                            (rising edge-triggered cell IN_FIFO clocked by iserdes_clkdiv_1  {rise@1.172ns fall@2.422ns period=2.500ns})
  Path Group:             iserdes_clkdiv_1
  Path Type:              Setup (Max at Slow Process Corner)
  Requirement:            2.500ns  (iserdes_clkdiv_1 rise@3.672ns - iserdes_clkdiv_1 rise@1.172ns)
  Data Path Delay:        0.643ns  (logic 0.326ns (50.688%)  route 0.317ns (49.312%))
  Logic Levels:           0  
  Clock Path Skew:        -0.344ns (DCD - SCD + CPR)
    Destination Clock Delay (DCD):    4.423ns = ( 8.095 - 3.672 ) 
    Source Clock Delay      (SCD):    5.137ns = ( 6.309 - 1.172 ) 
    Clock Pessimism Removal (CPR):    0.369ns
  Clock Uncertainty:      0.047ns  ((TSJ^2 + DJ^2)^1/2) / 2 + PE
    Total System Jitter     (TSJ):    0.071ns
    Discrete Jitter          (DJ):    0.061ns
    Phase Error              (PE):    0.000ns

    Location             Delay type                Incr(ns)  Path(ns)    Netlist Resource(s)
  -------------------------------------------------------------------    -------------------
                         (clock iserdes_clkdiv_1 rise edge)
                                                      1.172     1.172 r  
    AD12                                              0.000     1.172 r  sys_clk_p (IN)
                         net (fo=0)                   0.000     1.172    i_ddr/u_xlnx_mig_7_ddr3_mig/u_ddr3_clk_ibuf/sys_clk_p
    AD12                 IBUFDS (Prop_ibufds_I_O)     0.832     2.004 r  i_ddr/u_xlnx_mig_7_ddr3_mig/u_ddr3_clk_ibuf/diff_input_clk.u_ibufg_sys_clk/O
                         net (fo=3, routed)           1.098     3.102    i_ddr/u_xlnx_mig_7_ddr3_mig/u_ddr3_infrastructure/out
    PLLE2_ADV_X1Y1       PLLE2_ADV (Prop_plle2_adv_CLKIN1_CLKOUT0)
                                                      0.077     3.179 r  i_ddr/u_xlnx_mig_7_ddr3_mig/u_ddr3_infrastructure/plle2_i/CLKOUT0
                         net (fo=14, routed)          1.204     4.383    i_ddr/u_xlnx_mig_7_ddr3_mig/u_memc_ui_top_axi/mem_intfc0/ddr_phy_top0/u_ddr_mc_phy_wrapper/u_ddr_mc_phy/ddr_phy_4lanes_0.u_ddr_phy_4lanes/ddr_byte_lane_B.ddr_byte_lane_B/freq_refclk
    PHASER_IN_PHY_X1Y9   PHASER_IN_PHY (Prop_phaser_in_phy_FREQREFCLK_ICLK)
                                                      1.428     5.811 r  i_ddr/u_xlnx_mig_7_ddr3_mig/u_memc_ui_top_axi/mem_intfc0/ddr_phy_top0/u_ddr_mc_phy_wrapper/u_ddr_mc_phy/ddr_phy_4lanes_0.u_ddr_phy_4lanes/ddr_byte_lane_B.ddr_byte_lane_B/phaser_in_gen.phaser_in/ICLK
    PHASER_IN_PHY_X1Y9   PHASER_IN_PHY (Prop_phaser_in_phy_ICLK_ICLKDIV)
                                                      0.154     5.965 r  i_ddr/u_xlnx_mig_7_ddr3_mig/u_memc_ui_top_axi/mem_intfc0/ddr_phy_top0/u_ddr_mc_phy_wrapper/u_ddr_mc_phy/ddr_phy_4lanes_0.u_ddr_phy_4lanes/ddr_byte_lane_B.ddr_byte_lane_B/phaser_in_gen.phaser_in/ICLKDIV
                         net (fo=9, routed)           0.344     6.309    i_ddr/u_xlnx_mig_7_ddr3_mig/u_memc_ui_top_axi/mem_intfc0/ddr_phy_top0/u_ddr_mc_phy_wrapper/u_ddr_mc_phy/ddr_phy_4lanes_0.u_ddr_phy_4lanes/ddr_byte_lane_B.ddr_byte_lane_B/ddr_byte_group_io/iserdes_clkdiv
    ILOGIC_X1Y114        ISERDESE2                                    r  i_ddr/u_xlnx_mig_7_ddr3_mig/u_memc_ui_top_axi/mem_intfc0/ddr_phy_top0/u_ddr_mc_phy_wrapper/u_ddr_mc_phy/ddr_phy_4lanes_0.u_ddr_phy_4lanes/ddr_byte_lane_B.ddr_byte_lane_B/ddr_byte_group_io/input_[1].iserdes_dq_.iserdesdq/CLKDIVP
  -------------------------------------------------------------------    -------------------
    ILOGIC_X1Y114        ISERDESE2 (Prop_iserdese2_CLKDIVP_Q1)
                                                      0.326     6.635 r  i_ddr/u_xlnx_mig_7_ddr3_mig/u_memc_ui_top_axi/mem_intfc0/ddr_phy_top0/u_ddr_mc_phy_wrapper/u_ddr_mc_phy/ddr_phy_4lanes_0.u_ddr_phy_4lanes/ddr_byte_lane_B.ddr_byte_lane_B/ddr_byte_group_io/input_[1].iserdes_dq_.iserdesdq/Q1
                         net (fo=1, routed)           0.317     6.952    i_ddr/u_xlnx_mig_7_ddr3_mig/u_memc_ui_top_axi/mem_intfc0/ddr_phy_top0/u_ddr_mc_phy_wrapper/u_ddr_mc_phy/ddr_phy_4lanes_0.u_ddr_phy_4lanes/ddr_byte_lane_B.ddr_byte_lane_B/if_d1[3]
    IN_FIFO_X1Y9         IN_FIFO                                      r  i_ddr/u_xlnx_mig_7_ddr3_mig/u_memc_ui_top_axi/mem_intfc0/ddr_phy_top0/u_ddr_mc_phy_wrapper/u_ddr_mc_phy/ddr_phy_4lanes_0.u_ddr_phy_4lanes/ddr_byte_lane_B.ddr_byte_lane_B/in_fifo_gen.in_fifo/D1[3]
  -------------------------------------------------------------------    -------------------

                         (clock iserdes_clkdiv_1 rise edge)
                                                      3.672     3.672 r  
    AD12                                              0.000     3.672 r  sys_clk_p (IN)
                         net (fo=0)                   0.000     3.672    i_ddr/u_xlnx_mig_7_ddr3_mig/u_ddr3_clk_ibuf/sys_clk_p
    AD12                 IBUFDS (Prop_ibufds_I_O)     0.735     4.407 r  i_ddr/u_xlnx_mig_7_ddr3_mig/u_ddr3_clk_ibuf/diff_input_clk.u_ibufg_sys_clk/O
                         net (fo=3, routed)           1.001     5.408    i_ddr/u_xlnx_mig_7_ddr3_mig/u_ddr3_infrastructure/out
    PLLE2_ADV_X1Y1       PLLE2_ADV (Prop_plle2_adv_CLKIN1_CLKOUT0)
                                                      0.073     5.481 r  i_ddr/u_xlnx_mig_7_ddr3_mig/u_ddr3_infrastructure/plle2_i/CLKOUT0
                         net (fo=14, routed)          1.075     6.556    i_ddr/u_xlnx_mig_7_ddr3_mig/u_memc_ui_top_axi/mem_intfc0/ddr_phy_top0/u_ddr_mc_phy_wrapper/u_ddr_mc_phy/ddr_phy_4lanes_0.u_ddr_phy_4lanes/ddr_byte_lane_B.ddr_byte_lane_B/freq_refclk
    PHASER_IN_PHY_X1Y9   PHASER_IN_PHY (Prop_phaser_in_phy_FREQREFCLK_ICLK)
                                                      1.394     7.950 r  i_ddr/u_xlnx_mig_7_ddr3_mig/u_memc_ui_top_axi/mem_intfc0/ddr_phy_top0/u_ddr_mc_phy_wrapper/u_ddr_mc_phy/ddr_phy_4lanes_0.u_ddr_phy_4lanes/ddr_byte_lane_B.ddr_byte_lane_B/phaser_in_gen.phaser_in/ICLK
    PHASER_IN_PHY_X1Y9   PHASER_IN_PHY (Prop_phaser_in_phy_ICLK_ICLKDIV)
                                                      0.145     8.095 r  i_ddr/u_xlnx_mig_7_ddr3_mig/u_memc_ui_top_axi/mem_intfc0/ddr_phy_top0/u_ddr_mc_phy_wrapper/u_ddr_mc_phy/ddr_phy_4lanes_0.u_ddr_phy_4lanes/ddr_byte_lane_B.ddr_byte_lane_B/phaser_in_gen.phaser_in/ICLKDIV
                         net (fo=9, routed)           0.000     8.095    i_ddr/u_xlnx_mig_7_ddr3_mig/u_memc_ui_top_axi/mem_intfc0/ddr_phy_top0/u_ddr_mc_phy_wrapper/u_ddr_mc_phy/ddr_phy_4lanes_0.u_ddr_phy_4lanes/ddr_byte_lane_B.ddr_byte_lane_B/iserdes_clkdiv
    IN_FIFO_X1Y9         IN_FIFO                                      r  i_ddr/u_xlnx_mig_7_ddr3_mig/u_memc_ui_top_axi/mem_intfc0/ddr_phy_top0/u_ddr_mc_phy_wrapper/u_ddr_mc_phy/ddr_phy_4lanes_0.u_ddr_phy_4lanes/ddr_byte_lane_B.ddr_byte_lane_B/in_fifo_gen.in_fifo/WRCLK
                         clock pessimism              0.369     8.465    
                         clock uncertainty           -0.047     8.418    
    IN_FIFO_X1Y9         IN_FIFO (Setup_in_fifo_WRCLK_D1[3])
                                                     -0.469     7.949    i_ddr/u_xlnx_mig_7_ddr3_mig/u_memc_ui_top_axi/mem_intfc0/ddr_phy_top0/u_ddr_mc_phy_wrapper/u_ddr_mc_phy/ddr_phy_4lanes_0.u_ddr_phy_4lanes/ddr_byte_lane_B.ddr_byte_lane_B/in_fifo_gen.in_fifo
  -------------------------------------------------------------------
                         required time                          7.949    
                         arrival time                          -6.952    
  -------------------------------------------------------------------
                         slack                                  0.997    

Slack (MET) :             1.002ns  (required time - arrival time)
  Source:                 i_ddr/u_xlnx_mig_7_ddr3_mig/u_memc_ui_top_axi/mem_intfc0/ddr_phy_top0/u_ddr_mc_phy_wrapper/u_ddr_mc_phy/ddr_phy_4lanes_0.u_ddr_phy_4lanes/ddr_byte_lane_C.ddr_byte_lane_C/ddr_byte_group_io/input_[1].iserdes_dq_.iserdesdq/CLKDIVP
                            (rising edge-triggered cell ISERDESE2 clocked by iserdes_clkdiv_2  {rise@1.172ns fall@2.422ns period=2.500ns})
  Destination:            i_ddr/u_xlnx_mig_7_ddr3_mig/u_memc_ui_top_axi/mem_intfc0/ddr_phy_top0/u_ddr_mc_phy_wrapper/u_ddr_mc_phy/ddr_phy_4lanes_0.u_ddr_phy_4lanes/ddr_byte_lane_C.ddr_byte_lane_C/in_fifo_gen.in_fifo/D1[3]
                            (rising edge-triggered cell IN_FIFO clocked by iserdes_clkdiv_2  {rise@1.172ns fall@2.422ns period=2.500ns})
  Path Group:             iserdes_clkdiv_2
  Path Type:              Setup (Max at Slow Process Corner)
  Requirement:            2.500ns  (iserdes_clkdiv_2 rise@3.672ns - iserdes_clkdiv_2 rise@1.172ns)
  Data Path Delay:        0.643ns  (logic 0.326ns (50.688%)  route 0.317ns (49.312%))
  Logic Levels:           0  
  Clock Path Skew:        -0.339ns (DCD - SCD + CPR)
    Destination Clock Delay (DCD):    4.413ns = ( 8.085 - 3.672 ) 
    Source Clock Delay      (SCD):    5.120ns = ( 6.292 - 1.172 ) 
    Clock Pessimism Removal (CPR):    0.367ns
  Clock Uncertainty:      0.047ns  ((TSJ^2 + DJ^2)^1/2) / 2 + PE
    Total System Jitter     (TSJ):    0.071ns
    Discrete Jitter          (DJ):    0.061ns
    Phase Error              (PE):    0.000ns

    Location             Delay type                Incr(ns)  Path(ns)    Netlist Resource(s)
  -------------------------------------------------------------------    -------------------
                         (clock iserdes_clkdiv_2 rise edge)
                                                      1.172     1.172 r  
    AD12                                              0.000     1.172 r  sys_clk_p (IN)
                         net (fo=0)                   0.000     1.172    i_ddr/u_xlnx_mig_7_ddr3_mig/u_ddr3_clk_ibuf/sys_clk_p
    AD12                 IBUFDS (Prop_ibufds_I_O)     0.832     2.004 r  i_ddr/u_xlnx_mig_7_ddr3_mig/u_ddr3_clk_ibuf/diff_input_clk.u_ibufg_sys_clk/O
                         net (fo=3, routed)           1.098     3.102    i_ddr/u_xlnx_mig_7_ddr3_mig/u_ddr3_infrastructure/out
    PLLE2_ADV_X1Y1       PLLE2_ADV (Prop_plle2_adv_CLKIN1_CLKOUT0)
                                                      0.077     3.179 r  i_ddr/u_xlnx_mig_7_ddr3_mig/u_ddr3_infrastructure/plle2_i/CLKOUT0
                         net (fo=14, routed)          1.192     4.371    i_ddr/u_xlnx_mig_7_ddr3_mig/u_memc_ui_top_axi/mem_intfc0/ddr_phy_top0/u_ddr_mc_phy_wrapper/u_ddr_mc_phy/ddr_phy_4lanes_0.u_ddr_phy_4lanes/ddr_byte_lane_C.ddr_byte_lane_C/freq_refclk
    PHASER_IN_PHY_X1Y10  PHASER_IN_PHY (Prop_phaser_in_phy_FREQREFCLK_ICLK)
                                                      1.428     5.799 r  i_ddr/u_xlnx_mig_7_ddr3_mig/u_memc_ui_top_axi/mem_intfc0/ddr_phy_top0/u_ddr_mc_phy_wrapper/u_ddr_mc_phy/ddr_phy_4lanes_0.u_ddr_phy_4lanes/ddr_byte_lane_C.ddr_byte_lane_C/phaser_in_gen.phaser_in/ICLK
    PHASER_IN_PHY_X1Y10  PHASER_IN_PHY (Prop_phaser_in_phy_ICLK_ICLKDIV)
                                                      0.154     5.953 r  i_ddr/u_xlnx_mig_7_ddr3_mig/u_memc_ui_top_axi/mem_intfc0/ddr_phy_top0/u_ddr_mc_phy_wrapper/u_ddr_mc_phy/ddr_phy_4lanes_0.u_ddr_phy_4lanes/ddr_byte_lane_C.ddr_byte_lane_C/phaser_in_gen.phaser_in/ICLKDIV
                         net (fo=9, routed)           0.339     6.292    i_ddr/u_xlnx_mig_7_ddr3_mig/u_memc_ui_top_axi/mem_intfc0/ddr_phy_top0/u_ddr_mc_phy_wrapper/u_ddr_mc_phy/ddr_phy_4lanes_0.u_ddr_phy_4lanes/ddr_byte_lane_C.ddr_byte_lane_C/ddr_byte_group_io/iserdes_clkdiv
    ILOGIC_X1Y126        ISERDESE2                                    r  i_ddr/u_xlnx_mig_7_ddr3_mig/u_memc_ui_top_axi/mem_intfc0/ddr_phy_top0/u_ddr_mc_phy_wrapper/u_ddr_mc_phy/ddr_phy_4lanes_0.u_ddr_phy_4lanes/ddr_byte_lane_C.ddr_byte_lane_C/ddr_byte_group_io/input_[1].iserdes_dq_.iserdesdq/CLKDIVP
  -------------------------------------------------------------------    -------------------
    ILOGIC_X1Y126        ISERDESE2 (Prop_iserdese2_CLKDIVP_Q1)
                                                      0.326     6.618 r  i_ddr/u_xlnx_mig_7_ddr3_mig/u_memc_ui_top_axi/mem_intfc0/ddr_phy_top0/u_ddr_mc_phy_wrapper/u_ddr_mc_phy/ddr_phy_4lanes_0.u_ddr_phy_4lanes/ddr_byte_lane_C.ddr_byte_lane_C/ddr_byte_group_io/input_[1].iserdes_dq_.iserdesdq/Q1
                         net (fo=1, routed)           0.317     6.935    i_ddr/u_xlnx_mig_7_ddr3_mig/u_memc_ui_top_axi/mem_intfc0/ddr_phy_top0/u_ddr_mc_phy_wrapper/u_ddr_mc_phy/ddr_phy_4lanes_0.u_ddr_phy_4lanes/ddr_byte_lane_C.ddr_byte_lane_C/if_d1[3]
    IN_FIFO_X1Y10        IN_FIFO                                      r  i_ddr/u_xlnx_mig_7_ddr3_mig/u_memc_ui_top_axi/mem_intfc0/ddr_phy_top0/u_ddr_mc_phy_wrapper/u_ddr_mc_phy/ddr_phy_4lanes_0.u_ddr_phy_4lanes/ddr_byte_lane_C.ddr_byte_lane_C/in_fifo_gen.in_fifo/D1[3]
  -------------------------------------------------------------------    -------------------

                         (clock iserdes_clkdiv_2 rise edge)
                                                      3.672     3.672 r  
    AD12                                              0.000     3.672 r  sys_clk_p (IN)
                         net (fo=0)                   0.000     3.672    i_ddr/u_xlnx_mig_7_ddr3_mig/u_ddr3_clk_ibuf/sys_clk_p
    AD12                 IBUFDS (Prop_ibufds_I_O)     0.735     4.407 r  i_ddr/u_xlnx_mig_7_ddr3_mig/u_ddr3_clk_ibuf/diff_input_clk.u_ibufg_sys_clk/O
                         net (fo=3, routed)           1.001     5.408    i_ddr/u_xlnx_mig_7_ddr3_mig/u_ddr3_infrastructure/out
    PLLE2_ADV_X1Y1       PLLE2_ADV (Prop_plle2_adv_CLKIN1_CLKOUT0)
                                                      0.073     5.481 r  i_ddr/u_xlnx_mig_7_ddr3_mig/u_ddr3_infrastructure/plle2_i/CLKOUT0
                         net (fo=14, routed)          1.065     6.546    i_ddr/u_xlnx_mig_7_ddr3_mig/u_memc_ui_top_axi/mem_intfc0/ddr_phy_top0/u_ddr_mc_phy_wrapper/u_ddr_mc_phy/ddr_phy_4lanes_0.u_ddr_phy_4lanes/ddr_byte_lane_C.ddr_byte_lane_C/freq_refclk
    PHASER_IN_PHY_X1Y10  PHASER_IN_PHY (Prop_phaser_in_phy_FREQREFCLK_ICLK)
                                                      1.394     7.940 r  i_ddr/u_xlnx_mig_7_ddr3_mig/u_memc_ui_top_axi/mem_intfc0/ddr_phy_top0/u_ddr_mc_phy_wrapper/u_ddr_mc_phy/ddr_phy_4lanes_0.u_ddr_phy_4lanes/ddr_byte_lane_C.ddr_byte_lane_C/phaser_in_gen.phaser_in/ICLK
    PHASER_IN_PHY_X1Y10  PHASER_IN_PHY (Prop_phaser_in_phy_ICLK_ICLKDIV)
                                                      0.145     8.085 r  i_ddr/u_xlnx_mig_7_ddr3_mig/u_memc_ui_top_axi/mem_intfc0/ddr_phy_top0/u_ddr_mc_phy_wrapper/u_ddr_mc_phy/ddr_phy_4lanes_0.u_ddr_phy_4lanes/ddr_byte_lane_C.ddr_byte_lane_C/phaser_in_gen.phaser_in/ICLKDIV
                         net (fo=9, routed)           0.000     8.085    i_ddr/u_xlnx_mig_7_ddr3_mig/u_memc_ui_top_axi/mem_intfc0/ddr_phy_top0/u_ddr_mc_phy_wrapper/u_ddr_mc_phy/ddr_phy_4lanes_0.u_ddr_phy_4lanes/ddr_byte_lane_C.ddr_byte_lane_C/iserdes_clkdiv
    IN_FIFO_X1Y10        IN_FIFO                                      r  i_ddr/u_xlnx_mig_7_ddr3_mig/u_memc_ui_top_axi/mem_intfc0/ddr_phy_top0/u_ddr_mc_phy_wrapper/u_ddr_mc_phy/ddr_phy_4lanes_0.u_ddr_phy_4lanes/ddr_byte_lane_C.ddr_byte_lane_C/in_fifo_gen.in_fifo/WRCLK
                         clock pessimism              0.367     8.453    
                         clock uncertainty           -0.047     8.406    
    IN_FIFO_X1Y10        IN_FIFO (Setup_in_fifo_WRCLK_D1[3])
                                                     -0.469     7.937    i_ddr/u_xlnx_mig_7_ddr3_mig/u_memc_ui_top_axi/mem_intfc0/ddr_phy_top0/u_ddr_mc_phy_wrapper/u_ddr_mc_phy/ddr_phy_4lanes_0.u_ddr_phy_4lanes/ddr_byte_lane_C.ddr_byte_lane_C/in_fifo_gen.in_fifo
  -------------------------------------------------------------------
                         required time                          7.937    
                         arrival time                          -6.935    
  -------------------------------------------------------------------
                         slack                                  1.002    

Slack (MET) :             1.180ns  (required time - arrival time)
  Source:                 i_ddr/u_xlnx_mig_7_ddr3_mig/u_memc_ui_top_axi/mem_intfc0/mc0/mc_read_idle_r_reg/C
                            (rising edge-triggered cell FDRE clocked by clk_pll_i  {rise@0.000ns fall@2.500ns period=5.000ns})
  Destination:            i_ddr/u_xlnx_mig_7_ddr3_mig/u_memc_ui_top_axi/mem_intfc0/ddr_phy_top0/u_ddr_mc_phy_wrapper/u_ddr_mc_phy/ddr_phy_4lanes_0.u_ddr_phy_4lanes/ddr_byte_lane_D.ddr_byte_lane_D/ddr_byte_group_io/input_[8].iserdes_dq_.iserdesdq/DDLY
                            (falling edge-triggered cell ISERDESE2 clocked by u_memc_ui_top_axi/mem_intfc0/ddr_phy_top0/u_ddr_mc_phy_wrapper/u_ddr_mc_phy/ddr_phy_4lanes_0.u_ddr_phy_4lanes/ddr_byte_lane_D.ddr_byte_lane_D/iserdes_clk  {rise@1.172ns fall@1.797ns period=1.250ns})
  Path Group:             u_memc_ui_top_axi/mem_intfc0/ddr_phy_top0/u_ddr_mc_phy_wrapper/u_ddr_mc_phy/ddr_phy_4lanes_0.u_ddr_phy_4lanes/ddr_byte_lane_D.ddr_byte_lane_D/iserdes_clk
  Path Type:              Setup (Max at Slow Process Corner)
  Requirement:            6.797ns  (u_memc_ui_top_axi/mem_intfc0/ddr_phy_top0/u_ddr_mc_phy_wrapper/u_ddr_mc_phy/ddr_phy_4lanes_0.u_ddr_phy_4lanes/ddr_byte_lane_D.ddr_byte_lane_D/iserdes_clk fall@6.797ns - clk_pll_i rise@0.000ns)
  Data Path Delay:        6.336ns  (logic 2.342ns (36.962%)  route 3.994ns (63.038%))
  Logic Levels:           2  (IBUF_IBUFDISABLE=1 IDELAYE2_FINEDELAY=1)
  Clock Path Skew:        1.007ns (DCD - SCD + CPR)
    Destination Clock Delay (DCD):    4.575ns = ( 5.122 - 0.547 ) 
    Source Clock Delay      (SCD):    3.766ns
    Clock Pessimism Removal (CPR):    0.197ns
  Clock Uncertainty:      0.173ns  ((TSJ^2 + DJ^2)^1/2) / 2 + PE
    Total System Jitter     (TSJ):    0.071ns
    Discrete Jitter          (DJ):    0.076ns
    Phase Error              (PE):    0.121ns
  Timing Exception:       MultiCycle Path   Setup -end   6

    Location             Delay type                Incr(ns)  Path(ns)    Netlist Resource(s)
  -------------------------------------------------------------------    -------------------
                         (clock clk_pll_i rise edge)
                                                      0.000     0.000 r  
    AD12                                              0.000     0.000 r  sys_clk_p (IN)
                         net (fo=0)                   0.000     0.000    i_ddr/u_xlnx_mig_7_ddr3_mig/u_ddr3_clk_ibuf/sys_clk_p
    AD12                 IBUFDS (Prop_ibufds_I_O)     0.832     0.832 r  i_ddr/u_xlnx_mig_7_ddr3_mig/u_ddr3_clk_ibuf/diff_input_clk.u_ibufg_sys_clk/O
                         net (fo=3, routed)           1.098     1.930    i_ddr/u_xlnx_mig_7_ddr3_mig/u_ddr3_infrastructure/out
    PLLE2_ADV_X1Y1       PLLE2_ADV (Prop_plle2_adv_CLKIN1_CLKOUT3)
                                                      0.077     2.007 r  i_ddr/u_xlnx_mig_7_ddr3_mig/u_ddr3_infrastructure/plle2_i/CLKOUT3
                         net (fo=1, routed)           1.155     3.162    i_ddr/u_xlnx_mig_7_ddr3_mig/u_ddr3_infrastructure/pll_clk3_out
    BUFHCE_X1Y12         BUFH (Prop_bufh_I_O)         0.103     3.265 r  i_ddr/u_xlnx_mig_7_ddr3_mig/u_ddr3_infrastructure/u_bufh_pll_clk3/O
                         net (fo=1, routed)           0.790     4.055    i_ddr/u_xlnx_mig_7_ddr3_mig/u_ddr3_infrastructure/pll_clk3
    MMCME2_ADV_X1Y1      MMCME2_ADV (Prop_mmcme2_adv_CLKIN1_CLKFBOUT)
                                                     -3.987     0.068 r  i_ddr/u_xlnx_mig_7_ddr3_mig/u_ddr3_infrastructure/gen_mmcm.mmcm_i/CLKFBOUT
                         net (fo=1, routed)           2.130     2.198    i_ddr/u_xlnx_mig_7_ddr3_mig/u_ddr3_infrastructure/clk_pll_i
    BUFGCTRL_X0Y1        BUFG (Prop_bufg_I_O)         0.093     2.291 r  i_ddr/u_xlnx_mig_7_ddr3_mig/u_ddr3_infrastructure/u_bufg_clkdiv0/O
                         net (fo=11269, routed)       1.475     3.766    i_ddr/u_xlnx_mig_7_ddr3_mig/u_memc_ui_top_axi/mem_intfc0/mc0/CLK
    SLICE_X145Y103       FDRE                                         r  i_ddr/u_xlnx_mig_7_ddr3_mig/u_memc_ui_top_axi/mem_intfc0/mc0/mc_read_idle_r_reg/C
  -------------------------------------------------------------------    -------------------
    SLICE_X145Y103       FDRE (Prop_fdre_C_Q)         0.223     3.989 r  i_ddr/u_xlnx_mig_7_ddr3_mig/u_memc_ui_top_axi/mem_intfc0/mc0/mc_read_idle_r_reg/Q
                         net (fo=72, routed)          3.994     7.983    i_ddr/u_xlnx_mig_7_ddr3_mig/u_memc_ui_top_axi/mem_intfc0/ddr_phy_top0/u_ddr_mc_phy_wrapper/gen_dq_iobuf_HP.gen_dq_iobuf[0].u_iobuf_dq/IBUFDISABLE
    AD3                  IBUF_IBUFDISABLE (Prop_ibuf_ibufdisable_IBUFDISABLE_O)
                                                      1.453     9.436 r  i_ddr/u_xlnx_mig_7_ddr3_mig/u_memc_ui_top_axi/mem_intfc0/ddr_phy_top0/u_ddr_mc_phy_wrapper/gen_dq_iobuf_HP.gen_dq_iobuf[0].u_iobuf_dq/IBUF/O
                         net (fo=2, routed)           0.000     9.436    i_ddr/u_xlnx_mig_7_ddr3_mig/u_memc_ui_top_axi/mem_intfc0/ddr_phy_top0/u_ddr_mc_phy_wrapper/u_ddr_mc_phy/ddr_phy_4lanes_0.u_ddr_phy_4lanes/ddr_byte_lane_D.ddr_byte_lane_D/ddr_byte_group_io/mem_dq_in[7]
    IDELAY_X1Y147        IDELAYE2_FINEDELAY (Prop_idelaye2_finedelay_IDATAIN_DATAOUT)
                                                      0.666    10.102 r  i_ddr/u_xlnx_mig_7_ddr3_mig/u_memc_ui_top_axi/mem_intfc0/ddr_phy_top0/u_ddr_mc_phy_wrapper/u_ddr_mc_phy/ddr_phy_4lanes_0.u_ddr_phy_4lanes/ddr_byte_lane_D.ddr_byte_lane_D/ddr_byte_group_io/input_[8].iserdes_dq_.idelay_finedelay_dq.idelaye2/DATAOUT
                         net (fo=1, routed)           0.000    10.102    i_ddr/u_xlnx_mig_7_ddr3_mig/u_memc_ui_top_axi/mem_intfc0/ddr_phy_top0/u_ddr_mc_phy_wrapper/u_ddr_mc_phy/ddr_phy_4lanes_0.u_ddr_phy_4lanes/ddr_byte_lane_D.ddr_byte_lane_D/ddr_byte_group_io/data_in_dly_8
    ILOGIC_X1Y147        ISERDESE2                                    r  i_ddr/u_xlnx_mig_7_ddr3_mig/u_memc_ui_top_axi/mem_intfc0/ddr_phy_top0/u_ddr_mc_phy_wrapper/u_ddr_mc_phy/ddr_phy_4lanes_0.u_ddr_phy_4lanes/ddr_byte_lane_D.ddr_byte_lane_D/ddr_byte_group_io/input_[8].iserdes_dq_.iserdesdq/DDLY
  -------------------------------------------------------------------    -------------------

                         (clock u_memc_ui_top_axi/mem_intfc0/ddr_phy_top0/u_ddr_mc_phy_wrapper/u_ddr_mc_phy/ddr_phy_4lanes_0.u_ddr_phy_4lanes/ddr_byte_lane_D.ddr_byte_lane_D/iserdes_clk fall edge)
                                                      6.797     6.797 f  
    AD12                                              0.000     6.797 f  sys_clk_p (IN)
                         net (fo=0)                   0.000     6.797    i_ddr/u_xlnx_mig_7_ddr3_mig/u_ddr3_clk_ibuf/sys_clk_p
    AD12                 IBUFDS (Prop_ibufds_I_O)     0.735     7.532 f  i_ddr/u_xlnx_mig_7_ddr3_mig/u_ddr3_clk_ibuf/diff_input_clk.u_ibufg_sys_clk/O
                         net (fo=3, routed)           1.001     8.533    i_ddr/u_xlnx_mig_7_ddr3_mig/u_ddr3_infrastructure/out
    PLLE2_ADV_X1Y1       PLLE2_ADV (Prop_plle2_adv_CLKIN1_CLKOUT0)
                                                      0.073     8.606 f  i_ddr/u_xlnx_mig_7_ddr3_mig/u_ddr3_infrastructure/plle2_i/CLKOUT0
                         net (fo=14, routed)          1.057     9.663    i_ddr/u_xlnx_mig_7_ddr3_mig/u_memc_ui_top_axi/mem_intfc0/ddr_phy_top0/u_ddr_mc_phy_wrapper/u_ddr_mc_phy/ddr_phy_4lanes_0.u_ddr_phy_4lanes/ddr_byte_lane_D.ddr_byte_lane_D/freq_refclk
    PHASER_IN_PHY_X1Y11  PHASER_IN_PHY (Prop_phaser_in_phy_FREQREFCLK_ICLK)
                                                      1.394    11.057 f  i_ddr/u_xlnx_mig_7_ddr3_mig/u_memc_ui_top_axi/mem_intfc0/ddr_phy_top0/u_ddr_mc_phy_wrapper/u_ddr_mc_phy/ddr_phy_4lanes_0.u_ddr_phy_4lanes/ddr_byte_lane_D.ddr_byte_lane_D/phaser_in_gen.phaser_in/ICLK
                         net (fo=16, routed)          0.315    11.372    i_ddr/u_xlnx_mig_7_ddr3_mig/u_memc_ui_top_axi/mem_intfc0/ddr_phy_top0/u_ddr_mc_phy_wrapper/u_ddr_mc_phy/ddr_phy_4lanes_0.u_ddr_phy_4lanes/ddr_byte_lane_D.ddr_byte_lane_D/ddr_byte_group_io/CLKB0_9
    ILOGIC_X1Y147        ISERDESE2                                    r  i_ddr/u_xlnx_mig_7_ddr3_mig/u_memc_ui_top_axi/mem_intfc0/ddr_phy_top0/u_ddr_mc_phy_wrapper/u_ddr_mc_phy/ddr_phy_4lanes_0.u_ddr_phy_4lanes/ddr_byte_lane_D.ddr_byte_lane_D/ddr_byte_group_io/input_[8].iserdes_dq_.iserdesdq/CLKB  (IS_INVERTED)
                         clock pessimism              0.197    11.570    
                         clock uncertainty           -0.173    11.397    
    ILOGIC_X1Y147        ISERDESE2 (Setup_iserdese2_CLKB_DDLY)
                                                     -0.115    11.282    i_ddr/u_xlnx_mig_7_ddr3_mig/u_memc_ui_top_axi/mem_intfc0/ddr_phy_top0/u_ddr_mc_phy_wrapper/u_ddr_mc_phy/ddr_phy_4lanes_0.u_ddr_phy_4lanes/ddr_byte_lane_D.ddr_byte_lane_D/ddr_byte_group_io/input_[8].iserdes_dq_.iserdesdq
  -------------------------------------------------------------------
                         required time                         11.282    
                         arrival time                         -10.102    
  -------------------------------------------------------------------
                         slack                                  1.180    

Slack (MET) :             1.249ns  (required time - arrival time)
  Source:                 i_ariane_peripherals/gen_ethernet.eth_rgmii/RAMB16_inst_tx/genblk1[0].RAMB16_S9_S36_inst/CLKARDCLK
                            (falling edge-triggered cell RAMB36E1 clocked by clk_out2_xlnx_clk_gen  {rise@0.000ns fall@4.000ns period=8.000ns})
  Destination:            i_ariane_peripherals/gen_ethernet.eth_rgmii/rgmii_soc1/core_inst/eth_mac_inst/eth_mac_1g_rgmii_inst/eth_mac_1g_inst/axis_gmii_tx_inst/s_tdata_reg_reg[3]/D
                            (rising edge-triggered cell FDRE clocked by clk_out2_xlnx_clk_gen  {rise@0.000ns fall@4.000ns period=8.000ns})
  Path Group:             clk_out2_xlnx_clk_gen
  Path Type:              Setup (Max at Slow Process Corner)
  Requirement:            4.000ns  (clk_out2_xlnx_clk_gen rise@8.000ns - clk_out2_xlnx_clk_gen fall@4.000ns)
  Data Path Delay:        2.667ns  (logic 1.854ns (69.510%)  route 0.813ns (30.490%))
  Logic Levels:           1  (LUT3=1)
  Clock Path Skew:        -0.077ns (DCD - SCD + CPR)
    Destination Clock Delay (DCD):    1.433ns = ( 9.433 - 8.000 ) 
    Source Clock Delay      (SCD):    1.600ns = ( 5.600 - 4.000 ) 
    Clock Pessimism Removal (CPR):    0.090ns
  Clock Uncertainty:      0.065ns  ((TSJ^2 + DJ^2)^1/2) / 2 + PE
    Total System Jitter     (TSJ):    0.071ns
    Discrete Jitter          (DJ):    0.109ns
    Phase Error              (PE):    0.000ns

    Location             Delay type                Incr(ns)  Path(ns)    Netlist Resource(s)
  -------------------------------------------------------------------    -------------------
                         (clock clk_out2_xlnx_clk_gen fall edge)
                                                      4.000     4.000 f  
    BUFGCTRL_X0Y1        BUFG                         0.000     4.000 f  i_ddr/u_xlnx_mig_7_ddr3_mig/u_ddr3_infrastructure/u_bufg_clkdiv0/O
                         net (fo=11269, routed)       1.936     5.936    i_xlnx_clk_gen/inst/clk_in1
    MMCME2_ADV_X1Y0      MMCME2_ADV (Prop_mmcme2_adv_CLKIN1_CLKOUT1)
                                                     -4.498     1.438 f  i_xlnx_clk_gen/inst/mmcm_adv_inst/CLKOUT1
                         net (fo=1, routed)           2.469     3.907    i_xlnx_clk_gen/inst/clk_out2_xlnx_clk_gen
    BUFGCTRL_X0Y2        BUFG (Prop_bufg_I_O)         0.093     4.000 f  i_xlnx_clk_gen/inst/clkout2_buf/O
                         net (fo=167, routed)         1.600     5.600    i_ariane_peripherals/gen_ethernet.eth_rgmii/RAMB16_inst_tx/clka
    RAMB36_X3Y14         RAMB36E1                                     r  i_ariane_peripherals/gen_ethernet.eth_rgmii/RAMB16_inst_tx/genblk1[0].RAMB16_S9_S36_inst/CLKARDCLK  (IS_INVERTED)
  -------------------------------------------------------------------    -------------------
    RAMB36_X3Y14         RAMB36E1 (Prop_ramb36e1_CLKARDCLK_DOADO[3])
                                                      1.800     7.400 r  i_ariane_peripherals/gen_ethernet.eth_rgmii/RAMB16_inst_tx/genblk1[0].RAMB16_S9_S36_inst/DOADO[3]
                         net (fo=1, routed)           0.813     8.213    i_ariane_peripherals/gen_ethernet.eth_rgmii/RAMB16_inst_tx/douta[3]
    SLICE_X103Y76        LUT3 (Prop_lut3_I2_O)        0.054     8.267 r  i_ariane_peripherals/gen_ethernet.eth_rgmii/RAMB16_inst_tx/s_tdata_reg[3]_i_1/O
                         net (fo=1, routed)           0.000     8.267    i_ariane_peripherals/gen_ethernet.eth_rgmii/rgmii_soc1/core_inst/eth_mac_inst/eth_mac_1g_rgmii_inst/eth_mac_1g_inst/axis_gmii_tx_inst/s_tdata_reg_reg[3]_0
    SLICE_X103Y76        FDRE                                         r  i_ariane_peripherals/gen_ethernet.eth_rgmii/rgmii_soc1/core_inst/eth_mac_inst/eth_mac_1g_rgmii_inst/eth_mac_1g_inst/axis_gmii_tx_inst/s_tdata_reg_reg[3]/D
  -------------------------------------------------------------------    -------------------

                         (clock clk_out2_xlnx_clk_gen rise edge)
                                                      8.000     8.000 r  
    BUFGCTRL_X0Y1        BUFG                         0.000     8.000 r  i_ddr/u_xlnx_mig_7_ddr3_mig/u_ddr3_infrastructure/u_bufg_clkdiv0/O
                         net (fo=11269, routed)       1.776     9.776    i_xlnx_clk_gen/inst/clk_in1
    MMCME2_ADV_X1Y0      MMCME2_ADV (Prop_mmcme2_adv_CLKIN1_CLKOUT1)
                                                     -4.195     5.581 r  i_xlnx_clk_gen/inst/mmcm_adv_inst/CLKOUT1
                         net (fo=1, routed)           2.336     7.917    i_xlnx_clk_gen/inst/clk_out2_xlnx_clk_gen
    BUFGCTRL_X0Y2        BUFG (Prop_bufg_I_O)         0.083     8.000 r  i_xlnx_clk_gen/inst/clkout2_buf/O
                         net (fo=167, routed)         1.433     9.433    i_ariane_peripherals/gen_ethernet.eth_rgmii/rgmii_soc1/core_inst/eth_mac_inst/eth_mac_1g_rgmii_inst/eth_mac_1g_inst/axis_gmii_tx_inst/clk_out2
    SLICE_X103Y76        FDRE                                         r  i_ariane_peripherals/gen_ethernet.eth_rgmii/rgmii_soc1/core_inst/eth_mac_inst/eth_mac_1g_rgmii_inst/eth_mac_1g_inst/axis_gmii_tx_inst/s_tdata_reg_reg[3]/C
                         clock pessimism              0.090     9.523    
                         clock uncertainty           -0.065     9.458    
    SLICE_X103Y76        FDRE (Setup_fdre_C_D)        0.058     9.516    i_ariane_peripherals/gen_ethernet.eth_rgmii/rgmii_soc1/core_inst/eth_mac_inst/eth_mac_1g_rgmii_inst/eth_mac_1g_inst/axis_gmii_tx_inst/s_tdata_reg_reg[3]
  -------------------------------------------------------------------
                         required time                          9.516    
                         arrival time                          -8.267    
  -------------------------------------------------------------------
                         slack                                  1.249    

Slack (MET) :             1.542ns  (required time - arrival time)
  Source:                 i_ariane/i_cva6/issue_stage_i/i_issue_read_operands/lsu_valid_q_reg[0]/C
                            (rising edge-triggered cell FDCE clocked by clk_out1_xlnx_clk_gen  {rise@0.000ns fall@10.000ns period=20.000ns})
  Destination:            i_ariane/i_cva6/gen_perf_counter.perf_counters_i/generic_counter_q_reg[3][2]/CE
                            (rising edge-triggered cell FDCE clocked by clk_out1_xlnx_clk_gen  {rise@0.000ns fall@10.000ns period=20.000ns})
  Path Group:             clk_out1_xlnx_clk_gen
  Path Type:              Setup (Max at Slow Process Corner)
  Requirement:            20.000ns  (clk_out1_xlnx_clk_gen rise@20.000ns - clk_out1_xlnx_clk_gen rise@0.000ns)
  Data Path Delay:        18.067ns  (logic 1.769ns (9.791%)  route 16.298ns (90.209%))
  Logic Levels:           28  (LUT2=4 LUT3=1 LUT4=2 LUT5=4 LUT6=17)
  Clock Path Skew:        -0.114ns (DCD - SCD + CPR)
    Destination Clock Delay (DCD):    1.089ns = ( 21.089 - 20.000 ) 
    Source Clock Delay      (SCD):    1.203ns
    Clock Pessimism Removal (CPR):    0.000ns
  Clock Uncertainty:      0.076ns  ((TSJ^2 + DJ^2)^1/2) / 2 + PE
    Total System Jitter     (TSJ):    0.071ns
    Discrete Jitter          (DJ):    0.135ns
    Phase Error              (PE):    0.000ns

    Location             Delay type                Incr(ns)  Path(ns)    Netlist Resource(s)
  -------------------------------------------------------------------    -------------------
                         (clock clk_out1_xlnx_clk_gen rise edge)
                                                      0.000     0.000 r  
    BUFGCTRL_X0Y1        BUFG                         0.000     0.000 r  i_ddr/u_xlnx_mig_7_ddr3_mig/u_ddr3_infrastructure/u_bufg_clkdiv0/O
                         net (fo=11269, routed)       1.936     1.936    i_xlnx_clk_gen/inst/clk_in1
    MMCME2_ADV_X1Y0      MMCME2_ADV (Prop_mmcme2_adv_CLKIN1_CLKOUT0)
                                                     -4.498    -2.562 r  i_xlnx_clk_gen/inst/mmcm_adv_inst/CLKOUT0
                         net (fo=1, routed)           2.469    -0.093    i_xlnx_clk_gen/inst/clk_out1_xlnx_clk_gen
    BUFGCTRL_X0Y0        BUFG (Prop_bufg_I_O)         0.093    -0.000 r  i_xlnx_clk_gen/inst/clkout1_buf/O
                         net (fo=34432, routed)       1.203     1.203    i_ariane/i_cva6/issue_stage_i/i_issue_read_operands/clk_out1
    SLICE_X50Y232        FDCE                                         r  i_ariane/i_cva6/issue_stage_i/i_issue_read_operands/lsu_valid_q_reg[0]/C
  -------------------------------------------------------------------    -------------------
    SLICE_X50Y232        FDCE (Prop_fdce_C_Q)         0.259     1.462 f  i_ariane/i_cva6/issue_stage_i/i_issue_read_operands/lsu_valid_q_reg[0]/Q
                         net (fo=135, routed)         0.517     1.979    i_ariane/i_cva6/issue_stage_i/i_issue_read_operands/lsu_valid_q_reg[0]_0
    SLICE_X49Y231        LUT2 (Prop_lut2_I0_O)        0.043     2.022 f  i_ariane/i_cva6/issue_stage_i/i_issue_read_operands/ldbuf_q[0][operation][2]_i_2/O
                         net (fo=1, routed)           0.355     2.377    i_ariane/i_cva6/ex_stage_i/lsu_i/lsu_bypass_i/ldbuf_q_reg[0][operation][2]
    SLICE_X49Y227        LUT6 (Prop_lut6_I1_O)        0.043     2.420 f  i_ariane/i_cva6/ex_stage_i/lsu_i/lsu_bypass_i/ldbuf_q[0][operation][2]_i_1/O
                         net (fo=27, routed)          0.735     3.156    i_ariane/i_cva6/ex_stage_i/lsu_i/lsu_bypass_i/mem_q_reg[0][operation][6]_0[2]
    SLICE_X49Y217        LUT2 (Prop_lut2_I0_O)        0.054     3.210 f  i_ariane/i_cva6/ex_stage_i/lsu_i/lsu_bypass_i/mem_q[0][hs_ld_st_inst]_i_8/O
                         net (fo=3, routed)           0.483     3.692    i_ariane/i_cva6/ex_stage_i/lsu_i/lsu_bypass_i/mem_q[0][hs_ld_st_inst]_i_8_n_0
    SLICE_X50Y220        LUT6 (Prop_lut6_I5_O)        0.137     3.829 f  i_ariane/i_cva6/ex_stage_i/lsu_i/lsu_bypass_i/i__i_24/O
                         net (fo=1, routed)           0.266     4.095    i_ariane/i_cva6/ex_stage_i/lsu_i/lsu_bypass_i/i__i_24_n_0
    SLICE_X51Y220        LUT6 (Prop_lut6_I4_O)        0.043     4.138 r  i_ariane/i_cva6/ex_stage_i/lsu_i/lsu_bypass_i/i__i_7__1/O
                         net (fo=3, routed)           0.581     4.719    i_ariane/i_cva6/csr_regfile_i/csr_hs_ld_st_inst_ex
    SLICE_X63Y216        LUT6 (Prop_lut6_I1_O)        0.043     4.762 f  i_ariane/i_cva6/csr_regfile_i/i__i_2__3/O
                         net (fo=48, routed)          0.684     5.446    i_ariane/i_cva6/ex_stage_i/lsu_i/i_pmp_data_if/i_pmp_data/ld_st_priv_lvl_csr_ex[0]
    SLICE_X79Y211        LUT3 (Prop_lut3_I2_O)        0.052     5.498 f  i_ariane/i_cva6/ex_stage_i/lsu_i/i_pmp_data_if/i_pmp_data/i___35_i_91/O
                         net (fo=1, routed)           0.326     5.824    i_ariane/i_cva6/ex_stage_i/lsu_i/i_pmp_data_if/i_pmp_data/i___35_i_91_n_0
    SLICE_X79Y209        LUT6 (Prop_lut6_I5_O)        0.136     5.960 r  i_ariane/i_cva6/ex_stage_i/lsu_i/i_pmp_data_if/i_pmp_data/i___35_i_38/O
                         net (fo=3, routed)           0.430     6.390    i_ariane/i_cva6/ex_stage_i/lsu_i/i_pmp_data_if/i_pmp_data/i___35_i_38_n_0
    SLICE_X80Y209        LUT5 (Prop_lut5_I2_O)        0.043     6.433 r  i_ariane/i_cva6/ex_stage_i/lsu_i/i_pmp_data_if/i_pmp_data/i___35_i_32/O
                         net (fo=1, routed)           0.438     6.871    i_ariane/i_cva6/ex_stage_i/lsu_i/i_pmp_data_if/i_pmp_data/i___35_i_32_n_0
    SLICE_X79Y209        LUT6 (Prop_lut6_I1_O)        0.043     6.914 r  i_ariane/i_cva6/ex_stage_i/lsu_i/i_pmp_data_if/i_pmp_data/i___35_i_10/O
                         net (fo=1, routed)           0.431     7.345    i_ariane/i_cva6/ex_stage_i/lsu_i/i_pmp_data_if/i_pmp_data/i___35_i_10_n_0
    SLICE_X77Y209        LUT6 (Prop_lut6_I5_O)        0.043     7.388 r  i_ariane/i_cva6/ex_stage_i/lsu_i/i_pmp_data_if/i_pmp_data/i___35_i_4/O
                         net (fo=99, routed)          0.798     8.187    i_ariane/i_cva6/ex_stage_i/lsu_i/gen_no_mmu.gen_spmp.gen_double_spmp.i_spmp_interface_hyp/gen_register.d_o_reg[102]
    SLICE_X50Y205        LUT2 (Prop_lut2_I1_O)        0.051     8.238 f  i_ariane/i_cva6/ex_stage_i/lsu_i/gen_no_mmu.gen_spmp.gen_double_spmp.i_spmp_interface_hyp/read_pointer_q_i_5/O
                         net (fo=3, routed)           0.582     8.820    i_ariane/i_cva6/ex_stage_i/lsu_i/i_load_unit/mem_q[0][hs_ld_st_inst]_i_4
    SLICE_X47Y196        LUT6 (Prop_lut6_I4_O)        0.134     8.954 f  i_ariane/i_cva6/ex_stage_i/lsu_i/i_load_unit/st1_req_q[op][4]_i_14/O
                         net (fo=1, routed)           0.615     9.569    i_ariane/i_cva6/gen_cache_hpd.i_cache_subsystem/i_dcache/i_hpdcache/hpdcache_ctrl_i/hpdcache_rtab_i/wbuf_pending_arb_i/st1_req_q_reg[be][0][3]_rep_1
    SLICE_X44Y183        LUT6 (Prop_lut6_I4_O)        0.043     9.612 f  i_ariane/i_cva6/gen_cache_hpd.i_cache_subsystem/i_dcache/i_hpdcache/hpdcache_ctrl_i/hpdcache_rtab_i/wbuf_pending_arb_i/st1_req_q[op][4]_i_4/O
                         net (fo=11, routed)          0.468    10.080    i_ariane/i_cva6/gen_cache_hpd.i_cache_subsystem/i_dcache/i_hpdcache/hpdcache_ctrl_i/hpdcache_memctrl_i/store_amo_gen.amo_pending_q_reg
    SLICE_X41Y178        LUT5 (Prop_lut5_I1_O)        0.043    10.123 r  i_ariane/i_cva6/gen_cache_hpd.i_cache_subsystem/i_dcache/i_hpdcache/hpdcache_ctrl_i/hpdcache_memctrl_i/st2_dir_updt_valid_q_i_6/O
                         net (fo=22, routed)          0.364    10.487    i_ariane/i_cva6/gen_cache_hpd.i_cache_subsystem/i_dcache/i_hpdcache/hpdcache_ctrl_i/hpdcache_memctrl_i/gen_dir_sram[6].dir_sram/ram_i/SyncSpRam_i/st2_dir_updt_valid_q_reg
    SLICE_X42Y180        LUT6 (Prop_lut6_I1_O)        0.043    10.530 r  i_ariane/i_cva6/gen_cache_hpd.i_cache_subsystem/i_dcache/i_hpdcache/hpdcache_ctrl_i/hpdcache_memctrl_i/gen_dir_sram[6].dir_sram/ram_i/SyncSpRam_i/store_amo_gen.amo_pending_q_i_7/O
                         net (fo=1, routed)           0.461    10.990    i_ariane/i_cva6/gen_cache_hpd.i_cache_subsystem/i_dcache/i_hpdcache/hpdcache_uc_i/core_rsp_valid
    SLICE_X44Y192        LUT6 (Prop_lut6_I3_O)        0.043    11.033 r  i_ariane/i_cva6/gen_cache_hpd.i_cache_subsystem/i_dcache/i_hpdcache/hpdcache_uc_i/store_amo_gen.amo_pending_q_i_2/O
                         net (fo=36, routed)          1.277    12.311    i_ariane/i_cva6/issue_stage_i/i_scoreboard/amo_resp[ack]
    SLICE_X58Y226        LUT5 (Prop_lut5_I4_O)        0.043    12.354 r  i_ariane/i_cva6/issue_stage_i/i_scoreboard/i___25_i_10/O
                         net (fo=3, routed)           0.299    12.653    i_ariane/i_cva6/issue_stage_i/i_scoreboard/i___25_i_10_n_0
    SLICE_X63Y228        LUT4 (Prop_lut4_I3_O)        0.043    12.696 r  i_ariane/i_cva6/issue_stage_i/i_scoreboard/i___25_i_2/O
                         net (fo=42, routed)          0.670    13.365    i_ariane/i_cva6/csr_regfile_i/commit_ack_commit_id[0]
    SLICE_X53Y222        LUT4 (Prop_lut4_I2_O)        0.043    13.408 r  i_ariane/i_cva6/csr_regfile_i/i___15_i_7/O
                         net (fo=2, routed)           0.189    13.597    i_ariane/i_cva6/csr_regfile_i/i___15_i_7_n_0
    SLICE_X53Y221        LUT6 (Prop_lut6_I0_O)        0.043    13.640 r  i_ariane/i_cva6/csr_regfile_i/i___15_i_3/O
                         net (fo=35, routed)          0.557    14.197    i_ariane/i_cva6/issue_stage_i/i_scoreboard/set_debug_pc
    SLICE_X49Y225        LUT6 (Prop_lut6_I1_O)        0.043    14.240 r  i_ariane/i_cva6/issue_stage_i/i_scoreboard/i__i_5__1/O
                         net (fo=36, routed)          0.550    14.790    i_ariane/i_cva6/i_frontend/i_instr_realign/flush_unissued_instr_ctrl_id
    SLICE_X25Y225        LUT2 (Prop_lut2_I1_O)        0.043    14.833 f  i_ariane/i_cva6/i_frontend/i_instr_realign/speculative_q_i_1/O
                         net (fo=3, routed)           1.113    15.946    i_ariane/i_cva6/gen_cache_hpd.i_cache_subsystem/i_cva6_icache/gen_sram[3].data_sram/data_sram/gen_cut[1].i_tc_sram_wrapper/i_ram/icache_dreq_if_cache[spec]
    SLICE_X21Y198        LUT5 (Prop_lut5_I0_O)        0.043    15.989 r  i_ariane/i_cva6/gen_cache_hpd.i_cache_subsystem/i_cva6_icache/gen_sram[3].data_sram/data_sram/gen_cut[1].i_tc_sram_wrapper/i_ram/FSM_sequential_state_q[2]_i_2/O
                         net (fo=9, routed)           0.355    16.344    i_ariane/i_cva6/gen_cache_hpd.i_cache_subsystem/i_cva6_icache/gen_sram[3].tag_sram/data_sram/gen_cut[0].i_tc_sram_wrapper/i_ram/dreq_o135_out
    SLICE_X22Y198        LUT6 (Prop_lut6_I4_O)        0.043    16.387 r  i_ariane/i_cva6/gen_cache_hpd.i_cache_subsystem/i_cva6_icache/gen_sram[3].tag_sram/data_sram/gen_cut[0].i_tc_sram_wrapper/i_ram/generic_counter_q[6][63]_i_22/O
                         net (fo=6, routed)           1.292    17.679    i_ariane/i_cva6/gen_perf_counter.perf_counters_i/icache_miss_cache_perf
    SLICE_X72Y211        LUT6 (Prop_lut6_I3_O)        0.043    17.722 r  i_ariane/i_cva6/gen_perf_counter.perf_counters_i/generic_counter_q[3][63]_i_12/O
                         net (fo=1, routed)           0.107    17.829    i_ariane/i_cva6/gen_perf_counter.perf_counters_i/generic_counter_q[3][63]_i_12_n_0
    SLICE_X72Y211        LUT6 (Prop_lut6_I4_O)        0.043    17.872 r  i_ariane/i_cva6/gen_perf_counter.perf_counters_i/generic_counter_q[3][63]_i_4/O
                         net (fo=2, routed)           0.533    18.405    i_ariane/i_cva6/csr_regfile_i/generic_counter_q_reg[3][0]_0
    SLICE_X72Y208        LUT6 (Prop_lut6_I4_O)        0.043    18.448 r  i_ariane/i_cva6/csr_regfile_i/generic_counter_q[3][31]_i_1/O
                         net (fo=32, routed)          0.822    19.270    i_ariane/i_cva6/gen_perf_counter.perf_counters_i/generic_counter_q_reg[3][32]_1[0]
    SLICE_X59Y191        FDCE                                         r  i_ariane/i_cva6/gen_perf_counter.perf_counters_i/generic_counter_q_reg[3][2]/CE
  -------------------------------------------------------------------    -------------------

                         (clock clk_out1_xlnx_clk_gen rise edge)
                                                     20.000    20.000 r  
    BUFGCTRL_X0Y1        BUFG                         0.000    20.000 r  i_ddr/u_xlnx_mig_7_ddr3_mig/u_ddr3_infrastructure/u_bufg_clkdiv0/O
                         net (fo=11269, routed)       1.776    21.776    i_xlnx_clk_gen/inst/clk_in1
    MMCME2_ADV_X1Y0      MMCME2_ADV (Prop_mmcme2_adv_CLKIN1_CLKOUT0)
                                                     -4.195    17.581 r  i_xlnx_clk_gen/inst/mmcm_adv_inst/CLKOUT0
                         net (fo=1, routed)           2.336    19.917    i_xlnx_clk_gen/inst/clk_out1_xlnx_clk_gen
    BUFGCTRL_X0Y0        BUFG (Prop_bufg_I_O)         0.083    20.000 r  i_xlnx_clk_gen/inst/clkout1_buf/O
                         net (fo=34432, routed)       1.089    21.089    i_ariane/i_cva6/gen_perf_counter.perf_counters_i/clk_out1
    SLICE_X59Y191        FDCE                                         r  i_ariane/i_cva6/gen_perf_counter.perf_counters_i/generic_counter_q_reg[3][2]/C
                         clock pessimism              0.000    21.089    
                         clock uncertainty           -0.076    21.013    
    SLICE_X59Y191        FDCE (Setup_fdce_C_CE)      -0.201    20.812    i_ariane/i_cva6/gen_perf_counter.perf_counters_i/generic_counter_q_reg[3][2]
  -------------------------------------------------------------------
                         required time                         20.812    
                         arrival time                         -19.270    
  -------------------------------------------------------------------
                         slack                                  1.542    

Slack (MET) :             1.733ns  (required time - arrival time)
  Source:                 i_ddr/u_xlnx_mig_7_ddr3_mig/u_ddr3_infrastructure/rstdiv0_sync_r1_reg_rep__20/C
                            (rising edge-triggered cell FDPE clocked by clk_pll_i  {rise@0.000ns fall@2.500ns period=5.000ns})
  Destination:            i_ddr/u_xlnx_mig_7_ddr3_mig/u_ddr3_infrastructure/first_rising_ps_clk_r_reg/D
                            (rising edge-triggered cell FDRE clocked by mmcm_ps_clk_bufg_in  {rise@0.000ns fall@5.000ns period=10.000ns})
  Path Group:             mmcm_ps_clk_bufg_in
  Path Type:              Setup (Max at Slow Process Corner)
  Requirement:            5.000ns  (mmcm_ps_clk_bufg_in rise@10.000ns - clk_pll_i rise@5.000ns)
  Data Path Delay:        2.693ns  (logic 0.274ns (10.174%)  route 2.419ns (89.826%))
  Logic Levels:           1  (LUT1=1)
  Clock Path Skew:        -0.272ns (DCD - SCD + CPR)
    Destination Clock Delay (DCD):    3.531ns = ( 13.531 - 10.000 ) 
    Source Clock Delay      (SCD):    3.925ns = ( 8.925 - 5.000 ) 
    Clock Pessimism Removal (CPR):    0.121ns
  Clock Uncertainty:      0.187ns  ((TSJ^2 + DJ^2)^1/2) / 2 + PE
    Total System Jitter     (TSJ):    0.071ns
    Discrete Jitter          (DJ):    0.114ns
    Phase Error              (PE):    0.120ns

    Location             Delay type                Incr(ns)  Path(ns)    Netlist Resource(s)
  -------------------------------------------------------------------    -------------------
                         (clock clk_pll_i rise edge)
                                                      5.000     5.000 r  
    AD12                                              0.000     5.000 r  sys_clk_p (IN)
                         net (fo=0)                   0.000     5.000    i_ddr/u_xlnx_mig_7_ddr3_mig/u_ddr3_clk_ibuf/sys_clk_p
    AD12                 IBUFDS (Prop_ibufds_I_O)     0.832     5.832 r  i_ddr/u_xlnx_mig_7_ddr3_mig/u_ddr3_clk_ibuf/diff_input_clk.u_ibufg_sys_clk/O
                         net (fo=3, routed)           1.098     6.930    i_ddr/u_xlnx_mig_7_ddr3_mig/u_ddr3_infrastructure/out
    PLLE2_ADV_X1Y1       PLLE2_ADV (Prop_plle2_adv_CLKIN1_CLKOUT3)
                                                      0.077     7.007 r  i_ddr/u_xlnx_mig_7_ddr3_mig/u_ddr3_infrastructure/plle2_i/CLKOUT3
                         net (fo=1, routed)           1.155     8.162    i_ddr/u_xlnx_mig_7_ddr3_mig/u_ddr3_infrastructure/pll_clk3_out
    BUFHCE_X1Y12         BUFH (Prop_bufh_I_O)         0.103     8.265 r  i_ddr/u_xlnx_mig_7_ddr3_mig/u_ddr3_infrastructure/u_bufh_pll_clk3/O
                         net (fo=1, routed)           0.790     9.055    i_ddr/u_xlnx_mig_7_ddr3_mig/u_ddr3_infrastructure/pll_clk3
    MMCME2_ADV_X1Y1      MMCME2_ADV (Prop_mmcme2_adv_CLKIN1_CLKFBOUT)
                                                     -3.987     5.068 r  i_ddr/u_xlnx_mig_7_ddr3_mig/u_ddr3_infrastructure/gen_mmcm.mmcm_i/CLKFBOUT
                         net (fo=1, routed)           2.130     7.198    i_ddr/u_xlnx_mig_7_ddr3_mig/u_ddr3_infrastructure/clk_pll_i
    BUFGCTRL_X0Y1        BUFG (Prop_bufg_I_O)         0.093     7.291 r  i_ddr/u_xlnx_mig_7_ddr3_mig/u_ddr3_infrastructure/u_bufg_clkdiv0/O
                         net (fo=11269, routed)       1.634     8.925    i_ddr/u_xlnx_mig_7_ddr3_mig/u_ddr3_infrastructure/CLK
    SLICE_X141Y70        FDPE                                         r  i_ddr/u_xlnx_mig_7_ddr3_mig/u_ddr3_infrastructure/rstdiv0_sync_r1_reg_rep__20/C
  -------------------------------------------------------------------    -------------------
    SLICE_X141Y70        FDPE (Prop_fdpe_C_Q)         0.223     9.148 f  i_ddr/u_xlnx_mig_7_ddr3_mig/u_ddr3_infrastructure/rstdiv0_sync_r1_reg_rep__20/Q
                         net (fo=44, routed)          1.656    10.804    i_ddr/u_xlnx_mig_7_ddr3_mig/u_ddr3_infrastructure/rstdiv0_sync_r1_reg_rep__20_n_0
    SLICE_X144Y89        LUT1 (Prop_lut1_I0_O)        0.051    10.855 r  i_ddr/u_xlnx_mig_7_ddr3_mig/u_ddr3_infrastructure/first_rising_ps_clk_r_i_1/O
                         net (fo=1, routed)           0.763    11.618    i_ddr/u_xlnx_mig_7_ddr3_mig/u_ddr3_infrastructure/first_rising_ps_clk_ns
    SLICE_X145Y72        FDRE                                         r  i_ddr/u_xlnx_mig_7_ddr3_mig/u_ddr3_infrastructure/first_rising_ps_clk_r_reg/D
  -------------------------------------------------------------------    -------------------

                         (clock mmcm_ps_clk_bufg_in rise edge)
                                                     10.000    10.000 r  
    AD12                                              0.000    10.000 r  sys_clk_p (IN)
                         net (fo=0)                   0.000    10.000    i_ddr/u_xlnx_mig_7_ddr3_mig/u_ddr3_clk_ibuf/sys_clk_p
    AD12                 IBUFDS (Prop_ibufds_I_O)     0.735    10.735 r  i_ddr/u_xlnx_mig_7_ddr3_mig/u_ddr3_clk_ibuf/diff_input_clk.u_ibufg_sys_clk/O
                         net (fo=3, routed)           1.001    11.736    i_ddr/u_xlnx_mig_7_ddr3_mig/u_ddr3_infrastructure/out
    PLLE2_ADV_X1Y1       PLLE2_ADV (Prop_plle2_adv_CLKIN1_CLKOUT3)
                                                      0.073    11.809 r  i_ddr/u_xlnx_mig_7_ddr3_mig/u_ddr3_infrastructure/plle2_i/CLKOUT3
                         net (fo=1, routed)           1.043    12.852    i_ddr/u_xlnx_mig_7_ddr3_mig/u_ddr3_infrastructure/pll_clk3_out
    BUFHCE_X1Y12         BUFH (Prop_bufh_I_O)         0.066    12.918 r  i_ddr/u_xlnx_mig_7_ddr3_mig/u_ddr3_infrastructure/u_bufh_pll_clk3/O
                         net (fo=1, routed)           0.722    13.640    i_ddr/u_xlnx_mig_7_ddr3_mig/u_ddr3_infrastructure/pll_clk3
    MMCME2_ADV_X1Y1      MMCME2_ADV (Prop_mmcme2_adv_CLKIN1_CLKOUT0)
                                                     -3.694     9.946 r  i_ddr/u_xlnx_mig_7_ddr3_mig/u_ddr3_infrastructure/gen_mmcm.mmcm_i/CLKOUT0
                         net (fo=1, routed)           2.005    11.951    i_ddr/u_xlnx_mig_7_ddr3_mig/u_ddr3_infrastructure/mmcm_ps_clk_bufg_in
    BUFGCTRL_X0Y3        BUFG (Prop_bufg_I_O)         0.083    12.034 r  i_ddr/u_xlnx_mig_7_ddr3_mig/u_ddr3_infrastructure/gen_mmcm.u_bufg_mmcm_ps_clk/O
                         net (fo=18, routed)          1.497    13.531    i_ddr/u_xlnx_mig_7_ddr3_mig/u_ddr3_infrastructure/mmcm_ps_clk
    SLICE_X145Y72        FDRE                                         r  i_ddr/u_xlnx_mig_7_ddr3_mig/u_ddr3_infrastructure/first_rising_ps_clk_r_reg/C
                         clock pessimism              0.121    13.653    
                         clock uncertainty           -0.187    13.466    
    SLICE_X145Y72        FDRE (Setup_fdre_C_D)       -0.115    13.351    i_ddr/u_xlnx_mig_7_ddr3_mig/u_ddr3_infrastructure/first_rising_ps_clk_r_reg
  -------------------------------------------------------------------
                         required time                         13.351    
                         arrival time                         -11.618    
  -------------------------------------------------------------------
                         slack                                  1.733    

Slack (MET) :             1.778ns  (required time - arrival time)
  Source:                 i_ddr/u_xlnx_mig_7_ddr3_mig/u_iodelay_ctrl/rst_ref_gen_1.rst_ref_sync_r_reg[1][7]/C
                            (rising edge-triggered cell FDPE clocked by clk_ref_mmcm_400  {rise@0.000ns fall@1.250ns period=2.500ns})
  Destination:            i_ddr/u_xlnx_mig_7_ddr3_mig/u_iodelay_ctrl/rst_ref_gen_1.rst_ref_sync_r_reg[1][8]/D
                            (rising edge-triggered cell FDPE clocked by clk_ref_mmcm_400  {rise@0.000ns fall@1.250ns period=2.500ns})
  Path Group:             clk_ref_mmcm_400
  Path Type:              Setup (Max at Slow Process Corner)
  Requirement:            2.500ns  (clk_ref_mmcm_400 rise@2.500ns - clk_ref_mmcm_400 rise@0.000ns)
  Data Path Delay:        0.598ns  (logic 0.236ns (39.448%)  route 0.362ns (60.552%))
  Logic Levels:           0  
  Clock Path Skew:        0.000ns (DCD - SCD + CPR)
    Destination Clock Delay (DCD):    6.761ns = ( 9.261 - 2.500 ) 
    Source Clock Delay      (SCD):    7.723ns
    Clock Pessimism Removal (CPR):    0.962ns
  Clock Uncertainty:      0.054ns  ((TSJ^2 + DJ^2)^1/2) / 2 + PE
    Total System Jitter     (TSJ):    0.071ns
    Discrete Jitter          (DJ):    0.081ns
    Phase Error              (PE):    0.000ns

    Location             Delay type                Incr(ns)  Path(ns)    Netlist Resource(s)
  -------------------------------------------------------------------    -------------------
                         (clock clk_ref_mmcm_400 rise edge)
                                                      0.000     0.000 r  
    AD12                                              0.000     0.000 r  sys_clk_p (IN)
                         net (fo=0)                   0.000     0.000    i_ddr/u_xlnx_mig_7_ddr3_mig/u_ddr3_clk_ibuf/sys_clk_p
    AD12                 IBUFDS (Prop_ibufds_I_O)     0.832     0.832 r  i_ddr/u_xlnx_mig_7_ddr3_mig/u_ddr3_clk_ibuf/diff_input_clk.u_ibufg_sys_clk/O
                         net (fo=3, routed)           3.626     4.458    i_ddr/u_xlnx_mig_7_ddr3_mig/u_iodelay_ctrl/out
    MMCME2_ADV_X0Y3      MMCME2_ADV (Prop_mmcme2_adv_CLKIN1_CLKOUT1)
                                                      0.077     4.535 r  i_ddr/u_xlnx_mig_7_ddr3_mig/u_iodelay_ctrl/clk_ref_mmcm_gen.mmcm_i/CLKOUT1
                         net (fo=1, routed)           1.465     6.000    i_ddr/u_xlnx_mig_7_ddr3_mig/u_iodelay_ctrl/clk_ref_mmcm_400
    BUFGCTRL_X0Y4        BUFG (Prop_bufg_I_O)         0.093     6.093 r  i_ddr/u_xlnx_mig_7_ddr3_mig/u_iodelay_ctrl/clk_ref_300_400_en.clk_ref_400.u_bufg_clk_ref_400/O
                         net (fo=16, routed)          1.630     7.723    i_ddr/u_xlnx_mig_7_ddr3_mig/u_iodelay_ctrl/clk_ref_300_400_en.clk_ref_400.u_bufg_clk_ref_400_n_0
    SLICE_X126Y68        FDPE                                         r  i_ddr/u_xlnx_mig_7_ddr3_mig/u_iodelay_ctrl/rst_ref_gen_1.rst_ref_sync_r_reg[1][7]/C
  -------------------------------------------------------------------    -------------------
    SLICE_X126Y68        FDPE (Prop_fdpe_C_Q)         0.236     7.959 r  i_ddr/u_xlnx_mig_7_ddr3_mig/u_iodelay_ctrl/rst_ref_gen_1.rst_ref_sync_r_reg[1][7]/Q
                         net (fo=1, routed)           0.362     8.321    i_ddr/u_xlnx_mig_7_ddr3_mig/u_iodelay_ctrl/rst_ref_gen_1.rst_ref_sync_r_reg_n_0_[1][7]
    SLICE_X126Y68        FDPE                                         r  i_ddr/u_xlnx_mig_7_ddr3_mig/u_iodelay_ctrl/rst_ref_gen_1.rst_ref_sync_r_reg[1][8]/D
  -------------------------------------------------------------------    -------------------

                         (clock clk_ref_mmcm_400 rise edge)
                                                      2.500     2.500 r  
    AD12                                              0.000     2.500 r  sys_clk_p (IN)
                         net (fo=0)                   0.000     2.500    i_ddr/u_xlnx_mig_7_ddr3_mig/u_ddr3_clk_ibuf/sys_clk_p
    AD12                 IBUFDS (Prop_ibufds_I_O)     0.735     3.235 r  i_ddr/u_xlnx_mig_7_ddr3_mig/u_ddr3_clk_ibuf/diff_input_clk.u_ibufg_sys_clk/O
                         net (fo=3, routed)           3.019     6.255    i_ddr/u_xlnx_mig_7_ddr3_mig/u_iodelay_ctrl/out
    MMCME2_ADV_X0Y3      MMCME2_ADV (Prop_mmcme2_adv_CLKIN1_CLKOUT1)
                                                      0.073     6.328 r  i_ddr/u_xlnx_mig_7_ddr3_mig/u_iodelay_ctrl/clk_ref_mmcm_gen.mmcm_i/CLKOUT1
                         net (fo=1, routed)           1.355     7.683    i_ddr/u_xlnx_mig_7_ddr3_mig/u_iodelay_ctrl/clk_ref_mmcm_400
    BUFGCTRL_X0Y4        BUFG (Prop_bufg_I_O)         0.083     7.766 r  i_ddr/u_xlnx_mig_7_ddr3_mig/u_iodelay_ctrl/clk_ref_300_400_en.clk_ref_400.u_bufg_clk_ref_400/O
                         net (fo=16, routed)          1.495     9.261    i_ddr/u_xlnx_mig_7_ddr3_mig/u_iodelay_ctrl/clk_ref_300_400_en.clk_ref_400.u_bufg_clk_ref_400_n_0
    SLICE_X126Y68        FDPE                                         r  i_ddr/u_xlnx_mig_7_ddr3_mig/u_iodelay_ctrl/rst_ref_gen_1.rst_ref_sync_r_reg[1][8]/C
                         clock pessimism              0.962    10.223    
                         clock uncertainty           -0.054    10.169    
    SLICE_X126Y68        FDPE (Setup_fdpe_C_D)       -0.070    10.099    i_ddr/u_xlnx_mig_7_ddr3_mig/u_iodelay_ctrl/rst_ref_gen_1.rst_ref_sync_r_reg[1][8]
  -------------------------------------------------------------------
                         required time                         10.099    
                         arrival time                          -8.321    
  -------------------------------------------------------------------
                         slack                                  1.778    

Slack (MET) :             2.233ns  (required time - arrival time)
  Source:                 i_ddr/u_xlnx_mig_7_ddr3_mig/u_memc_ui_top_axi/mem_intfc0/mc0/mc_read_idle_r_reg/C
                            (rising edge-triggered cell FDRE clocked by clk_pll_i  {rise@0.000ns fall@2.500ns period=5.000ns})
  Destination:            i_ddr/u_xlnx_mig_7_ddr3_mig/u_memc_ui_top_axi/mem_intfc0/ddr_phy_top0/u_ddr_mc_phy_wrapper/u_ddr_mc_phy/ddr_phy_4lanes_0.u_ddr_phy_4lanes/ddr_byte_lane_C.ddr_byte_lane_C/ddr_byte_group_io/input_[8].iserdes_dq_.iserdesdq/DDLY
                            (falling edge-triggered cell ISERDESE2 clocked by u_memc_ui_top_axi/mem_intfc0/ddr_phy_top0/u_ddr_mc_phy_wrapper/u_ddr_mc_phy/ddr_phy_4lanes_0.u_ddr_phy_4lanes/ddr_byte_lane_C.ddr_byte_lane_C/iserdes_clk  {rise@1.172ns fall@1.797ns period=1.250ns})
  Path Group:             u_memc_ui_top_axi/mem_intfc0/ddr_phy_top0/u_ddr_mc_phy_wrapper/u_ddr_mc_phy/ddr_phy_4lanes_0.u_ddr_phy_4lanes/ddr_byte_lane_C.ddr_byte_lane_C/iserdes_clk
  Path Type:              Setup (Max at Slow Process Corner)
  Requirement:            6.797ns  (u_memc_ui_top_axi/mem_intfc0/ddr_phy_top0/u_ddr_mc_phy_wrapper/u_ddr_mc_phy/ddr_phy_4lanes_0.u_ddr_phy_4lanes/ddr_byte_lane_C.ddr_byte_lane_C/iserdes_clk fall@6.797ns - clk_pll_i rise@0.000ns)
  Data Path Delay:        5.278ns  (logic 2.342ns (44.374%)  route 2.936ns (55.626%))
  Logic Levels:           2  (IBUF_IBUFDISABLE=1 IDELAYE2_FINEDELAY=1)
  Clock Path Skew:        1.002ns (DCD - SCD + CPR)
    Destination Clock Delay (DCD):    4.570ns = ( 5.117 - 0.547 ) 
    Source Clock Delay      (SCD):    3.766ns
    Clock Pessimism Removal (CPR):    0.197ns
  Clock Uncertainty:      0.173ns  ((TSJ^2 + DJ^2)^1/2) / 2 + PE
    Total System Jitter     (TSJ):    0.071ns
    Discrete Jitter          (DJ):    0.076ns
    Phase Error              (PE):    0.121ns
  Timing Exception:       MultiCycle Path   Setup -end   6

    Location             Delay type                Incr(ns)  Path(ns)    Netlist Resource(s)
  -------------------------------------------------------------------    -------------------
                         (clock clk_pll_i rise edge)
                                                      0.000     0.000 r  
    AD12                                              0.000     0.000 r  sys_clk_p (IN)
                         net (fo=0)                   0.000     0.000    i_ddr/u_xlnx_mig_7_ddr3_mig/u_ddr3_clk_ibuf/sys_clk_p
    AD12                 IBUFDS (Prop_ibufds_I_O)     0.832     0.832 r  i_ddr/u_xlnx_mig_7_ddr3_mig/u_ddr3_clk_ibuf/diff_input_clk.u_ibufg_sys_clk/O
                         net (fo=3, routed)           1.098     1.930    i_ddr/u_xlnx_mig_7_ddr3_mig/u_ddr3_infrastructure/out
    PLLE2_ADV_X1Y1       PLLE2_ADV (Prop_plle2_adv_CLKIN1_CLKOUT3)
                                                      0.077     2.007 r  i_ddr/u_xlnx_mig_7_ddr3_mig/u_ddr3_infrastructure/plle2_i/CLKOUT3
                         net (fo=1, routed)           1.155     3.162    i_ddr/u_xlnx_mig_7_ddr3_mig/u_ddr3_infrastructure/pll_clk3_out
    BUFHCE_X1Y12         BUFH (Prop_bufh_I_O)         0.103     3.265 r  i_ddr/u_xlnx_mig_7_ddr3_mig/u_ddr3_infrastructure/u_bufh_pll_clk3/O
                         net (fo=1, routed)           0.790     4.055    i_ddr/u_xlnx_mig_7_ddr3_mig/u_ddr3_infrastructure/pll_clk3
    MMCME2_ADV_X1Y1      MMCME2_ADV (Prop_mmcme2_adv_CLKIN1_CLKFBOUT)
                                                     -3.987     0.068 r  i_ddr/u_xlnx_mig_7_ddr3_mig/u_ddr3_infrastructure/gen_mmcm.mmcm_i/CLKFBOUT
                         net (fo=1, routed)           2.130     2.198    i_ddr/u_xlnx_mig_7_ddr3_mig/u_ddr3_infrastructure/clk_pll_i
    BUFGCTRL_X0Y1        BUFG (Prop_bufg_I_O)         0.093     2.291 r  i_ddr/u_xlnx_mig_7_ddr3_mig/u_ddr3_infrastructure/u_bufg_clkdiv0/O
                         net (fo=11269, routed)       1.475     3.766    i_ddr/u_xlnx_mig_7_ddr3_mig/u_memc_ui_top_axi/mem_intfc0/mc0/CLK
    SLICE_X145Y103       FDRE                                         r  i_ddr/u_xlnx_mig_7_ddr3_mig/u_memc_ui_top_axi/mem_intfc0/mc0/mc_read_idle_r_reg/C
  -------------------------------------------------------------------    -------------------
    SLICE_X145Y103       FDRE (Prop_fdre_C_Q)         0.223     3.989 r  i_ddr/u_xlnx_mig_7_ddr3_mig/u_memc_ui_top_axi/mem_intfc0/mc0/mc_read_idle_r_reg/Q
                         net (fo=72, routed)          2.936     6.925    i_ddr/u_xlnx_mig_7_ddr3_mig/u_memc_ui_top_axi/mem_intfc0/ddr_phy_top0/u_ddr_mc_phy_wrapper/gen_dq_iobuf_HP.gen_dq_iobuf[8].u_iobuf_dq/IBUFDISABLE
    AF2                  IBUF_IBUFDISABLE (Prop_ibuf_ibufdisable_IBUFDISABLE_O)
                                                      1.453     8.378 r  i_ddr/u_xlnx_mig_7_ddr3_mig/u_memc_ui_top_axi/mem_intfc0/ddr_phy_top0/u_ddr_mc_phy_wrapper/gen_dq_iobuf_HP.gen_dq_iobuf[8].u_iobuf_dq/IBUF/O
                         net (fo=2, routed)           0.000     8.378    i_ddr/u_xlnx_mig_7_ddr3_mig/u_memc_ui_top_axi/mem_intfc0/ddr_phy_top0/u_ddr_mc_phy_wrapper/u_ddr_mc_phy/ddr_phy_4lanes_0.u_ddr_phy_4lanes/ddr_byte_lane_C.ddr_byte_lane_C/ddr_byte_group_io/mem_dq_in[7]
    IDELAY_X1Y135        IDELAYE2_FINEDELAY (Prop_idelaye2_finedelay_IDATAIN_DATAOUT)
                                                      0.666     9.044 r  i_ddr/u_xlnx_mig_7_ddr3_mig/u_memc_ui_top_axi/mem_intfc0/ddr_phy_top0/u_ddr_mc_phy_wrapper/u_ddr_mc_phy/ddr_phy_4lanes_0.u_ddr_phy_4lanes/ddr_byte_lane_C.ddr_byte_lane_C/ddr_byte_group_io/input_[8].iserdes_dq_.idelay_finedelay_dq.idelaye2/DATAOUT
                         net (fo=1, routed)           0.000     9.044    i_ddr/u_xlnx_mig_7_ddr3_mig/u_memc_ui_top_axi/mem_intfc0/ddr_phy_top0/u_ddr_mc_phy_wrapper/u_ddr_mc_phy/ddr_phy_4lanes_0.u_ddr_phy_4lanes/ddr_byte_lane_C.ddr_byte_lane_C/ddr_byte_group_io/data_in_dly_8
    ILOGIC_X1Y135        ISERDESE2                                    r  i_ddr/u_xlnx_mig_7_ddr3_mig/u_memc_ui_top_axi/mem_intfc0/ddr_phy_top0/u_ddr_mc_phy_wrapper/u_ddr_mc_phy/ddr_phy_4lanes_0.u_ddr_phy_4lanes/ddr_byte_lane_C.ddr_byte_lane_C/ddr_byte_group_io/input_[8].iserdes_dq_.iserdesdq/DDLY
  -------------------------------------------------------------------    -------------------

                         (clock u_memc_ui_top_axi/mem_intfc0/ddr_phy_top0/u_ddr_mc_phy_wrapper/u_ddr_mc_phy/ddr_phy_4lanes_0.u_ddr_phy_4lanes/ddr_byte_lane_C.ddr_byte_lane_C/iserdes_clk fall edge)
                                                      6.797     6.797 f  
    AD12                                              0.000     6.797 f  sys_clk_p (IN)
                         net (fo=0)                   0.000     6.797    i_ddr/u_xlnx_mig_7_ddr3_mig/u_ddr3_clk_ibuf/sys_clk_p
    AD12                 IBUFDS (Prop_ibufds_I_O)     0.735     7.532 f  i_ddr/u_xlnx_mig_7_ddr3_mig/u_ddr3_clk_ibuf/diff_input_clk.u_ibufg_sys_clk/O
                         net (fo=3, routed)           1.001     8.533    i_ddr/u_xlnx_mig_7_ddr3_mig/u_ddr3_infrastructure/out
    PLLE2_ADV_X1Y1       PLLE2_ADV (Prop_plle2_adv_CLKIN1_CLKOUT0)
                                                      0.073     8.606 f  i_ddr/u_xlnx_mig_7_ddr3_mig/u_ddr3_infrastructure/plle2_i/CLKOUT0
                         net (fo=14, routed)          1.065     9.671    i_ddr/u_xlnx_mig_7_ddr3_mig/u_memc_ui_top_axi/mem_intfc0/ddr_phy_top0/u_ddr_mc_phy_wrapper/u_ddr_mc_phy/ddr_phy_4lanes_0.u_ddr_phy_4lanes/ddr_byte_lane_C.ddr_byte_lane_C/freq_refclk
    PHASER_IN_PHY_X1Y10  PHASER_IN_PHY (Prop_phaser_in_phy_FREQREFCLK_ICLK)
                                                      1.394    11.065 f  i_ddr/u_xlnx_mig_7_ddr3_mig/u_memc_ui_top_axi/mem_intfc0/ddr_phy_top0/u_ddr_mc_phy_wrapper/u_ddr_mc_phy/ddr_phy_4lanes_0.u_ddr_phy_4lanes/ddr_byte_lane_C.ddr_byte_lane_C/phaser_in_gen.phaser_in/ICLK
                         net (fo=16, routed)          0.302    11.367    i_ddr/u_xlnx_mig_7_ddr3_mig/u_memc_ui_top_axi/mem_intfc0/ddr_phy_top0/u_ddr_mc_phy_wrapper/u_ddr_mc_phy/ddr_phy_4lanes_0.u_ddr_phy_4lanes/ddr_byte_lane_C.ddr_byte_lane_C/ddr_byte_group_io/CLKB0_8
    ILOGIC_X1Y135        ISERDESE2                                    r  i_ddr/u_xlnx_mig_7_ddr3_mig/u_memc_ui_top_axi/mem_intfc0/ddr_phy_top0/u_ddr_mc_phy_wrapper/u_ddr_mc_phy/ddr_phy_4lanes_0.u_ddr_phy_4lanes/ddr_byte_lane_C.ddr_byte_lane_C/ddr_byte_group_io/input_[8].iserdes_dq_.iserdesdq/CLKB  (IS_INVERTED)
                         clock pessimism              0.197    11.565    
                         clock uncertainty           -0.173    11.392    
    ILOGIC_X1Y135        ISERDESE2 (Setup_iserdese2_CLKB_DDLY)
                                                     -0.115    11.277    i_ddr/u_xlnx_mig_7_ddr3_mig/u_memc_ui_top_axi/mem_intfc0/ddr_phy_top0/u_ddr_mc_phy_wrapper/u_ddr_mc_phy/ddr_phy_4lanes_0.u_ddr_phy_4lanes/ddr_byte_lane_C.ddr_byte_lane_C/ddr_byte_group_io/input_[8].iserdes_dq_.iserdesdq
  -------------------------------------------------------------------
                         required time                         11.277    
                         arrival time                          -9.044    
  -------------------------------------------------------------------
                         slack                                  2.233    

Slack (MET) :             2.933ns  (required time - arrival time)
  Source:                 i_ddr/u_xlnx_mig_7_ddr3_mig/temp_mon_enabled.u_tempmon/xadc_supplied_temperature.rst_r2_reg/C
                            (rising edge-triggered cell FDRE clocked by sys_clk_p  {rise@0.000ns fall@2.500ns period=5.000ns})
  Destination:            i_ddr/u_xlnx_mig_7_ddr3_mig/temp_mon_enabled.u_tempmon/xadc_supplied_temperature.sample_timer_reg[3]/R
                            (rising edge-triggered cell FDRE clocked by sys_clk_p  {rise@0.000ns fall@2.500ns period=5.000ns})
  Path Group:             sys_clk_p
  Path Type:              Setup (Max at Slow Process Corner)
  Requirement:            5.000ns  (sys_clk_p rise@5.000ns - sys_clk_p rise@0.000ns)
  Data Path Delay:        1.688ns  (logic 0.330ns (19.551%)  route 1.358ns (80.449%))
  Logic Levels:           1  (LUT2=1)
  Clock Path Skew:        -0.040ns (DCD - SCD + CPR)
    Destination Clock Delay (DCD):    4.141ns = ( 9.141 - 5.000 ) 
    Source Clock Delay      (SCD):    4.500ns
    Clock Pessimism Removal (CPR):    0.318ns
  Clock Uncertainty:      0.035ns  ((TSJ^2 + TIJ^2)^1/2 + DJ) / 2 + PE
    Total System Jitter     (TSJ):    0.071ns
    Total Input Jitter      (TIJ):    0.000ns
    Discrete Jitter          (DJ):    0.000ns
    Phase Error              (PE):    0.000ns

    Location             Delay type                Incr(ns)  Path(ns)    Netlist Resource(s)
  -------------------------------------------------------------------    -------------------
                         (clock sys_clk_p rise edge)
                                                      0.000     0.000 r  
    AD12                                              0.000     0.000 r  sys_clk_p (IN)
                         net (fo=0)                   0.000     0.000    i_ddr/u_xlnx_mig_7_ddr3_mig/u_ddr3_clk_ibuf/sys_clk_p
    AD12                 IBUFDS (Prop_ibufds_I_O)     0.832     0.832 r  i_ddr/u_xlnx_mig_7_ddr3_mig/u_ddr3_clk_ibuf/diff_input_clk.u_ibufg_sys_clk/O
                         net (fo=3, routed)           2.299     3.131    i_ddr/u_xlnx_mig_7_ddr3_mig/u_iodelay_ctrl/out
    BUFGCTRL_X0Y8        BUFG (Prop_bufg_I_O)         0.093     3.224 r  i_ddr/u_xlnx_mig_7_ddr3_mig/u_iodelay_ctrl/clk_ref_200.u_bufg_clk_ref/O
                         net (fo=60, routed)          1.276     4.500    i_ddr/u_xlnx_mig_7_ddr3_mig/temp_mon_enabled.u_tempmon/CLK
    SLICE_X41Y167        FDRE                                         r  i_ddr/u_xlnx_mig_7_ddr3_mig/temp_mon_enabled.u_tempmon/xadc_supplied_temperature.rst_r2_reg/C
  -------------------------------------------------------------------    -------------------
    SLICE_X41Y167        FDRE (Prop_fdre_C_Q)         0.204     4.704 r  i_ddr/u_xlnx_mig_7_ddr3_mig/temp_mon_enabled.u_tempmon/xadc_supplied_temperature.rst_r2_reg/Q
                         net (fo=32, routed)          1.013     5.717    i_ddr/u_xlnx_mig_7_ddr3_mig/temp_mon_enabled.u_tempmon/xadc_supplied_temperature.rst_r2
    SLICE_X20Y174        LUT2 (Prop_lut2_I0_O)        0.126     5.843 r  i_ddr/u_xlnx_mig_7_ddr3_mig/temp_mon_enabled.u_tempmon/xadc_supplied_temperature.sample_timer[10]_i_1/O
                         net (fo=11, routed)          0.345     6.187    i_ddr/u_xlnx_mig_7_ddr3_mig/temp_mon_enabled.u_tempmon/xadc_supplied_temperature.sample_timer0
    SLICE_X21Y175        FDRE                                         r  i_ddr/u_xlnx_mig_7_ddr3_mig/temp_mon_enabled.u_tempmon/xadc_supplied_temperature.sample_timer_reg[3]/R
  -------------------------------------------------------------------    -------------------

                         (clock sys_clk_p rise edge)
                                                      5.000     5.000 r  
    AD12                                              0.000     5.000 r  sys_clk_p (IN)
                         net (fo=0)                   0.000     5.000    i_ddr/u_xlnx_mig_7_ddr3_mig/u_ddr3_clk_ibuf/sys_clk_p
    AD12                 IBUFDS (Prop_ibufds_I_O)     0.735     5.735 r  i_ddr/u_xlnx_mig_7_ddr3_mig/u_ddr3_clk_ibuf/diff_input_clk.u_ibufg_sys_clk/O
                         net (fo=3, routed)           2.173     7.908    i_ddr/u_xlnx_mig_7_ddr3_mig/u_iodelay_ctrl/out
    BUFGCTRL_X0Y8        BUFG (Prop_bufg_I_O)         0.083     7.991 r  i_ddr/u_xlnx_mig_7_ddr3_mig/u_iodelay_ctrl/clk_ref_200.u_bufg_clk_ref/O
                         net (fo=60, routed)          1.150     9.141    i_ddr/u_xlnx_mig_7_ddr3_mig/temp_mon_enabled.u_tempmon/CLK
    SLICE_X21Y175        FDRE                                         r  i_ddr/u_xlnx_mig_7_ddr3_mig/temp_mon_enabled.u_tempmon/xadc_supplied_temperature.sample_timer_reg[3]/C
                         clock pessimism              0.318     9.460    
                         clock uncertainty           -0.035     9.424    
    SLICE_X21Y175        FDRE (Setup_fdre_C_R)       -0.304     9.120    i_ddr/u_xlnx_mig_7_ddr3_mig/temp_mon_enabled.u_tempmon/xadc_supplied_temperature.sample_timer_reg[3]
  -------------------------------------------------------------------
                         required time                          9.120    
                         arrival time                          -6.187    
  -------------------------------------------------------------------
                         slack                                  2.933    

Slack (MET) :             3.050ns  (required time - arrival time)
  Source:                 i_dmi_jtag/i_dmi_jtag_tap/td_o_reg/C
                            (falling edge-triggered cell FDCE clocked by tck  {rise@0.000ns fall@50.000ns period=100.000ns})
  Destination:            tdo
                            (output port clocked by tck  {rise@0.000ns fall@50.000ns period=100.000ns})
  Path Group:             tck
  Path Type:              Max at Slow Process Corner
  Requirement:            20.000ns  (MaxDelay Path 20.000ns)
  Data Path Delay:        5.967ns  (logic 3.508ns (58.800%)  route 2.458ns (41.200%))
  Logic Levels:           1  (OBUF=1)
  Output Delay:           5.000ns
  Clock Path Skew:        -5.482ns (DCD - SCD + CPR)
    Destination Clock Delay (DCD):    0.000ns
    Source Clock Delay      (SCD):    5.482ns
    Clock Pessimism Removal (CPR):    0.000ns
  Clock Uncertainty:      0.501ns  ((TSJ^2 + TIJ^2)^1/2 + DJ) / 2 + PE
    Total System Jitter     (TSJ):    0.071ns
    Total Input Jitter      (TIJ):    1.000ns
    Discrete Jitter          (DJ):    0.000ns
    Phase Error              (PE):    0.000ns
  Timing Exception:       MaxDelay Path 20.000ns

    Location             Delay type                Incr(ns)  Path(ns)    Netlist Resource(s)
  -------------------------------------------------------------------    -------------------
                         (clock tck fall edge)        0.000     0.000 f  
    AD27                                              0.000     0.000 f  tck (IN)
                         net (fo=0)                   0.000     0.000    tck
    AD27                 IBUF (Prop_ibuf_I_O)         1.518     1.518 f  tck_IBUF_inst/O
                         net (fo=1, routed)           2.312     3.830    tck_IBUF
    BUFGCTRL_X0Y7        BUFG (Prop_bufg_I_O)         0.093     3.923 f  tck_IBUF_BUFG_inst/O
                         net (fo=258, routed)         1.559     5.482    i_dmi_jtag/i_dmi_jtag_tap/tck_ni
    SLICE_X53Y84         FDCE                                         r  i_dmi_jtag/i_dmi_jtag_tap/td_o_reg/C  (IS_INVERTED)
  -------------------------------------------------------------------    -------------------
    SLICE_X53Y84         FDCE (Prop_fdce_C_Q)         0.228     5.710 r  i_dmi_jtag/i_dmi_jtag_tap/td_o_reg/Q
                         net (fo=1, routed)           2.458     8.168    tdo_OBUF
    W28                  OBUF (Prop_obuf_I_O)         3.280    11.449 r  tdo_OBUF_inst/O
                         net (fo=0)                   0.000    11.449    tdo
    W28                                                               r  tdo (OUT)
  -------------------------------------------------------------------    -------------------

                         max delay                   20.000    20.000    
                         clock pessimism              0.000    20.000    
                         clock uncertainty           -0.501    19.499    
                         output delay                -5.000    14.499    
  -------------------------------------------------------------------
                         required time                         14.499    
                         arrival time                         -11.449    
  -------------------------------------------------------------------
                         slack                                  3.050    

Slack (MET) :             3.215ns  (required time - arrival time)
  Source:                 i_ddr/u_xlnx_mig_7_ddr3_mig/u_ddr3_infrastructure/rstdiv0_sync_r1_reg_rep__13/C
                            (rising edge-triggered cell FDPE clocked by clk_pll_i  {rise@0.000ns fall@2.500ns period=5.000ns})
  Destination:            i_ddr/u_xlnx_mig_7_ddr3_mig/u_memc_ui_top_axi/mem_intfc0/ddr_phy_top0/u_ddr_calib_top/u_ddr_phy_init/phy_reset_n_reg/CLR
                            (recovery check against rising-edge clock clk_pll_i  {rise@0.000ns fall@2.500ns period=5.000ns})
  Path Group:             **async_default**
  Path Type:              Recovery (Max at Slow Process Corner)
  Requirement:            5.000ns  (clk_pll_i rise@5.000ns - clk_pll_i rise@0.000ns)
  Data Path Delay:        1.466ns  (logic 0.223ns (15.208%)  route 1.243ns (84.792%))
  Logic Levels:           0  
  Clock Path Skew:        -0.054ns (DCD - SCD + CPR)
    Destination Clock Delay (DCD):    3.530ns = ( 8.530 - 5.000 ) 
    Source Clock Delay      (SCD):    3.931ns
    Clock Pessimism Removal (CPR):    0.346ns
  Clock Uncertainty:      0.052ns  ((TSJ^2 + DJ^2)^1/2) / 2 + PE
    Total System Jitter     (TSJ):    0.071ns
    Discrete Jitter          (DJ):    0.077ns
    Phase Error              (PE):    0.000ns

    Location             Delay type                Incr(ns)  Path(ns)    Netlist Resource(s)
  -------------------------------------------------------------------    -------------------
                         (clock clk_pll_i rise edge)
                                                      0.000     0.000 r  
    AD12                                              0.000     0.000 r  sys_clk_p (IN)
                         net (fo=0)                   0.000     0.000    i_ddr/u_xlnx_mig_7_ddr3_mig/u_ddr3_clk_ibuf/sys_clk_p
    AD12                 IBUFDS (Prop_ibufds_I_O)     0.832     0.832 r  i_ddr/u_xlnx_mig_7_ddr3_mig/u_ddr3_clk_ibuf/diff_input_clk.u_ibufg_sys_clk/O
                         net (fo=3, routed)           1.098     1.930    i_ddr/u_xlnx_mig_7_ddr3_mig/u_ddr3_infrastructure/out
    PLLE2_ADV_X1Y1       PLLE2_ADV (Prop_plle2_adv_CLKIN1_CLKOUT3)
                                                      0.077     2.007 r  i_ddr/u_xlnx_mig_7_ddr3_mig/u_ddr3_infrastructure/plle2_i/CLKOUT3
                         net (fo=1, routed)           1.155     3.162    i_ddr/u_xlnx_mig_7_ddr3_mig/u_ddr3_infrastructure/pll_clk3_out
    BUFHCE_X1Y12         BUFH (Prop_bufh_I_O)         0.103     3.265 r  i_ddr/u_xlnx_mig_7_ddr3_mig/u_ddr3_infrastructure/u_bufh_pll_clk3/O
                         net (fo=1, routed)           0.790     4.055    i_ddr/u_xlnx_mig_7_ddr3_mig/u_ddr3_infrastructure/pll_clk3
    MMCME2_ADV_X1Y1      MMCME2_ADV (Prop_mmcme2_adv_CLKIN1_CLKFBOUT)
                                                     -3.987     0.068 r  i_ddr/u_xlnx_mig_7_ddr3_mig/u_ddr3_infrastructure/gen_mmcm.mmcm_i/CLKFBOUT
                         net (fo=1, routed)           2.130     2.198    i_ddr/u_xlnx_mig_7_ddr3_mig/u_ddr3_infrastructure/clk_pll_i
    BUFGCTRL_X0Y1        BUFG (Prop_bufg_I_O)         0.093     2.291 r  i_ddr/u_xlnx_mig_7_ddr3_mig/u_ddr3_infrastructure/u_bufg_clkdiv0/O
                         net (fo=11269, routed)       1.640     3.931    i_ddr/u_xlnx_mig_7_ddr3_mig/u_ddr3_infrastructure/CLK
    SLICE_X129Y91        FDPE                                         r  i_ddr/u_xlnx_mig_7_ddr3_mig/u_ddr3_infrastructure/rstdiv0_sync_r1_reg_rep__13/C
  -------------------------------------------------------------------    -------------------
    SLICE_X129Y91        FDPE (Prop_fdpe_C_Q)         0.223     4.154 f  i_ddr/u_xlnx_mig_7_ddr3_mig/u_ddr3_infrastructure/rstdiv0_sync_r1_reg_rep__13/Q
                         net (fo=50, routed)          1.243     5.397    i_ddr/u_xlnx_mig_7_ddr3_mig/u_memc_ui_top_axi/mem_intfc0/ddr_phy_top0/u_ddr_calib_top/u_ddr_phy_init/prech_req_r_reg_0[0]
    SLICE_X141Y76        FDCE                                         f  i_ddr/u_xlnx_mig_7_ddr3_mig/u_memc_ui_top_axi/mem_intfc0/ddr_phy_top0/u_ddr_calib_top/u_ddr_phy_init/phy_reset_n_reg/CLR
  -------------------------------------------------------------------    -------------------

                         (clock clk_pll_i rise edge)
                                                      5.000     5.000 r  
    AD12                                              0.000     5.000 r  sys_clk_p (IN)
                         net (fo=0)                   0.000     5.000    i_ddr/u_xlnx_mig_7_ddr3_mig/u_ddr3_clk_ibuf/sys_clk_p
    AD12                 IBUFDS (Prop_ibufds_I_O)     0.735     5.735 r  i_ddr/u_xlnx_mig_7_ddr3_mig/u_ddr3_clk_ibuf/diff_input_clk.u_ibufg_sys_clk/O
                         net (fo=3, routed)           1.001     6.736    i_ddr/u_xlnx_mig_7_ddr3_mig/u_ddr3_infrastructure/out
    PLLE2_ADV_X1Y1       PLLE2_ADV (Prop_plle2_adv_CLKIN1_CLKOUT3)
                                                      0.073     6.809 r  i_ddr/u_xlnx_mig_7_ddr3_mig/u_ddr3_infrastructure/plle2_i/CLKOUT3
                         net (fo=1, routed)           1.043     7.852    i_ddr/u_xlnx_mig_7_ddr3_mig/u_ddr3_infrastructure/pll_clk3_out
    BUFHCE_X1Y12         BUFH (Prop_bufh_I_O)         0.066     7.918 r  i_ddr/u_xlnx_mig_7_ddr3_mig/u_ddr3_infrastructure/u_bufh_pll_clk3/O
                         net (fo=1, routed)           0.722     8.640    i_ddr/u_xlnx_mig_7_ddr3_mig/u_ddr3_infrastructure/pll_clk3
    MMCME2_ADV_X1Y1      MMCME2_ADV (Prop_mmcme2_adv_CLKIN1_CLKFBOUT)
                                                     -3.694     4.946 r  i_ddr/u_xlnx_mig_7_ddr3_mig/u_ddr3_infrastructure/gen_mmcm.mmcm_i/CLKFBOUT
                         net (fo=1, routed)           2.005     6.951    i_ddr/u_xlnx_mig_7_ddr3_mig/u_ddr3_infrastructure/clk_pll_i
    BUFGCTRL_X0Y1        BUFG (Prop_bufg_I_O)         0.083     7.034 r  i_ddr/u_xlnx_mig_7_ddr3_mig/u_ddr3_infrastructure/u_bufg_clkdiv0/O
                         net (fo=11269, routed)       1.496     8.530    i_ddr/u_xlnx_mig_7_ddr3_mig/u_memc_ui_top_axi/mem_intfc0/ddr_phy_top0/u_ddr_calib_top/u_ddr_phy_init/CLK
    SLICE_X141Y76        FDCE                                         r  i_ddr/u_xlnx_mig_7_ddr3_mig/u_memc_ui_top_axi/mem_intfc0/ddr_phy_top0/u_ddr_calib_top/u_ddr_phy_init/phy_reset_n_reg/C
                         clock pessimism              0.346     8.877    
                         clock uncertainty           -0.052     8.824    
    SLICE_X141Y76        FDCE (Recov_fdce_C_CLR)     -0.212     8.612    i_ddr/u_xlnx_mig_7_ddr3_mig/u_memc_ui_top_axi/mem_intfc0/ddr_phy_top0/u_ddr_calib_top/u_ddr_phy_init/phy_reset_n_reg
  -------------------------------------------------------------------
                         required time                          8.612    
                         arrival time                          -5.397    
  -------------------------------------------------------------------
                         slack                                  3.215    

Slack (MET) :             3.338ns  (required time - arrival time)
  Source:                 i_ddr/u_xlnx_mig_7_ddr3_mig/u_memc_ui_top_axi/mem_intfc0/mc0/mc_read_idle_r_reg/C
                            (rising edge-triggered cell FDRE clocked by clk_pll_i  {rise@0.000ns fall@2.500ns period=5.000ns})
  Destination:            i_ddr/u_xlnx_mig_7_ddr3_mig/u_memc_ui_top_axi/mem_intfc0/ddr_phy_top0/u_ddr_mc_phy_wrapper/u_ddr_mc_phy/ddr_phy_4lanes_0.u_ddr_phy_4lanes/ddr_byte_lane_B.ddr_byte_lane_B/ddr_byte_group_io/input_[8].iserdes_dq_.iserdesdq/DDLY
                            (falling edge-triggered cell ISERDESE2 clocked by u_memc_ui_top_axi/mem_intfc0/ddr_phy_top0/u_ddr_mc_phy_wrapper/u_ddr_mc_phy/ddr_phy_4lanes_0.u_ddr_phy_4lanes/ddr_byte_lane_B.ddr_byte_lane_B/iserdes_clk  {rise@1.172ns fall@1.797ns period=1.250ns})
  Path Group:             u_memc_ui_top_axi/mem_intfc0/ddr_phy_top0/u_ddr_mc_phy_wrapper/u_ddr_mc_phy/ddr_phy_4lanes_0.u_ddr_phy_4lanes/ddr_byte_lane_B.ddr_byte_lane_B/iserdes_clk
  Path Type:              Setup (Max at Slow Process Corner)
  Requirement:            6.797ns  (u_memc_ui_top_axi/mem_intfc0/ddr_phy_top0/u_ddr_mc_phy_wrapper/u_ddr_mc_phy/ddr_phy_4lanes_0.u_ddr_phy_4lanes/ddr_byte_lane_B.ddr_byte_lane_B/iserdes_clk fall@6.797ns - clk_pll_i rise@0.000ns)
  Data Path Delay:        4.185ns  (logic 2.342ns (55.967%)  route 1.843ns (44.033%))
  Logic Levels:           2  (IBUF_IBUFDISABLE=1 IDELAYE2_FINEDELAY=1)
  Clock Path Skew:        1.013ns (DCD - SCD + CPR)
    Destination Clock Delay (DCD):    4.581ns = ( 5.128 - 0.547 ) 
    Source Clock Delay      (SCD):    3.766ns
    Clock Pessimism Removal (CPR):    0.197ns
  Clock Uncertainty:      0.173ns  ((TSJ^2 + DJ^2)^1/2) / 2 + PE
    Total System Jitter     (TSJ):    0.071ns
    Discrete Jitter          (DJ):    0.076ns
    Phase Error              (PE):    0.121ns
  Timing Exception:       MultiCycle Path   Setup -end   6

    Location             Delay type                Incr(ns)  Path(ns)    Netlist Resource(s)
  -------------------------------------------------------------------    -------------------
                         (clock clk_pll_i rise edge)
                                                      0.000     0.000 r  
    AD12                                              0.000     0.000 r  sys_clk_p (IN)
                         net (fo=0)                   0.000     0.000    i_ddr/u_xlnx_mig_7_ddr3_mig/u_ddr3_clk_ibuf/sys_clk_p
    AD12                 IBUFDS (Prop_ibufds_I_O)     0.832     0.832 r  i_ddr/u_xlnx_mig_7_ddr3_mig/u_ddr3_clk_ibuf/diff_input_clk.u_ibufg_sys_clk/O
                         net (fo=3, routed)           1.098     1.930    i_ddr/u_xlnx_mig_7_ddr3_mig/u_ddr3_infrastructure/out
    PLLE2_ADV_X1Y1       PLLE2_ADV (Prop_plle2_adv_CLKIN1_CLKOUT3)
                                                      0.077     2.007 r  i_ddr/u_xlnx_mig_7_ddr3_mig/u_ddr3_infrastructure/plle2_i/CLKOUT3
                         net (fo=1, routed)           1.155     3.162    i_ddr/u_xlnx_mig_7_ddr3_mig/u_ddr3_infrastructure/pll_clk3_out
    BUFHCE_X1Y12         BUFH (Prop_bufh_I_O)         0.103     3.265 r  i_ddr/u_xlnx_mig_7_ddr3_mig/u_ddr3_infrastructure/u_bufh_pll_clk3/O
                         net (fo=1, routed)           0.790     4.055    i_ddr/u_xlnx_mig_7_ddr3_mig/u_ddr3_infrastructure/pll_clk3
    MMCME2_ADV_X1Y1      MMCME2_ADV (Prop_mmcme2_adv_CLKIN1_CLKFBOUT)
                                                     -3.987     0.068 r  i_ddr/u_xlnx_mig_7_ddr3_mig/u_ddr3_infrastructure/gen_mmcm.mmcm_i/CLKFBOUT
                         net (fo=1, routed)           2.130     2.198    i_ddr/u_xlnx_mig_7_ddr3_mig/u_ddr3_infrastructure/clk_pll_i
    BUFGCTRL_X0Y1        BUFG (Prop_bufg_I_O)         0.093     2.291 r  i_ddr/u_xlnx_mig_7_ddr3_mig/u_ddr3_infrastructure/u_bufg_clkdiv0/O
                         net (fo=11269, routed)       1.475     3.766    i_ddr/u_xlnx_mig_7_ddr3_mig/u_memc_ui_top_axi/mem_intfc0/mc0/CLK
    SLICE_X145Y103       FDRE                                         r  i_ddr/u_xlnx_mig_7_ddr3_mig/u_memc_ui_top_axi/mem_intfc0/mc0/mc_read_idle_r_reg/C
  -------------------------------------------------------------------    -------------------
    SLICE_X145Y103       FDRE (Prop_fdre_C_Q)         0.223     3.989 r  i_ddr/u_xlnx_mig_7_ddr3_mig/u_memc_ui_top_axi/mem_intfc0/mc0/mc_read_idle_r_reg/Q
                         net (fo=72, routed)          1.843     5.831    i_ddr/u_xlnx_mig_7_ddr3_mig/u_memc_ui_top_axi/mem_intfc0/ddr_phy_top0/u_ddr_mc_phy_wrapper/gen_dq_iobuf_HP.gen_dq_iobuf[16].u_iobuf_dq/IBUFDISABLE
    AJ4                  IBUF_IBUFDISABLE (Prop_ibuf_ibufdisable_IBUFDISABLE_O)
                                                      1.453     7.284 r  i_ddr/u_xlnx_mig_7_ddr3_mig/u_memc_ui_top_axi/mem_intfc0/ddr_phy_top0/u_ddr_mc_phy_wrapper/gen_dq_iobuf_HP.gen_dq_iobuf[16].u_iobuf_dq/IBUF/O
                         net (fo=2, routed)           0.000     7.284    i_ddr/u_xlnx_mig_7_ddr3_mig/u_memc_ui_top_axi/mem_intfc0/ddr_phy_top0/u_ddr_mc_phy_wrapper/u_ddr_mc_phy/ddr_phy_4lanes_0.u_ddr_phy_4lanes/ddr_byte_lane_B.ddr_byte_lane_B/ddr_byte_group_io/mem_dq_in[7]
    IDELAY_X1Y123        IDELAYE2_FINEDELAY (Prop_idelaye2_finedelay_IDATAIN_DATAOUT)
                                                      0.666     7.950 r  i_ddr/u_xlnx_mig_7_ddr3_mig/u_memc_ui_top_axi/mem_intfc0/ddr_phy_top0/u_ddr_mc_phy_wrapper/u_ddr_mc_phy/ddr_phy_4lanes_0.u_ddr_phy_4lanes/ddr_byte_lane_B.ddr_byte_lane_B/ddr_byte_group_io/input_[8].iserdes_dq_.idelay_finedelay_dq.idelaye2/DATAOUT
                         net (fo=1, routed)           0.000     7.950    i_ddr/u_xlnx_mig_7_ddr3_mig/u_memc_ui_top_axi/mem_intfc0/ddr_phy_top0/u_ddr_mc_phy_wrapper/u_ddr_mc_phy/ddr_phy_4lanes_0.u_ddr_phy_4lanes/ddr_byte_lane_B.ddr_byte_lane_B/ddr_byte_group_io/data_in_dly_8
    ILOGIC_X1Y123        ISERDESE2                                    r  i_ddr/u_xlnx_mig_7_ddr3_mig/u_memc_ui_top_axi/mem_intfc0/ddr_phy_top0/u_ddr_mc_phy_wrapper/u_ddr_mc_phy/ddr_phy_4lanes_0.u_ddr_phy_4lanes/ddr_byte_lane_B.ddr_byte_lane_B/ddr_byte_group_io/input_[8].iserdes_dq_.iserdesdq/DDLY
  -------------------------------------------------------------------    -------------------

                         (clock u_memc_ui_top_axi/mem_intfc0/ddr_phy_top0/u_ddr_mc_phy_wrapper/u_ddr_mc_phy/ddr_phy_4lanes_0.u_ddr_phy_4lanes/ddr_byte_lane_B.ddr_byte_lane_B/iserdes_clk fall edge)
                                                      6.797     6.797 f  
    AD12                                              0.000     6.797 f  sys_clk_p (IN)
                         net (fo=0)                   0.000     6.797    i_ddr/u_xlnx_mig_7_ddr3_mig/u_ddr3_clk_ibuf/sys_clk_p
    AD12                 IBUFDS (Prop_ibufds_I_O)     0.735     7.532 f  i_ddr/u_xlnx_mig_7_ddr3_mig/u_ddr3_clk_ibuf/diff_input_clk.u_ibufg_sys_clk/O
                         net (fo=3, routed)           1.001     8.533    i_ddr/u_xlnx_mig_7_ddr3_mig/u_ddr3_infrastructure/out
    PLLE2_ADV_X1Y1       PLLE2_ADV (Prop_plle2_adv_CLKIN1_CLKOUT0)
                                                      0.073     8.606 f  i_ddr/u_xlnx_mig_7_ddr3_mig/u_ddr3_infrastructure/plle2_i/CLKOUT0
                         net (fo=14, routed)          1.075     9.681    i_ddr/u_xlnx_mig_7_ddr3_mig/u_memc_ui_top_axi/mem_intfc0/ddr_phy_top0/u_ddr_mc_phy_wrapper/u_ddr_mc_phy/ddr_phy_4lanes_0.u_ddr_phy_4lanes/ddr_byte_lane_B.ddr_byte_lane_B/freq_refclk
    PHASER_IN_PHY_X1Y9   PHASER_IN_PHY (Prop_phaser_in_phy_FREQREFCLK_ICLK)
                                                      1.394    11.075 f  i_ddr/u_xlnx_mig_7_ddr3_mig/u_memc_ui_top_axi/mem_intfc0/ddr_phy_top0/u_ddr_mc_phy_wrapper/u_ddr_mc_phy/ddr_phy_4lanes_0.u_ddr_phy_4lanes/ddr_byte_lane_B.ddr_byte_lane_B/phaser_in_gen.phaser_in/ICLK
                         net (fo=16, routed)          0.303    11.378    i_ddr/u_xlnx_mig_7_ddr3_mig/u_memc_ui_top_axi/mem_intfc0/ddr_phy_top0/u_ddr_mc_phy_wrapper/u_ddr_mc_phy/ddr_phy_4lanes_0.u_ddr_phy_4lanes/ddr_byte_lane_B.ddr_byte_lane_B/ddr_byte_group_io/CLKB0_7
    ILOGIC_X1Y123        ISERDESE2                                    r  i_ddr/u_xlnx_mig_7_ddr3_mig/u_memc_ui_top_axi/mem_intfc0/ddr_phy_top0/u_ddr_mc_phy_wrapper/u_ddr_mc_phy/ddr_phy_4lanes_0.u_ddr_phy_4lanes/ddr_byte_lane_B.ddr_byte_lane_B/ddr_byte_group_io/input_[8].iserdes_dq_.iserdesdq/CLKB  (IS_INVERTED)
                         clock pessimism              0.197    11.576    
                         clock uncertainty           -0.173    11.403    
    ILOGIC_X1Y123        ISERDESE2 (Setup_iserdese2_CLKB_DDLY)
                                                     -0.115    11.288    i_ddr/u_xlnx_mig_7_ddr3_mig/u_memc_ui_top_axi/mem_intfc0/ddr_phy_top0/u_ddr_mc_phy_wrapper/u_ddr_mc_phy/ddr_phy_4lanes_0.u_ddr_phy_4lanes/ddr_byte_lane_B.ddr_byte_lane_B/ddr_byte_group_io/input_[8].iserdes_dq_.iserdesdq
  -------------------------------------------------------------------
                         required time                         11.288    
                         arrival time                          -7.950    
  -------------------------------------------------------------------
                         slack                                  3.338    

Slack (MET) :             3.935ns  (required time - arrival time)
  Source:                 i_ariane_peripherals/gen_ethernet.eth_rgmii/rgmii_soc1/core_inst/eth_mac_inst/eth_mac_1g_rgmii_inst/rgmii_phy_if_inst/rx_ssio_ddr_inst/data_iddr_inst/iddr[2].iddr_inst/C
                            (rising edge-triggered cell IDDR clocked by eth_rxck  {rise@0.000ns fall@4.000ns period=8.000ns})
  Destination:            i_ariane_peripherals/gen_ethernet.eth_rgmii/rgmii_soc1/core_inst/eth_mac_inst/eth_mac_1g_rgmii_inst/eth_mac_1g_inst/axis_gmii_rx_inst/mii_odd_reg/D
                            (rising edge-triggered cell FDRE clocked by eth_rxck  {rise@0.000ns fall@4.000ns period=8.000ns})
  Path Group:             eth_rxck
  Path Type:              Setup (Max at Slow Process Corner)
  Requirement:            8.000ns  (eth_rxck rise@8.000ns - eth_rxck rise@0.000ns)
  Data Path Delay:        3.527ns  (logic 0.575ns (16.301%)  route 2.952ns (83.699%))
  Logic Levels:           3  (LUT3=1 LUT6=2)
  Clock Path Skew:        -0.560ns (DCD - SCD + CPR)
    Destination Clock Delay (DCD):    1.910ns = ( 9.910 - 8.000 ) 
    Source Clock Delay      (SCD):    2.576ns
    Clock Pessimism Removal (CPR):    0.106ns
  Clock Uncertainty:      0.035ns  ((TSJ^2 + TIJ^2)^1/2 + DJ) / 2 + PE
    Total System Jitter     (TSJ):    0.071ns
    Total Input Jitter      (TIJ):    0.000ns
    Discrete Jitter          (DJ):    0.000ns
    Phase Error              (PE):    0.000ns

    Location             Delay type                Incr(ns)  Path(ns)    Netlist Resource(s)
  -------------------------------------------------------------------    -------------------
                         (clock eth_rxck rise edge)
                                                      0.000     0.000 r  
    AG10                                              0.000     0.000 r  eth_rxck (IN)
                         net (fo=0)                   0.000     0.000    eth_rxck
    AG10                 IBUF (Prop_ibuf_I_O)         0.736     0.736 r  eth_rxck_IBUF_inst/O
                         net (fo=2, routed)           0.354     1.090    i_ariane_peripherals/gen_ethernet.eth_rgmii/rgmii_soc1/core_inst/eth_mac_inst/eth_mac_1g_rgmii_inst/rgmii_phy_if_inst/rx_ssio_ddr_inst/input_clk
    BUFIO_X1Y5           BUFIO (Prop_bufio_I_O)       1.140     2.230 r  i_ariane_peripherals/gen_ethernet.eth_rgmii/rgmii_soc1/core_inst/eth_mac_inst/eth_mac_1g_rgmii_inst/rgmii_phy_if_inst/rx_ssio_ddr_inst/clk_bufio/O
                         net (fo=5, routed)           0.346     2.576    i_ariane_peripherals/gen_ethernet.eth_rgmii/rgmii_soc1/core_inst/eth_mac_inst/eth_mac_1g_rgmii_inst/rgmii_phy_if_inst/rx_ssio_ddr_inst/data_iddr_inst/clk_io
    ILOGIC_X1Y58         IDDR                                         r  i_ariane_peripherals/gen_ethernet.eth_rgmii/rgmii_soc1/core_inst/eth_mac_inst/eth_mac_1g_rgmii_inst/rgmii_phy_if_inst/rx_ssio_ddr_inst/data_iddr_inst/iddr[2].iddr_inst/C
  -------------------------------------------------------------------    -------------------
    ILOGIC_X1Y58         IDDR (Prop_iddr_C_Q1)        0.392     2.968 f  i_ariane_peripherals/gen_ethernet.eth_rgmii/rgmii_soc1/core_inst/eth_mac_inst/eth_mac_1g_rgmii_inst/rgmii_phy_if_inst/rx_ssio_ddr_inst/data_iddr_inst/iddr[2].iddr_inst/Q1
                         net (fo=5, routed)           2.224     5.192    i_ariane_peripherals/gen_ethernet.eth_rgmii/rgmii_soc1/core_inst/eth_mac_inst/eth_mac_1g_rgmii_inst/rgmii_phy_if_inst/rx_ssio_ddr_inst/data_iddr_inst/q1[2]
    SLICE_X105Y83        LUT6 (Prop_lut6_I3_O)        0.086     5.278 r  i_ariane_peripherals/gen_ethernet.eth_rgmii/rgmii_soc1/core_inst/eth_mac_inst/eth_mac_1g_rgmii_inst/rgmii_phy_if_inst/rx_ssio_ddr_inst/data_iddr_inst/mii_odd_i_3/O
                         net (fo=1, routed)           0.402     5.681    i_ariane_peripherals/gen_ethernet.eth_rgmii/rgmii_soc1/core_inst/eth_mac_inst/eth_mac_1g_rgmii_inst/eth_mac_1g_inst/axis_gmii_rx_inst/mii_odd_reg_0
    SLICE_X103Y83        LUT6 (Prop_lut6_I5_O)        0.043     5.724 r  i_ariane_peripherals/gen_ethernet.eth_rgmii/rgmii_soc1/core_inst/eth_mac_inst/eth_mac_1g_rgmii_inst/eth_mac_1g_inst/axis_gmii_rx_inst/mii_odd_i_2/O
                         net (fo=1, routed)           0.326     6.049    i_ariane_peripherals/gen_ethernet.eth_rgmii/rgmii_soc1/core_inst/eth_mac_inst/eth_mac_1g_rgmii_inst/eth_mac_1g_inst/axis_gmii_rx_inst/mii_odd12_out
    SLICE_X99Y84         LUT3 (Prop_lut3_I1_O)        0.054     6.103 r  i_ariane_peripherals/gen_ethernet.eth_rgmii/rgmii_soc1/core_inst/eth_mac_inst/eth_mac_1g_rgmii_inst/eth_mac_1g_inst/axis_gmii_rx_inst/mii_odd_i_1/O
                         net (fo=1, routed)           0.000     6.103    i_ariane_peripherals/gen_ethernet.eth_rgmii/rgmii_soc1/core_inst/eth_mac_inst/eth_mac_1g_rgmii_inst/eth_mac_1g_inst/axis_gmii_rx_inst/mii_odd_i_1_n_0
    SLICE_X99Y84         FDRE                                         r  i_ariane_peripherals/gen_ethernet.eth_rgmii/rgmii_soc1/core_inst/eth_mac_inst/eth_mac_1g_rgmii_inst/eth_mac_1g_inst/axis_gmii_rx_inst/mii_odd_reg/D
  -------------------------------------------------------------------    -------------------

                         (clock eth_rxck rise edge)
                                                      8.000     8.000 r  
    AG10                                              0.000     8.000 r  eth_rxck (IN)
                         net (fo=0)                   0.000     8.000    eth_rxck
    AG10                 IBUF (Prop_ibuf_I_O)         0.630     8.630 r  eth_rxck_IBUF_inst/O
                         net (fo=2, routed)           0.351     8.981    i_ariane_peripherals/gen_ethernet.eth_rgmii/rgmii_soc1/core_inst/eth_mac_inst/eth_mac_1g_rgmii_inst/rgmii_phy_if_inst/rx_ssio_ddr_inst/input_clk
    BUFR_X1Y5            BUFR (Prop_bufr_I_O)         0.289     9.270 r  i_ariane_peripherals/gen_ethernet.eth_rgmii/rgmii_soc1/core_inst/eth_mac_inst/eth_mac_1g_rgmii_inst/rgmii_phy_if_inst/rx_ssio_ddr_inst/clk_bufr/O
                         net (fo=210, routed)         0.640     9.910    i_ariane_peripherals/gen_ethernet.eth_rgmii/rgmii_soc1/core_inst/eth_mac_inst/eth_mac_1g_rgmii_inst/eth_mac_1g_inst/axis_gmii_rx_inst/output_clk
    SLICE_X99Y84         FDRE                                         r  i_ariane_peripherals/gen_ethernet.eth_rgmii/rgmii_soc1/core_inst/eth_mac_inst/eth_mac_1g_rgmii_inst/eth_mac_1g_inst/axis_gmii_rx_inst/mii_odd_reg/C
                         clock pessimism              0.106    10.016    
                         clock uncertainty           -0.035     9.980    
    SLICE_X99Y84         FDRE (Setup_fdre_C_D)        0.058    10.038    i_ariane_peripherals/gen_ethernet.eth_rgmii/rgmii_soc1/core_inst/eth_mac_inst/eth_mac_1g_rgmii_inst/eth_mac_1g_inst/axis_gmii_rx_inst/mii_odd_reg
  -------------------------------------------------------------------
                         required time                         10.038    
                         arrival time                          -6.103    
  -------------------------------------------------------------------
                         slack                                  3.935    

Slack (MET) :             4.188ns  (required time - arrival time)
  Source:                 i_ddr/u_xlnx_mig_7_ddr3_mig/u_memc_ui_top_axi/mem_intfc0/mc0/mc_read_idle_r_reg/C
                            (rising edge-triggered cell FDRE clocked by clk_pll_i  {rise@0.000ns fall@2.500ns period=5.000ns})
  Destination:            i_ddr/u_xlnx_mig_7_ddr3_mig/u_memc_ui_top_axi/mem_intfc0/ddr_phy_top0/u_ddr_mc_phy_wrapper/u_ddr_mc_phy/ddr_phy_4lanes_0.u_ddr_phy_4lanes/ddr_byte_lane_A.ddr_byte_lane_A/ddr_byte_group_io/input_[7].iserdes_dq_.iserdesdq/DDLY
                            (falling edge-triggered cell ISERDESE2 clocked by u_memc_ui_top_axi/mem_intfc0/ddr_phy_top0/u_ddr_mc_phy_wrapper/u_ddr_mc_phy/ddr_phy_4lanes_0.u_ddr_phy_4lanes/ddr_byte_lane_A.ddr_byte_lane_A/iserdes_clk  {rise@1.172ns fall@1.797ns period=1.250ns})
  Path Group:             u_memc_ui_top_axi/mem_intfc0/ddr_phy_top0/u_ddr_mc_phy_wrapper/u_ddr_mc_phy/ddr_phy_4lanes_0.u_ddr_phy_4lanes/ddr_byte_lane_A.ddr_byte_lane_A/iserdes_clk
  Path Type:              Setup (Max at Slow Process Corner)
  Requirement:            6.797ns  (u_memc_ui_top_axi/mem_intfc0/ddr_phy_top0/u_ddr_mc_phy_wrapper/u_ddr_mc_phy/ddr_phy_4lanes_0.u_ddr_phy_4lanes/ddr_byte_lane_A.ddr_byte_lane_A/iserdes_clk fall@6.797ns - clk_pll_i rise@0.000ns)
  Data Path Delay:        3.347ns  (logic 2.342ns (69.973%)  route 1.005ns (30.027%))
  Logic Levels:           2  (IBUF_IBUFDISABLE=1 IDELAYE2_FINEDELAY=1)
  Clock Path Skew:        1.026ns (DCD - SCD + CPR)
    Destination Clock Delay (DCD):    4.594ns = ( 5.141 - 0.547 ) 
    Source Clock Delay      (SCD):    3.766ns
    Clock Pessimism Removal (CPR):    0.197ns
  Clock Uncertainty:      0.173ns  ((TSJ^2 + DJ^2)^1/2) / 2 + PE
    Total System Jitter     (TSJ):    0.071ns
    Discrete Jitter          (DJ):    0.076ns
    Phase Error              (PE):    0.121ns
  Timing Exception:       MultiCycle Path   Setup -end   6

    Location             Delay type                Incr(ns)  Path(ns)    Netlist Resource(s)
  -------------------------------------------------------------------    -------------------
                         (clock clk_pll_i rise edge)
                                                      0.000     0.000 r  
    AD12                                              0.000     0.000 r  sys_clk_p (IN)
                         net (fo=0)                   0.000     0.000    i_ddr/u_xlnx_mig_7_ddr3_mig/u_ddr3_clk_ibuf/sys_clk_p
    AD12                 IBUFDS (Prop_ibufds_I_O)     0.832     0.832 r  i_ddr/u_xlnx_mig_7_ddr3_mig/u_ddr3_clk_ibuf/diff_input_clk.u_ibufg_sys_clk/O
                         net (fo=3, routed)           1.098     1.930    i_ddr/u_xlnx_mig_7_ddr3_mig/u_ddr3_infrastructure/out
    PLLE2_ADV_X1Y1       PLLE2_ADV (Prop_plle2_adv_CLKIN1_CLKOUT3)
                                                      0.077     2.007 r  i_ddr/u_xlnx_mig_7_ddr3_mig/u_ddr3_infrastructure/plle2_i/CLKOUT3
                         net (fo=1, routed)           1.155     3.162    i_ddr/u_xlnx_mig_7_ddr3_mig/u_ddr3_infrastructure/pll_clk3_out
    BUFHCE_X1Y12         BUFH (Prop_bufh_I_O)         0.103     3.265 r  i_ddr/u_xlnx_mig_7_ddr3_mig/u_ddr3_infrastructure/u_bufh_pll_clk3/O
                         net (fo=1, routed)           0.790     4.055    i_ddr/u_xlnx_mig_7_ddr3_mig/u_ddr3_infrastructure/pll_clk3
    MMCME2_ADV_X1Y1      MMCME2_ADV (Prop_mmcme2_adv_CLKIN1_CLKFBOUT)
                                                     -3.987     0.068 r  i_ddr/u_xlnx_mig_7_ddr3_mig/u_ddr3_infrastructure/gen_mmcm.mmcm_i/CLKFBOUT
                         net (fo=1, routed)           2.130     2.198    i_ddr/u_xlnx_mig_7_ddr3_mig/u_ddr3_infrastructure/clk_pll_i
    BUFGCTRL_X0Y1        BUFG (Prop_bufg_I_O)         0.093     2.291 r  i_ddr/u_xlnx_mig_7_ddr3_mig/u_ddr3_infrastructure/u_bufg_clkdiv0/O
                         net (fo=11269, routed)       1.475     3.766    i_ddr/u_xlnx_mig_7_ddr3_mig/u_memc_ui_top_axi/mem_intfc0/mc0/CLK
    SLICE_X145Y103       FDRE                                         r  i_ddr/u_xlnx_mig_7_ddr3_mig/u_memc_ui_top_axi/mem_intfc0/mc0/mc_read_idle_r_reg/C
  -------------------------------------------------------------------    -------------------
    SLICE_X145Y103       FDRE (Prop_fdre_C_Q)         0.223     3.989 r  i_ddr/u_xlnx_mig_7_ddr3_mig/u_memc_ui_top_axi/mem_intfc0/mc0/mc_read_idle_r_reg/Q
                         net (fo=72, routed)          1.005     4.994    i_ddr/u_xlnx_mig_7_ddr3_mig/u_memc_ui_top_axi/mem_intfc0/ddr_phy_top0/u_ddr_mc_phy_wrapper/gen_dq_iobuf_HP.gen_dq_iobuf[24].u_iobuf_dq/IBUFDISABLE
    AF7                  IBUF_IBUFDISABLE (Prop_ibuf_ibufdisable_IBUFDISABLE_O)
                                                      1.453     6.447 r  i_ddr/u_xlnx_mig_7_ddr3_mig/u_memc_ui_top_axi/mem_intfc0/ddr_phy_top0/u_ddr_mc_phy_wrapper/gen_dq_iobuf_HP.gen_dq_iobuf[24].u_iobuf_dq/IBUF/O
                         net (fo=2, routed)           0.000     6.447    i_ddr/u_xlnx_mig_7_ddr3_mig/u_memc_ui_top_axi/mem_intfc0/ddr_phy_top0/u_ddr_mc_phy_wrapper/u_ddr_mc_phy/ddr_phy_4lanes_0.u_ddr_phy_4lanes/ddr_byte_lane_A.ddr_byte_lane_A/ddr_byte_group_io/mem_dq_in[7]
    IDELAY_X1Y110        IDELAYE2_FINEDELAY (Prop_idelaye2_finedelay_IDATAIN_DATAOUT)
                                                      0.666     7.113 r  i_ddr/u_xlnx_mig_7_ddr3_mig/u_memc_ui_top_axi/mem_intfc0/ddr_phy_top0/u_ddr_mc_phy_wrapper/u_ddr_mc_phy/ddr_phy_4lanes_0.u_ddr_phy_4lanes/ddr_byte_lane_A.ddr_byte_lane_A/ddr_byte_group_io/input_[7].iserdes_dq_.idelay_finedelay_dq.idelaye2/DATAOUT
                         net (fo=1, routed)           0.000     7.113    i_ddr/u_xlnx_mig_7_ddr3_mig/u_memc_ui_top_axi/mem_intfc0/ddr_phy_top0/u_ddr_mc_phy_wrapper/u_ddr_mc_phy/ddr_phy_4lanes_0.u_ddr_phy_4lanes/ddr_byte_lane_A.ddr_byte_lane_A/ddr_byte_group_io/data_in_dly_7
    ILOGIC_X1Y110        ISERDESE2                                    r  i_ddr/u_xlnx_mig_7_ddr3_mig/u_memc_ui_top_axi/mem_intfc0/ddr_phy_top0/u_ddr_mc_phy_wrapper/u_ddr_mc_phy/ddr_phy_4lanes_0.u_ddr_phy_4lanes/ddr_byte_lane_A.ddr_byte_lane_A/ddr_byte_group_io/input_[7].iserdes_dq_.iserdesdq/DDLY
  -------------------------------------------------------------------    -------------------

                         (clock u_memc_ui_top_axi/mem_intfc0/ddr_phy_top0/u_ddr_mc_phy_wrapper/u_ddr_mc_phy/ddr_phy_4lanes_0.u_ddr_phy_4lanes/ddr_byte_lane_A.ddr_byte_lane_A/iserdes_clk fall edge)
                                                      6.797     6.797 f  
    AD12                                              0.000     6.797 f  sys_clk_p (IN)
                         net (fo=0)                   0.000     6.797    i_ddr/u_xlnx_mig_7_ddr3_mig/u_ddr3_clk_ibuf/sys_clk_p
    AD12                 IBUFDS (Prop_ibufds_I_O)     0.735     7.532 f  i_ddr/u_xlnx_mig_7_ddr3_mig/u_ddr3_clk_ibuf/diff_input_clk.u_ibufg_sys_clk/O
                         net (fo=3, routed)           1.001     8.533    i_ddr/u_xlnx_mig_7_ddr3_mig/u_ddr3_infrastructure/out
    PLLE2_ADV_X1Y1       PLLE2_ADV (Prop_plle2_adv_CLKIN1_CLKOUT0)
                                                      0.073     8.606 f  i_ddr/u_xlnx_mig_7_ddr3_mig/u_ddr3_infrastructure/plle2_i/CLKOUT0
                         net (fo=14, routed)          1.076     9.682    i_ddr/u_xlnx_mig_7_ddr3_mig/u_memc_ui_top_axi/mem_intfc0/ddr_phy_top0/u_ddr_mc_phy_wrapper/u_ddr_mc_phy/ddr_phy_4lanes_0.u_ddr_phy_4lanes/ddr_byte_lane_A.ddr_byte_lane_A/freq_refclk
    PHASER_IN_PHY_X1Y8   PHASER_IN_PHY (Prop_phaser_in_phy_FREQREFCLK_ICLK)
                                                      1.394    11.076 f  i_ddr/u_xlnx_mig_7_ddr3_mig/u_memc_ui_top_axi/mem_intfc0/ddr_phy_top0/u_ddr_mc_phy_wrapper/u_ddr_mc_phy/ddr_phy_4lanes_0.u_ddr_phy_4lanes/ddr_byte_lane_A.ddr_byte_lane_A/phaser_in_gen.phaser_in/ICLK
                         net (fo=16, routed)          0.315    11.391    i_ddr/u_xlnx_mig_7_ddr3_mig/u_memc_ui_top_axi/mem_intfc0/ddr_phy_top0/u_ddr_mc_phy_wrapper/u_ddr_mc_phy/ddr_phy_4lanes_0.u_ddr_phy_4lanes/ddr_byte_lane_A.ddr_byte_lane_A/ddr_byte_group_io/CLKB0
    ILOGIC_X1Y110        ISERDESE2                                    r  i_ddr/u_xlnx_mig_7_ddr3_mig/u_memc_ui_top_axi/mem_intfc0/ddr_phy_top0/u_ddr_mc_phy_wrapper/u_ddr_mc_phy/ddr_phy_4lanes_0.u_ddr_phy_4lanes/ddr_byte_lane_A.ddr_byte_lane_A/ddr_byte_group_io/input_[7].iserdes_dq_.iserdesdq/CLKB  (IS_INVERTED)
                         clock pessimism              0.197    11.589    
                         clock uncertainty           -0.173    11.416    
    ILOGIC_X1Y110        ISERDESE2 (Setup_iserdese2_CLKB_DDLY)
                                                     -0.115    11.301    i_ddr/u_xlnx_mig_7_ddr3_mig/u_memc_ui_top_axi/mem_intfc0/ddr_phy_top0/u_ddr_mc_phy_wrapper/u_ddr_mc_phy/ddr_phy_4lanes_0.u_ddr_phy_4lanes/ddr_byte_lane_A.ddr_byte_lane_A/ddr_byte_group_io/input_[7].iserdes_dq_.iserdesdq
  -------------------------------------------------------------------
                         required time                         11.301    
                         arrival time                          -7.113    
  -------------------------------------------------------------------
                         slack                                  4.188    




