Copyright 1986-2022 Xilinx, Inc. All Rights Reserved.
--------------------------------------------------------------------------------------------------------
| Tool Version : Vivado v.2022.2 (lin64) Build 3671981 Fri Oct 14 04:59:54 MDT 2022
| Date         : Fri Jun  5 10:29:11 2026
| Host         : manuale97-Prestige-15-A12UC running 64-bit Ubuntu 22.04.5 LTS
| Command      : report_timing -nworst 1 -delay_type max -sort_by group -file reports/ariane.timing.rpt
| Design       : ariane_xilinx
| Device       : 7k325t-ffg900
| Speed File   : -2  PRODUCTION 1.12 2017-02-17
--------------------------------------------------------------------------------------------------------

Timing Report

Slack (MET) :             0.177ns  (required time - arrival time)
  Source:                 i_ddr/u_xlnx_mig_7_ddr3_mig/u_memc_ui_top_axi/mem_intfc0/ddr_phy_top0/u_ddr_mc_phy_wrapper/u_ddr_mc_phy/ddr_phy_4lanes_1.u_ddr_phy_4lanes/phy_control_i/MEMREFCLK
                            (rising edge-triggered cell PHY_CONTROL clocked by mem_refclk  {rise@0.000ns fall@0.625ns period=1.250ns})
  Destination:            i_ddr/u_xlnx_mig_7_ddr3_mig/u_memc_ui_top_axi/mem_intfc0/ddr_phy_top0/u_ddr_mc_phy_wrapper/u_ddr_mc_phy/ddr_phy_4lanes_0.u_ddr_phy_4lanes/phy_control_i/PHYCTLMSTREMPTY
                            (rising edge-triggered cell PHY_CONTROL clocked by mem_refclk  {rise@0.000ns fall@0.625ns period=1.250ns})
  Path Group:             mem_refclk
  Path Type:              Setup (Max at Slow Process Corner)
  Requirement:            1.250ns  (mem_refclk rise@1.250ns - mem_refclk rise@0.000ns)
  Data Path Delay:        1.183ns  (logic 0.576ns (48.690%)  route 0.607ns (51.310%))
  Logic Levels:           0  
  Clock Path Skew:        0.165ns (DCD - SCD + CPR)
    Destination Clock Delay (DCD):    2.884ns = ( 4.134 - 1.250 ) 
    Source Clock Delay      (SCD):    2.975ns
    Clock Pessimism Removal (CPR):    0.255ns
  Clock Uncertainty:      0.047ns  ((TSJ^2 + DJ^2)^1/2) / 2 + PE
    Total System Jitter     (TSJ):    0.071ns
    Discrete Jitter          (DJ):    0.061ns
    Phase Error              (PE):    0.000ns

    Location             Delay type                Incr(ns)  Path(ns)    Netlist Resource(s)
  -------------------------------------------------------------------    -------------------
                         (clock mem_refclk rise edge)
                                                      0.000     0.000 r  
    AD12                                              0.000     0.000 r  sys_clk_p (IN)
                         net (fo=0)                   0.000     0.000    i_ddr/u_xlnx_mig_7_ddr3_mig/u_ddr3_clk_ibuf/sys_clk_p
    AD12                 IBUFDS (Prop_ibufds_I_O)     0.832     0.832 r  i_ddr/u_xlnx_mig_7_ddr3_mig/u_ddr3_clk_ibuf/diff_input_clk.u_ibufg_sys_clk/O
                         net (fo=3, routed)           1.098     1.930    i_ddr/u_xlnx_mig_7_ddr3_mig/u_ddr3_infrastructure/out
    PLLE2_ADV_X1Y1       PLLE2_ADV (Prop_plle2_adv_CLKIN1_CLKOUT1)
                                                      0.077     2.007 r  i_ddr/u_xlnx_mig_7_ddr3_mig/u_ddr3_infrastructure/plle2_i/CLKOUT1
                         net (fo=14, routed)          0.968     2.975    i_ddr/u_xlnx_mig_7_ddr3_mig/u_memc_ui_top_axi/mem_intfc0/ddr_phy_top0/u_ddr_mc_phy_wrapper/u_ddr_mc_phy/ddr_phy_4lanes_1.u_ddr_phy_4lanes/mem_refclk
    PHY_CONTROL_X1Y1     PHY_CONTROL                                  r  i_ddr/u_xlnx_mig_7_ddr3_mig/u_memc_ui_top_axi/mem_intfc0/ddr_phy_top0/u_ddr_mc_phy_wrapper/u_ddr_mc_phy/ddr_phy_4lanes_1.u_ddr_phy_4lanes/phy_control_i/MEMREFCLK
  -------------------------------------------------------------------    -------------------
    PHY_CONTROL_X1Y1     PHY_CONTROL (Prop_phy_control_MEMREFCLK_PHYCTLEMPTY)
                                                      0.576     3.551 r  i_ddr/u_xlnx_mig_7_ddr3_mig/u_memc_ui_top_axi/mem_intfc0/ddr_phy_top0/u_ddr_mc_phy_wrapper/u_ddr_mc_phy/ddr_phy_4lanes_1.u_ddr_phy_4lanes/phy_control_i/PHYCTLEMPTY
                         net (fo=2, routed)           0.607     4.158    i_ddr/u_xlnx_mig_7_ddr3_mig/u_memc_ui_top_axi/mem_intfc0/ddr_phy_top0/u_ddr_mc_phy_wrapper/u_ddr_mc_phy/ddr_phy_4lanes_0.u_ddr_phy_4lanes/phy_ctl_mstr_empty
    PHY_CONTROL_X1Y2     PHY_CONTROL                                  r  i_ddr/u_xlnx_mig_7_ddr3_mig/u_memc_ui_top_axi/mem_intfc0/ddr_phy_top0/u_ddr_mc_phy_wrapper/u_ddr_mc_phy/ddr_phy_4lanes_0.u_ddr_phy_4lanes/phy_control_i/PHYCTLMSTREMPTY
  -------------------------------------------------------------------    -------------------

                         (clock mem_refclk rise edge)
                                                      1.250     1.250 r  
    AD12                                              0.000     1.250 r  sys_clk_p (IN)
                         net (fo=0)                   0.000     1.250    i_ddr/u_xlnx_mig_7_ddr3_mig/u_ddr3_clk_ibuf/sys_clk_p
    AD12                 IBUFDS (Prop_ibufds_I_O)     0.735     1.985 r  i_ddr/u_xlnx_mig_7_ddr3_mig/u_ddr3_clk_ibuf/diff_input_clk.u_ibufg_sys_clk/O
                         net (fo=3, routed)           1.001     2.986    i_ddr/u_xlnx_mig_7_ddr3_mig/u_ddr3_infrastructure/out
    PLLE2_ADV_X1Y1       PLLE2_ADV (Prop_plle2_adv_CLKIN1_CLKOUT1)
                                                      0.073     3.059 r  i_ddr/u_xlnx_mig_7_ddr3_mig/u_ddr3_infrastructure/plle2_i/CLKOUT1
                         net (fo=14, routed)          1.075     4.134    i_ddr/u_xlnx_mig_7_ddr3_mig/u_memc_ui_top_axi/mem_intfc0/ddr_phy_top0/u_ddr_mc_phy_wrapper/u_ddr_mc_phy/ddr_phy_4lanes_0.u_ddr_phy_4lanes/mem_refclk
    PHY_CONTROL_X1Y2     PHY_CONTROL                                  r  i_ddr/u_xlnx_mig_7_ddr3_mig/u_memc_ui_top_axi/mem_intfc0/ddr_phy_top0/u_ddr_mc_phy_wrapper/u_ddr_mc_phy/ddr_phy_4lanes_0.u_ddr_phy_4lanes/phy_control_i/MEMREFCLK
                         clock pessimism              0.255     4.390    
                         clock uncertainty           -0.047     4.343    
    PHY_CONTROL_X1Y2     PHY_CONTROL (Setup_phy_control_MEMREFCLK_PHYCTLMSTREMPTY)
                                                     -0.008     4.335    i_ddr/u_xlnx_mig_7_ddr3_mig/u_memc_ui_top_axi/mem_intfc0/ddr_phy_top0/u_ddr_mc_phy_wrapper/u_ddr_mc_phy/ddr_phy_4lanes_0.u_ddr_phy_4lanes/phy_control_i
  -------------------------------------------------------------------
                         required time                          4.335    
                         arrival time                          -4.158    
  -------------------------------------------------------------------
                         slack                                  0.177    

Slack (MET) :             0.183ns  (required time - arrival time)
  Source:                 i_ddr/u_xlnx_mig_7_ddr3_mig/u_memc_ui_top_axi/mem_intfc0/ddr_phy_top0/u_ddr_mc_phy_wrapper/u_ddr_mc_phy/ddr_phy_4lanes_0.u_ddr_phy_4lanes/ddr_byte_lane_B.ddr_byte_lane_B/phaser_out/OCLKDELAYED
                            (rising edge-triggered cell PHASER_OUT_PHY clocked by oserdes_clk_1'  {rise@0.000ns fall@0.625ns period=1.250ns})
  Destination:            i_ddr/u_xlnx_mig_7_ddr3_mig/u_memc_ui_top_axi/mem_intfc0/ddr_phy_top0/u_ddr_mc_phy_wrapper/u_ddr_mc_phy/ddr_phy_4lanes_0.u_ddr_phy_4lanes/ddr_byte_lane_B.ddr_byte_lane_B/ddr_byte_group_io/dqs_gen.oddr_dqsts/D1
                            (rising edge-triggered cell ODDR clocked by oserdes_clk_1'  {rise@0.000ns fall@0.625ns period=1.250ns})
  Path Group:             oserdes_clk_1
  Path Type:              Setup (Max at Slow Process Corner)
  Requirement:            1.250ns  (oserdes_clk_1 fall@1.875ns - oserdes_clk_1 fall@0.625ns)
  Data Path Delay:        0.750ns  (logic 0.459ns (61.175%)  route 0.291ns (38.824%))
  Logic Levels:           0  
  Clock Path Skew:        0.288ns (DCD - SCD + CPR)
    Destination Clock Delay (DCD):    6.376ns = ( 8.251 - 1.875 ) 
    Source Clock Delay      (SCD):    6.506ns = ( 7.131 - 0.625 ) 
    Clock Pessimism Removal (CPR):    0.418ns
  Clock Uncertainty:      0.047ns  ((TSJ^2 + DJ^2)^1/2) / 2 + PE
    Total System Jitter     (TSJ):    0.071ns
    Discrete Jitter          (DJ):    0.061ns
    Phase Error              (PE):    0.000ns

    Location             Delay type                Incr(ns)  Path(ns)    Netlist Resource(s)
  -------------------------------------------------------------------    -------------------
                         (clock oserdes_clk_1 fall edge)
                                                      0.625     0.625 f  
    AD12                                              0.000     0.625 f  sys_clk_p (IN)
                         net (fo=0)                   0.000     0.625    i_ddr/u_xlnx_mig_7_ddr3_mig/u_ddr3_clk_ibuf/sys_clk_p
    AD12                 IBUFDS (Prop_ibufds_I_O)     0.832     1.457 f  i_ddr/u_xlnx_mig_7_ddr3_mig/u_ddr3_clk_ibuf/diff_input_clk.u_ibufg_sys_clk/O
                         net (fo=3, routed)           1.098     2.555    i_ddr/u_xlnx_mig_7_ddr3_mig/u_ddr3_infrastructure/out
    PLLE2_ADV_X1Y1       PLLE2_ADV (Prop_plle2_adv_CLKIN1_CLKOUT1)
                                                      0.077     2.632 f  i_ddr/u_xlnx_mig_7_ddr3_mig/u_ddr3_infrastructure/plle2_i/CLKOUT1
                         net (fo=14, routed)          1.188     3.820    i_ddr/u_xlnx_mig_7_ddr3_mig/u_memc_ui_top_axi/mem_intfc0/ddr_phy_top0/u_ddr_mc_phy_wrapper/u_ddr_mc_phy/ddr_phy_4lanes_0.u_ddr_phy_4lanes/ddr_byte_lane_B.ddr_byte_lane_B/mem_refclk
    PHASER_OUT_PHY_X1Y9  PHASER_OUT_PHY (Prop_phaser_out_phy_MEMREFCLK_OCLK)
                                                      2.083     5.903 f  i_ddr/u_xlnx_mig_7_ddr3_mig/u_memc_ui_top_axi/mem_intfc0/ddr_phy_top0/u_ddr_mc_phy_wrapper/u_ddr_mc_phy/ddr_phy_4lanes_0.u_ddr_phy_4lanes/ddr_byte_lane_B.ddr_byte_lane_B/phaser_out/OCLK
    PHASER_OUT_PHY_X1Y9  PHASER_OUT_PHY (Prop_phaser_out_phy_OCLK_OCLKDELAYED)
                                                      1.229     7.131 r  i_ddr/u_xlnx_mig_7_ddr3_mig/u_memc_ui_top_axi/mem_intfc0/ddr_phy_top0/u_ddr_mc_phy_wrapper/u_ddr_mc_phy/ddr_phy_4lanes_0.u_ddr_phy_4lanes/ddr_byte_lane_B.ddr_byte_lane_B/phaser_out/OCLKDELAYED
  -------------------------------------------------------------------    -------------------
    PHASER_OUT_PHY_X1Y9  PHASER_OUT_PHY (Prop_phaser_out_phy_OCLKDELAYED_CTSBUS[0])
                                                      0.459     7.590 r  i_ddr/u_xlnx_mig_7_ddr3_mig/u_memc_ui_top_axi/mem_intfc0/ddr_phy_top0/u_ddr_mc_phy_wrapper/u_ddr_mc_phy/ddr_phy_4lanes_0.u_ddr_phy_4lanes/ddr_byte_lane_B.ddr_byte_lane_B/phaser_out/CTSBUS[0]
                         net (fo=2, routed)           0.291     7.882    i_ddr/u_xlnx_mig_7_ddr3_mig/u_memc_ui_top_axi/mem_intfc0/ddr_phy_top0/u_ddr_mc_phy_wrapper/u_ddr_mc_phy/ddr_phy_4lanes_0.u_ddr_phy_4lanes/ddr_byte_lane_B.ddr_byte_lane_B/ddr_byte_group_io/CTSBUS[0]
    OLOGIC_X1Y120        ODDR                                         r  i_ddr/u_xlnx_mig_7_ddr3_mig/u_memc_ui_top_axi/mem_intfc0/ddr_phy_top0/u_ddr_mc_phy_wrapper/u_ddr_mc_phy/ddr_phy_4lanes_0.u_ddr_phy_4lanes/ddr_byte_lane_B.ddr_byte_lane_B/ddr_byte_group_io/dqs_gen.oddr_dqsts/D1
  -------------------------------------------------------------------    -------------------

                         (clock oserdes_clk_1 fall edge)
                                                      1.875     1.875 f  
    AD12                                              0.000     1.875 f  sys_clk_p (IN)
                         net (fo=0)                   0.000     1.875    i_ddr/u_xlnx_mig_7_ddr3_mig/u_ddr3_clk_ibuf/sys_clk_p
    AD12                 IBUFDS (Prop_ibufds_I_O)     0.735     2.610 f  i_ddr/u_xlnx_mig_7_ddr3_mig/u_ddr3_clk_ibuf/diff_input_clk.u_ibufg_sys_clk/O
                         net (fo=3, routed)           1.001     3.611    i_ddr/u_xlnx_mig_7_ddr3_mig/u_ddr3_infrastructure/out
    PLLE2_ADV_X1Y1       PLLE2_ADV (Prop_plle2_adv_CLKIN1_CLKOUT1)
                                                      0.073     3.684 f  i_ddr/u_xlnx_mig_7_ddr3_mig/u_ddr3_infrastructure/plle2_i/CLKOUT1
                         net (fo=14, routed)          1.061     4.745    i_ddr/u_xlnx_mig_7_ddr3_mig/u_memc_ui_top_axi/mem_intfc0/ddr_phy_top0/u_ddr_mc_phy_wrapper/u_ddr_mc_phy/ddr_phy_4lanes_0.u_ddr_phy_4lanes/ddr_byte_lane_B.ddr_byte_lane_B/mem_refclk
    PHASER_OUT_PHY_X1Y9  PHASER_OUT_PHY (Prop_phaser_out_phy_MEMREFCLK_OCLK)
                                                      2.027     6.772 f  i_ddr/u_xlnx_mig_7_ddr3_mig/u_memc_ui_top_axi/mem_intfc0/ddr_phy_top0/u_ddr_mc_phy_wrapper/u_ddr_mc_phy/ddr_phy_4lanes_0.u_ddr_phy_4lanes/ddr_byte_lane_B.ddr_byte_lane_B/phaser_out/OCLK
    PHASER_OUT_PHY_X1Y9  PHASER_OUT_PHY (Prop_phaser_out_phy_OCLK_OCLKDELAYED)
                                                      1.191     7.963 r  i_ddr/u_xlnx_mig_7_ddr3_mig/u_memc_ui_top_axi/mem_intfc0/ddr_phy_top0/u_ddr_mc_phy_wrapper/u_ddr_mc_phy/ddr_phy_4lanes_0.u_ddr_phy_4lanes/ddr_byte_lane_B.ddr_byte_lane_B/phaser_out/OCLKDELAYED
                         net (fo=2, routed)           0.288     8.251    i_ddr/u_xlnx_mig_7_ddr3_mig/u_memc_ui_top_axi/mem_intfc0/ddr_phy_top0/u_ddr_mc_phy_wrapper/u_ddr_mc_phy/ddr_phy_4lanes_0.u_ddr_phy_4lanes/ddr_byte_lane_B.ddr_byte_lane_B/ddr_byte_group_io/oserdes_clk_delayed
    OLOGIC_X1Y120        ODDR                                         r  i_ddr/u_xlnx_mig_7_ddr3_mig/u_memc_ui_top_axi/mem_intfc0/ddr_phy_top0/u_ddr_mc_phy_wrapper/u_ddr_mc_phy/ddr_phy_4lanes_0.u_ddr_phy_4lanes/ddr_byte_lane_B.ddr_byte_lane_B/ddr_byte_group_io/dqs_gen.oddr_dqsts/C
                         clock pessimism              0.418     8.669    
                         clock uncertainty           -0.047     8.623    
    OLOGIC_X1Y120        ODDR (Setup_oddr_C_D1)      -0.558     8.065    i_ddr/u_xlnx_mig_7_ddr3_mig/u_memc_ui_top_axi/mem_intfc0/ddr_phy_top0/u_ddr_mc_phy_wrapper/u_ddr_mc_phy/ddr_phy_4lanes_0.u_ddr_phy_4lanes/ddr_byte_lane_B.ddr_byte_lane_B/ddr_byte_group_io/dqs_gen.oddr_dqsts
  -------------------------------------------------------------------
                         required time                          8.065    
                         arrival time                          -7.882    
  -------------------------------------------------------------------
                         slack                                  0.183    

Slack (MET) :             0.191ns  (required time - arrival time)
  Source:                 i_ddr/u_xlnx_mig_7_ddr3_mig/u_memc_ui_top_axi/mem_intfc0/ddr_phy_top0/u_ddr_mc_phy_wrapper/u_ddr_mc_phy/ddr_phy_4lanes_0.u_ddr_phy_4lanes/ddr_byte_lane_C.ddr_byte_lane_C/phaser_out/OCLKDELAYED
                            (rising edge-triggered cell PHASER_OUT_PHY clocked by oserdes_clk_2'  {rise@0.000ns fall@0.625ns period=1.250ns})
  Destination:            i_ddr/u_xlnx_mig_7_ddr3_mig/u_memc_ui_top_axi/mem_intfc0/ddr_phy_top0/u_ddr_mc_phy_wrapper/u_ddr_mc_phy/ddr_phy_4lanes_0.u_ddr_phy_4lanes/ddr_byte_lane_C.ddr_byte_lane_C/ddr_byte_group_io/dqs_gen.oddr_dqsts/D1
                            (rising edge-triggered cell ODDR clocked by oserdes_clk_2'  {rise@0.000ns fall@0.625ns period=1.250ns})
  Path Group:             oserdes_clk_2
  Path Type:              Setup (Max at Slow Process Corner)
  Requirement:            1.250ns  (oserdes_clk_2 fall@1.875ns - oserdes_clk_2 fall@0.625ns)
  Data Path Delay:        0.750ns  (logic 0.459ns (61.175%)  route 0.291ns (38.824%))
  Logic Levels:           0  
  Clock Path Skew:        0.296ns (DCD - SCD + CPR)
    Destination Clock Delay (DCD):    6.393ns = ( 8.268 - 1.875 ) 
    Source Clock Delay      (SCD):    6.516ns = ( 7.141 - 0.625 ) 
    Clock Pessimism Removal (CPR):    0.419ns
  Clock Uncertainty:      0.047ns  ((TSJ^2 + DJ^2)^1/2) / 2 + PE
    Total System Jitter     (TSJ):    0.071ns
    Discrete Jitter          (DJ):    0.061ns
    Phase Error              (PE):    0.000ns

    Location             Delay type                Incr(ns)  Path(ns)    Netlist Resource(s)
  -------------------------------------------------------------------    -------------------
                         (clock oserdes_clk_2 fall edge)
                                                      0.625     0.625 f  
    AD12                                              0.000     0.625 f  sys_clk_p (IN)
                         net (fo=0)                   0.000     0.625    i_ddr/u_xlnx_mig_7_ddr3_mig/u_ddr3_clk_ibuf/sys_clk_p
    AD12                 IBUFDS (Prop_ibufds_I_O)     0.832     1.457 f  i_ddr/u_xlnx_mig_7_ddr3_mig/u_ddr3_clk_ibuf/diff_input_clk.u_ibufg_sys_clk/O
                         net (fo=3, routed)           1.098     2.555    i_ddr/u_xlnx_mig_7_ddr3_mig/u_ddr3_infrastructure/out
    PLLE2_ADV_X1Y1       PLLE2_ADV (Prop_plle2_adv_CLKIN1_CLKOUT1)
                                                      0.077     2.632 f  i_ddr/u_xlnx_mig_7_ddr3_mig/u_ddr3_infrastructure/plle2_i/CLKOUT1
                         net (fo=14, routed)          1.198     3.830    i_ddr/u_xlnx_mig_7_ddr3_mig/u_memc_ui_top_axi/mem_intfc0/ddr_phy_top0/u_ddr_mc_phy_wrapper/u_ddr_mc_phy/ddr_phy_4lanes_0.u_ddr_phy_4lanes/ddr_byte_lane_C.ddr_byte_lane_C/mem_refclk
    PHASER_OUT_PHY_X1Y10 PHASER_OUT_PHY (Prop_phaser_out_phy_MEMREFCLK_OCLK)
                                                      2.083     5.913 f  i_ddr/u_xlnx_mig_7_ddr3_mig/u_memc_ui_top_axi/mem_intfc0/ddr_phy_top0/u_ddr_mc_phy_wrapper/u_ddr_mc_phy/ddr_phy_4lanes_0.u_ddr_phy_4lanes/ddr_byte_lane_C.ddr_byte_lane_C/phaser_out/OCLK
    PHASER_OUT_PHY_X1Y10 PHASER_OUT_PHY (Prop_phaser_out_phy_OCLK_OCLKDELAYED)
                                                      1.229     7.141 r  i_ddr/u_xlnx_mig_7_ddr3_mig/u_memc_ui_top_axi/mem_intfc0/ddr_phy_top0/u_ddr_mc_phy_wrapper/u_ddr_mc_phy/ddr_phy_4lanes_0.u_ddr_phy_4lanes/ddr_byte_lane_C.ddr_byte_lane_C/phaser_out/OCLKDELAYED
  -------------------------------------------------------------------    -------------------
    PHASER_OUT_PHY_X1Y10 PHASER_OUT_PHY (Prop_phaser_out_phy_OCLKDELAYED_CTSBUS[0])
                                                      0.459     7.600 r  i_ddr/u_xlnx_mig_7_ddr3_mig/u_memc_ui_top_axi/mem_intfc0/ddr_phy_top0/u_ddr_mc_phy_wrapper/u_ddr_mc_phy/ddr_phy_4lanes_0.u_ddr_phy_4lanes/ddr_byte_lane_C.ddr_byte_lane_C/phaser_out/CTSBUS[0]
                         net (fo=2, routed)           0.291     7.892    i_ddr/u_xlnx_mig_7_ddr3_mig/u_memc_ui_top_axi/mem_intfc0/ddr_phy_top0/u_ddr_mc_phy_wrapper/u_ddr_mc_phy/ddr_phy_4lanes_0.u_ddr_phy_4lanes/ddr_byte_lane_C.ddr_byte_lane_C/ddr_byte_group_io/CTSBUS[0]
    OLOGIC_X1Y132        ODDR                                         r  i_ddr/u_xlnx_mig_7_ddr3_mig/u_memc_ui_top_axi/mem_intfc0/ddr_phy_top0/u_ddr_mc_phy_wrapper/u_ddr_mc_phy/ddr_phy_4lanes_0.u_ddr_phy_4lanes/ddr_byte_lane_C.ddr_byte_lane_C/ddr_byte_group_io/dqs_gen.oddr_dqsts/D1
  -------------------------------------------------------------------    -------------------

                         (clock oserdes_clk_2 fall edge)
                                                      1.875     1.875 f  
    AD12                                              0.000     1.875 f  sys_clk_p (IN)
                         net (fo=0)                   0.000     1.875    i_ddr/u_xlnx_mig_7_ddr3_mig/u_ddr3_clk_ibuf/sys_clk_p
    AD12                 IBUFDS (Prop_ibufds_I_O)     0.735     2.610 f  i_ddr/u_xlnx_mig_7_ddr3_mig/u_ddr3_clk_ibuf/diff_input_clk.u_ibufg_sys_clk/O
                         net (fo=3, routed)           1.001     3.611    i_ddr/u_xlnx_mig_7_ddr3_mig/u_ddr3_infrastructure/out
    PLLE2_ADV_X1Y1       PLLE2_ADV (Prop_plle2_adv_CLKIN1_CLKOUT1)
                                                      0.073     3.684 f  i_ddr/u_xlnx_mig_7_ddr3_mig/u_ddr3_infrastructure/plle2_i/CLKOUT1
                         net (fo=14, routed)          1.070     4.754    i_ddr/u_xlnx_mig_7_ddr3_mig/u_memc_ui_top_axi/mem_intfc0/ddr_phy_top0/u_ddr_mc_phy_wrapper/u_ddr_mc_phy/ddr_phy_4lanes_0.u_ddr_phy_4lanes/ddr_byte_lane_C.ddr_byte_lane_C/mem_refclk
    PHASER_OUT_PHY_X1Y10 PHASER_OUT_PHY (Prop_phaser_out_phy_MEMREFCLK_OCLK)
                                                      2.027     6.781 f  i_ddr/u_xlnx_mig_7_ddr3_mig/u_memc_ui_top_axi/mem_intfc0/ddr_phy_top0/u_ddr_mc_phy_wrapper/u_ddr_mc_phy/ddr_phy_4lanes_0.u_ddr_phy_4lanes/ddr_byte_lane_C.ddr_byte_lane_C/phaser_out/OCLK
    PHASER_OUT_PHY_X1Y10 PHASER_OUT_PHY (Prop_phaser_out_phy_OCLK_OCLKDELAYED)
                                                      1.191     7.972 r  i_ddr/u_xlnx_mig_7_ddr3_mig/u_memc_ui_top_axi/mem_intfc0/ddr_phy_top0/u_ddr_mc_phy_wrapper/u_ddr_mc_phy/ddr_phy_4lanes_0.u_ddr_phy_4lanes/ddr_byte_lane_C.ddr_byte_lane_C/phaser_out/OCLKDELAYED
                         net (fo=2, routed)           0.296     8.268    i_ddr/u_xlnx_mig_7_ddr3_mig/u_memc_ui_top_axi/mem_intfc0/ddr_phy_top0/u_ddr_mc_phy_wrapper/u_ddr_mc_phy/ddr_phy_4lanes_0.u_ddr_phy_4lanes/ddr_byte_lane_C.ddr_byte_lane_C/ddr_byte_group_io/oserdes_clk_delayed
    OLOGIC_X1Y132        ODDR                                         r  i_ddr/u_xlnx_mig_7_ddr3_mig/u_memc_ui_top_axi/mem_intfc0/ddr_phy_top0/u_ddr_mc_phy_wrapper/u_ddr_mc_phy/ddr_phy_4lanes_0.u_ddr_phy_4lanes/ddr_byte_lane_C.ddr_byte_lane_C/ddr_byte_group_io/dqs_gen.oddr_dqsts/C
                         clock pessimism              0.419     8.687    
                         clock uncertainty           -0.047     8.641    
    OLOGIC_X1Y132        ODDR (Setup_oddr_C_D1)      -0.558     8.083    i_ddr/u_xlnx_mig_7_ddr3_mig/u_memc_ui_top_axi/mem_intfc0/ddr_phy_top0/u_ddr_mc_phy_wrapper/u_ddr_mc_phy/ddr_phy_4lanes_0.u_ddr_phy_4lanes/ddr_byte_lane_C.ddr_byte_lane_C/ddr_byte_group_io/dqs_gen.oddr_dqsts
  -------------------------------------------------------------------
                         required time                          8.083    
                         arrival time                          -7.892    
  -------------------------------------------------------------------
                         slack                                  0.191    

Slack (MET) :             0.196ns  (required time - arrival time)
  Source:                 i_ddr/u_xlnx_mig_7_ddr3_mig/u_memc_ui_top_axi/mem_intfc0/ddr_phy_top0/u_ddr_mc_phy_wrapper/u_ddr_mc_phy/ddr_phy_4lanes_0.u_ddr_phy_4lanes/ddr_byte_lane_A.ddr_byte_lane_A/phaser_out/OCLKDELAYED
                            (rising edge-triggered cell PHASER_OUT_PHY clocked by oserdes_clk'  {rise@0.000ns fall@0.625ns period=1.250ns})
  Destination:            i_ddr/u_xlnx_mig_7_ddr3_mig/u_memc_ui_top_axi/mem_intfc0/ddr_phy_top0/u_ddr_mc_phy_wrapper/u_ddr_mc_phy/ddr_phy_4lanes_0.u_ddr_phy_4lanes/ddr_byte_lane_A.ddr_byte_lane_A/ddr_byte_group_io/dqs_gen.oddr_dqsts/D1
                            (rising edge-triggered cell ODDR clocked by oserdes_clk'  {rise@0.000ns fall@0.625ns period=1.250ns})
  Path Group:             oserdes_clk
  Path Type:              Setup (Max at Slow Process Corner)
  Requirement:            1.250ns  (oserdes_clk fall@1.875ns - oserdes_clk fall@0.625ns)
  Data Path Delay:        0.750ns  (logic 0.459ns (61.175%)  route 0.291ns (38.824%))
  Logic Levels:           0  
  Clock Path Skew:        0.301ns (DCD - SCD + CPR)
    Destination Clock Delay (DCD):    6.398ns = ( 8.273 - 1.875 ) 
    Source Clock Delay      (SCD):    6.516ns = ( 7.141 - 0.625 ) 
    Clock Pessimism Removal (CPR):    0.419ns
  Clock Uncertainty:      0.047ns  ((TSJ^2 + DJ^2)^1/2) / 2 + PE
    Total System Jitter     (TSJ):    0.071ns
    Discrete Jitter          (DJ):    0.061ns
    Phase Error              (PE):    0.000ns

    Location             Delay type                Incr(ns)  Path(ns)    Netlist Resource(s)
  -------------------------------------------------------------------    -------------------
                         (clock oserdes_clk fall edge)
                                                      0.625     0.625 f  
    AD12                                              0.000     0.625 f  sys_clk_p (IN)
                         net (fo=0)                   0.000     0.625    i_ddr/u_xlnx_mig_7_ddr3_mig/u_ddr3_clk_ibuf/sys_clk_p
    AD12                 IBUFDS (Prop_ibufds_I_O)     0.832     1.457 f  i_ddr/u_xlnx_mig_7_ddr3_mig/u_ddr3_clk_ibuf/diff_input_clk.u_ibufg_sys_clk/O
                         net (fo=3, routed)           1.098     2.555    i_ddr/u_xlnx_mig_7_ddr3_mig/u_ddr3_infrastructure/out
    PLLE2_ADV_X1Y1       PLLE2_ADV (Prop_plle2_adv_CLKIN1_CLKOUT1)
                                                      0.077     2.632 f  i_ddr/u_xlnx_mig_7_ddr3_mig/u_ddr3_infrastructure/plle2_i/CLKOUT1
                         net (fo=14, routed)          1.198     3.830    i_ddr/u_xlnx_mig_7_ddr3_mig/u_memc_ui_top_axi/mem_intfc0/ddr_phy_top0/u_ddr_mc_phy_wrapper/u_ddr_mc_phy/ddr_phy_4lanes_0.u_ddr_phy_4lanes/ddr_byte_lane_A.ddr_byte_lane_A/mem_refclk
    PHASER_OUT_PHY_X1Y8  PHASER_OUT_PHY (Prop_phaser_out_phy_MEMREFCLK_OCLK)
                                                      2.083     5.913 f  i_ddr/u_xlnx_mig_7_ddr3_mig/u_memc_ui_top_axi/mem_intfc0/ddr_phy_top0/u_ddr_mc_phy_wrapper/u_ddr_mc_phy/ddr_phy_4lanes_0.u_ddr_phy_4lanes/ddr_byte_lane_A.ddr_byte_lane_A/phaser_out/OCLK
    PHASER_OUT_PHY_X1Y8  PHASER_OUT_PHY (Prop_phaser_out_phy_OCLK_OCLKDELAYED)
                                                      1.229     7.141 r  i_ddr/u_xlnx_mig_7_ddr3_mig/u_memc_ui_top_axi/mem_intfc0/ddr_phy_top0/u_ddr_mc_phy_wrapper/u_ddr_mc_phy/ddr_phy_4lanes_0.u_ddr_phy_4lanes/ddr_byte_lane_A.ddr_byte_lane_A/phaser_out/OCLKDELAYED
  -------------------------------------------------------------------    -------------------
    PHASER_OUT_PHY_X1Y8  PHASER_OUT_PHY (Prop_phaser_out_phy_OCLKDELAYED_CTSBUS[0])
                                                      0.459     7.600 r  i_ddr/u_xlnx_mig_7_ddr3_mig/u_memc_ui_top_axi/mem_intfc0/ddr_phy_top0/u_ddr_mc_phy_wrapper/u_ddr_mc_phy/ddr_phy_4lanes_0.u_ddr_phy_4lanes/ddr_byte_lane_A.ddr_byte_lane_A/phaser_out/CTSBUS[0]
                         net (fo=2, routed)           0.291     7.892    i_ddr/u_xlnx_mig_7_ddr3_mig/u_memc_ui_top_axi/mem_intfc0/ddr_phy_top0/u_ddr_mc_phy_wrapper/u_ddr_mc_phy/ddr_phy_4lanes_0.u_ddr_phy_4lanes/ddr_byte_lane_A.ddr_byte_lane_A/ddr_byte_group_io/CTSBUS[0]
    OLOGIC_X1Y108        ODDR                                         r  i_ddr/u_xlnx_mig_7_ddr3_mig/u_memc_ui_top_axi/mem_intfc0/ddr_phy_top0/u_ddr_mc_phy_wrapper/u_ddr_mc_phy/ddr_phy_4lanes_0.u_ddr_phy_4lanes/ddr_byte_lane_A.ddr_byte_lane_A/ddr_byte_group_io/dqs_gen.oddr_dqsts/D1
  -------------------------------------------------------------------    -------------------

                         (clock oserdes_clk fall edge)
                                                      1.875     1.875 f  
    AD12                                              0.000     1.875 f  sys_clk_p (IN)
                         net (fo=0)                   0.000     1.875    i_ddr/u_xlnx_mig_7_ddr3_mig/u_ddr3_clk_ibuf/sys_clk_p
    AD12                 IBUFDS (Prop_ibufds_I_O)     0.735     2.610 f  i_ddr/u_xlnx_mig_7_ddr3_mig/u_ddr3_clk_ibuf/diff_input_clk.u_ibufg_sys_clk/O
                         net (fo=3, routed)           1.001     3.611    i_ddr/u_xlnx_mig_7_ddr3_mig/u_ddr3_infrastructure/out
    PLLE2_ADV_X1Y1       PLLE2_ADV (Prop_plle2_adv_CLKIN1_CLKOUT1)
                                                      0.073     3.684 f  i_ddr/u_xlnx_mig_7_ddr3_mig/u_ddr3_infrastructure/plle2_i/CLKOUT1
                         net (fo=14, routed)          1.070     4.754    i_ddr/u_xlnx_mig_7_ddr3_mig/u_memc_ui_top_axi/mem_intfc0/ddr_phy_top0/u_ddr_mc_phy_wrapper/u_ddr_mc_phy/ddr_phy_4lanes_0.u_ddr_phy_4lanes/ddr_byte_lane_A.ddr_byte_lane_A/mem_refclk
    PHASER_OUT_PHY_X1Y8  PHASER_OUT_PHY (Prop_phaser_out_phy_MEMREFCLK_OCLK)
                                                      2.027     6.781 f  i_ddr/u_xlnx_mig_7_ddr3_mig/u_memc_ui_top_axi/mem_intfc0/ddr_phy_top0/u_ddr_mc_phy_wrapper/u_ddr_mc_phy/ddr_phy_4lanes_0.u_ddr_phy_4lanes/ddr_byte_lane_A.ddr_byte_lane_A/phaser_out/OCLK
    PHASER_OUT_PHY_X1Y8  PHASER_OUT_PHY (Prop_phaser_out_phy_OCLK_OCLKDELAYED)
                                                      1.191     7.972 r  i_ddr/u_xlnx_mig_7_ddr3_mig/u_memc_ui_top_axi/mem_intfc0/ddr_phy_top0/u_ddr_mc_phy_wrapper/u_ddr_mc_phy/ddr_phy_4lanes_0.u_ddr_phy_4lanes/ddr_byte_lane_A.ddr_byte_lane_A/phaser_out/OCLKDELAYED
                         net (fo=2, routed)           0.301     8.273    i_ddr/u_xlnx_mig_7_ddr3_mig/u_memc_ui_top_axi/mem_intfc0/ddr_phy_top0/u_ddr_mc_phy_wrapper/u_ddr_mc_phy/ddr_phy_4lanes_0.u_ddr_phy_4lanes/ddr_byte_lane_A.ddr_byte_lane_A/ddr_byte_group_io/oserdes_clk_delayed
    OLOGIC_X1Y108        ODDR                                         r  i_ddr/u_xlnx_mig_7_ddr3_mig/u_memc_ui_top_axi/mem_intfc0/ddr_phy_top0/u_ddr_mc_phy_wrapper/u_ddr_mc_phy/ddr_phy_4lanes_0.u_ddr_phy_4lanes/ddr_byte_lane_A.ddr_byte_lane_A/ddr_byte_group_io/dqs_gen.oddr_dqsts/C
                         clock pessimism              0.419     8.692    
                         clock uncertainty           -0.047     8.646    
    OLOGIC_X1Y108        ODDR (Setup_oddr_C_D1)      -0.558     8.088    i_ddr/u_xlnx_mig_7_ddr3_mig/u_memc_ui_top_axi/mem_intfc0/ddr_phy_top0/u_ddr_mc_phy_wrapper/u_ddr_mc_phy/ddr_phy_4lanes_0.u_ddr_phy_4lanes/ddr_byte_lane_A.ddr_byte_lane_A/ddr_byte_group_io/dqs_gen.oddr_dqsts
  -------------------------------------------------------------------
                         required time                          8.088    
                         arrival time                          -7.892    
  -------------------------------------------------------------------
                         slack                                  0.196    

Slack (MET) :             0.203ns  (required time - arrival time)
  Source:                 i_ddr/u_xlnx_mig_7_ddr3_mig/u_memc_ui_top_axi/mem_intfc0/ddr_phy_top0/u_ddr_mc_phy_wrapper/u_ddr_mc_phy/ddr_phy_4lanes_0.u_ddr_phy_4lanes/ddr_byte_lane_D.ddr_byte_lane_D/phaser_out/OCLKDELAYED
                            (rising edge-triggered cell PHASER_OUT_PHY clocked by oserdes_clk_3'  {rise@0.000ns fall@0.625ns period=1.250ns})
  Destination:            i_ddr/u_xlnx_mig_7_ddr3_mig/u_memc_ui_top_axi/mem_intfc0/ddr_phy_top0/u_ddr_mc_phy_wrapper/u_ddr_mc_phy/ddr_phy_4lanes_0.u_ddr_phy_4lanes/ddr_byte_lane_D.ddr_byte_lane_D/ddr_byte_group_io/dqs_gen.oddr_dqsts/D1
                            (rising edge-triggered cell ODDR clocked by oserdes_clk_3'  {rise@0.000ns fall@0.625ns period=1.250ns})
  Path Group:             oserdes_clk_3
  Path Type:              Setup (Max at Slow Process Corner)
  Requirement:            1.250ns  (oserdes_clk_3 fall@1.875ns - oserdes_clk_3 fall@0.625ns)
  Data Path Delay:        0.750ns  (logic 0.459ns (61.175%)  route 0.291ns (38.824%))
  Logic Levels:           0  
  Clock Path Skew:        0.308ns (DCD - SCD + CPR)
    Destination Clock Delay (DCD):    6.396ns = ( 8.271 - 1.875 ) 
    Source Clock Delay      (SCD):    6.506ns = ( 7.131 - 0.625 ) 
    Clock Pessimism Removal (CPR):    0.418ns
  Clock Uncertainty:      0.047ns  ((TSJ^2 + DJ^2)^1/2) / 2 + PE
    Total System Jitter     (TSJ):    0.071ns
    Discrete Jitter          (DJ):    0.061ns
    Phase Error              (PE):    0.000ns

    Location             Delay type                Incr(ns)  Path(ns)    Netlist Resource(s)
  -------------------------------------------------------------------    -------------------
                         (clock oserdes_clk_3 fall edge)
                                                      0.625     0.625 f  
    AD12                                              0.000     0.625 f  sys_clk_p (IN)
                         net (fo=0)                   0.000     0.625    i_ddr/u_xlnx_mig_7_ddr3_mig/u_ddr3_clk_ibuf/sys_clk_p
    AD12                 IBUFDS (Prop_ibufds_I_O)     0.832     1.457 f  i_ddr/u_xlnx_mig_7_ddr3_mig/u_ddr3_clk_ibuf/diff_input_clk.u_ibufg_sys_clk/O
                         net (fo=3, routed)           1.098     2.555    i_ddr/u_xlnx_mig_7_ddr3_mig/u_ddr3_infrastructure/out
    PLLE2_ADV_X1Y1       PLLE2_ADV (Prop_plle2_adv_CLKIN1_CLKOUT1)
                                                      0.077     2.632 f  i_ddr/u_xlnx_mig_7_ddr3_mig/u_ddr3_infrastructure/plle2_i/CLKOUT1
                         net (fo=14, routed)          1.188     3.820    i_ddr/u_xlnx_mig_7_ddr3_mig/u_memc_ui_top_axi/mem_intfc0/ddr_phy_top0/u_ddr_mc_phy_wrapper/u_ddr_mc_phy/ddr_phy_4lanes_0.u_ddr_phy_4lanes/ddr_byte_lane_D.ddr_byte_lane_D/mem_refclk
    PHASER_OUT_PHY_X1Y11 PHASER_OUT_PHY (Prop_phaser_out_phy_MEMREFCLK_OCLK)
                                                      2.083     5.903 f  i_ddr/u_xlnx_mig_7_ddr3_mig/u_memc_ui_top_axi/mem_intfc0/ddr_phy_top0/u_ddr_mc_phy_wrapper/u_ddr_mc_phy/ddr_phy_4lanes_0.u_ddr_phy_4lanes/ddr_byte_lane_D.ddr_byte_lane_D/phaser_out/OCLK
    PHASER_OUT_PHY_X1Y11 PHASER_OUT_PHY (Prop_phaser_out_phy_OCLK_OCLKDELAYED)
                                                      1.229     7.131 r  i_ddr/u_xlnx_mig_7_ddr3_mig/u_memc_ui_top_axi/mem_intfc0/ddr_phy_top0/u_ddr_mc_phy_wrapper/u_ddr_mc_phy/ddr_phy_4lanes_0.u_ddr_phy_4lanes/ddr_byte_lane_D.ddr_byte_lane_D/phaser_out/OCLKDELAYED
  -------------------------------------------------------------------    -------------------
    PHASER_OUT_PHY_X1Y11 PHASER_OUT_PHY (Prop_phaser_out_phy_OCLKDELAYED_CTSBUS[0])
                                                      0.459     7.590 r  i_ddr/u_xlnx_mig_7_ddr3_mig/u_memc_ui_top_axi/mem_intfc0/ddr_phy_top0/u_ddr_mc_phy_wrapper/u_ddr_mc_phy/ddr_phy_4lanes_0.u_ddr_phy_4lanes/ddr_byte_lane_D.ddr_byte_lane_D/phaser_out/CTSBUS[0]
                         net (fo=2, routed)           0.291     7.882    i_ddr/u_xlnx_mig_7_ddr3_mig/u_memc_ui_top_axi/mem_intfc0/ddr_phy_top0/u_ddr_mc_phy_wrapper/u_ddr_mc_phy/ddr_phy_4lanes_0.u_ddr_phy_4lanes/ddr_byte_lane_D.ddr_byte_lane_D/ddr_byte_group_io/CTSBUS[0]
    OLOGIC_X1Y144        ODDR                                         r  i_ddr/u_xlnx_mig_7_ddr3_mig/u_memc_ui_top_axi/mem_intfc0/ddr_phy_top0/u_ddr_mc_phy_wrapper/u_ddr_mc_phy/ddr_phy_4lanes_0.u_ddr_phy_4lanes/ddr_byte_lane_D.ddr_byte_lane_D/ddr_byte_group_io/dqs_gen.oddr_dqsts/D1
  -------------------------------------------------------------------    -------------------

                         (clock oserdes_clk_3 fall edge)
                                                      1.875     1.875 f  
    AD12                                              0.000     1.875 f  sys_clk_p (IN)
                         net (fo=0)                   0.000     1.875    i_ddr/u_xlnx_mig_7_ddr3_mig/u_ddr3_clk_ibuf/sys_clk_p
    AD12                 IBUFDS (Prop_ibufds_I_O)     0.735     2.610 f  i_ddr/u_xlnx_mig_7_ddr3_mig/u_ddr3_clk_ibuf/diff_input_clk.u_ibufg_sys_clk/O
                         net (fo=3, routed)           1.001     3.611    i_ddr/u_xlnx_mig_7_ddr3_mig/u_ddr3_infrastructure/out
    PLLE2_ADV_X1Y1       PLLE2_ADV (Prop_plle2_adv_CLKIN1_CLKOUT1)
                                                      0.073     3.684 f  i_ddr/u_xlnx_mig_7_ddr3_mig/u_ddr3_infrastructure/plle2_i/CLKOUT1
                         net (fo=14, routed)          1.061     4.745    i_ddr/u_xlnx_mig_7_ddr3_mig/u_memc_ui_top_axi/mem_intfc0/ddr_phy_top0/u_ddr_mc_phy_wrapper/u_ddr_mc_phy/ddr_phy_4lanes_0.u_ddr_phy_4lanes/ddr_byte_lane_D.ddr_byte_lane_D/mem_refclk
    PHASER_OUT_PHY_X1Y11 PHASER_OUT_PHY (Prop_phaser_out_phy_MEMREFCLK_OCLK)
                                                      2.027     6.772 f  i_ddr/u_xlnx_mig_7_ddr3_mig/u_memc_ui_top_axi/mem_intfc0/ddr_phy_top0/u_ddr_mc_phy_wrapper/u_ddr_mc_phy/ddr_phy_4lanes_0.u_ddr_phy_4lanes/ddr_byte_lane_D.ddr_byte_lane_D/phaser_out/OCLK
    PHASER_OUT_PHY_X1Y11 PHASER_OUT_PHY (Prop_phaser_out_phy_OCLK_OCLKDELAYED)
                                                      1.191     7.963 r  i_ddr/u_xlnx_mig_7_ddr3_mig/u_memc_ui_top_axi/mem_intfc0/ddr_phy_top0/u_ddr_mc_phy_wrapper/u_ddr_mc_phy/ddr_phy_4lanes_0.u_ddr_phy_4lanes/ddr_byte_lane_D.ddr_byte_lane_D/phaser_out/OCLKDELAYED
                         net (fo=2, routed)           0.308     8.271    i_ddr/u_xlnx_mig_7_ddr3_mig/u_memc_ui_top_axi/mem_intfc0/ddr_phy_top0/u_ddr_mc_phy_wrapper/u_ddr_mc_phy/ddr_phy_4lanes_0.u_ddr_phy_4lanes/ddr_byte_lane_D.ddr_byte_lane_D/ddr_byte_group_io/oserdes_clk_delayed
    OLOGIC_X1Y144        ODDR                                         r  i_ddr/u_xlnx_mig_7_ddr3_mig/u_memc_ui_top_axi/mem_intfc0/ddr_phy_top0/u_ddr_mc_phy_wrapper/u_ddr_mc_phy/ddr_phy_4lanes_0.u_ddr_phy_4lanes/ddr_byte_lane_D.ddr_byte_lane_D/ddr_byte_group_io/dqs_gen.oddr_dqsts/C
                         clock pessimism              0.418     8.689    
                         clock uncertainty           -0.047     8.643    
    OLOGIC_X1Y144        ODDR (Setup_oddr_C_D1)      -0.558     8.085    i_ddr/u_xlnx_mig_7_ddr3_mig/u_memc_ui_top_axi/mem_intfc0/ddr_phy_top0/u_ddr_mc_phy_wrapper/u_ddr_mc_phy/ddr_phy_4lanes_0.u_ddr_phy_4lanes/ddr_byte_lane_D.ddr_byte_lane_D/ddr_byte_group_io/dqs_gen.oddr_dqsts
  -------------------------------------------------------------------
                         required time                          8.085    
                         arrival time                          -7.882    
  -------------------------------------------------------------------
                         slack                                  0.203    

Slack (MET) :             0.367ns  (required time - arrival time)
  Source:                 i_ddr/u_xlnx_mig_7_ddr3_mig/u_memc_ui_top_axi/mem_intfc0/ddr_phy_top0/u_ddr_mc_phy_wrapper/u_ddr_mc_phy/ddr_phy_4lanes_0.u_ddr_phy_4lanes/ddr_byte_lane_C.ddr_byte_lane_C/phaser_out/OCLK
                            (rising edge-triggered cell PHASER_OUT_PHY clocked by oserdes_clk_2  {rise@0.000ns fall@0.625ns period=1.250ns})
  Destination:            i_ddr/u_xlnx_mig_7_ddr3_mig/u_memc_ui_top_axi/mem_intfc0/ddr_phy_top0/u_ddr_mc_phy_wrapper/u_ddr_mc_phy/ddr_phy_4lanes_0.u_ddr_phy_4lanes/ddr_byte_lane_C.ddr_byte_lane_C/ddr_byte_group_io/slave_ts.oserdes_slave_ts/RST
                            (rising edge-triggered cell OSERDESE2 clocked by oserdes_clkdiv_2  {rise@0.000ns fall@1.250ns period=2.500ns})
  Path Group:             oserdes_clkdiv_2
  Path Type:              Setup (Max at Slow Process Corner)
  Requirement:            2.500ns  (oserdes_clkdiv_2 rise@2.500ns - oserdes_clk_2 rise@0.000ns)
  Data Path Delay:        2.061ns  (logic 0.466ns (22.615%)  route 1.595ns (77.385%))
  Logic Levels:           0  
  Clock Path Skew:        0.427ns (DCD - SCD + CPR)
    Destination Clock Delay (DCD):    5.333ns = ( 7.833 - 2.500 ) 
    Source Clock Delay      (SCD):    5.288ns = ( 6.538 - 1.250 ) 
    Clock Pessimism Removal (CPR):    0.381ns
  Clock Uncertainty:      0.047ns  ((TSJ^2 + DJ^2)^1/2) / 2 + PE
    Total System Jitter     (TSJ):    0.071ns
    Discrete Jitter          (DJ):    0.061ns
    Phase Error              (PE):    0.000ns
  Timing Exception:       MultiCycle Path   Setup -start 2

    Location             Delay type                Incr(ns)  Path(ns)    Netlist Resource(s)
  -------------------------------------------------------------------    -------------------
                         (clock oserdes_clk_2 rise edge)
                                                      0.000     0.000 r  
    AD12                                              0.000     0.000 r  sys_clk_p (IN)
                         net (fo=0)                   0.000     0.000    i_ddr/u_xlnx_mig_7_ddr3_mig/u_ddr3_clk_ibuf/sys_clk_p
    AD12                 IBUFDS (Prop_ibufds_I_O)     0.832     0.832 r  i_ddr/u_xlnx_mig_7_ddr3_mig/u_ddr3_clk_ibuf/diff_input_clk.u_ibufg_sys_clk/O
                         net (fo=3, routed)           1.098     1.930    i_ddr/u_xlnx_mig_7_ddr3_mig/u_ddr3_infrastructure/out
    PLLE2_ADV_X1Y1       PLLE2_ADV (Prop_plle2_adv_CLKIN1_CLKOUT1)
                                                      0.077     2.007 r  i_ddr/u_xlnx_mig_7_ddr3_mig/u_ddr3_infrastructure/plle2_i/CLKOUT1
                         net (fo=14, routed)          1.198     3.205    i_ddr/u_xlnx_mig_7_ddr3_mig/u_memc_ui_top_axi/mem_intfc0/ddr_phy_top0/u_ddr_mc_phy_wrapper/u_ddr_mc_phy/ddr_phy_4lanes_0.u_ddr_phy_4lanes/ddr_byte_lane_C.ddr_byte_lane_C/mem_refclk
    PHASER_OUT_PHY_X1Y10 PHASER_OUT_PHY (Prop_phaser_out_phy_MEMREFCLK_OCLK)
                                                      2.083     5.288 r  i_ddr/u_xlnx_mig_7_ddr3_mig/u_memc_ui_top_axi/mem_intfc0/ddr_phy_top0/u_ddr_mc_phy_wrapper/u_ddr_mc_phy/ddr_phy_4lanes_0.u_ddr_phy_4lanes/ddr_byte_lane_C.ddr_byte_lane_C/phaser_out/OCLK
  -------------------------------------------------------------------    -------------------
    PHASER_OUT_PHY_X1Y10 PHASER_OUT_PHY (Prop_phaser_out_phy_OCLK_OSERDESRST)
                                                      0.466     5.754 r  i_ddr/u_xlnx_mig_7_ddr3_mig/u_memc_ui_top_axi/mem_intfc0/ddr_phy_top0/u_ddr_mc_phy_wrapper/u_ddr_mc_phy/ddr_phy_4lanes_0.u_ddr_phy_4lanes/ddr_byte_lane_C.ddr_byte_lane_C/phaser_out/OSERDESRST
                         net (fo=10, routed)          1.595     7.348    i_ddr/u_xlnx_mig_7_ddr3_mig/u_memc_ui_top_axi/mem_intfc0/ddr_phy_top0/u_ddr_mc_phy_wrapper/u_ddr_mc_phy/ddr_phy_4lanes_0.u_ddr_phy_4lanes/ddr_byte_lane_C.ddr_byte_lane_C/ddr_byte_group_io/po_oserdes_rst
    OLOGIC_X1Y131        OSERDESE2                                    r  i_ddr/u_xlnx_mig_7_ddr3_mig/u_memc_ui_top_axi/mem_intfc0/ddr_phy_top0/u_ddr_mc_phy_wrapper/u_ddr_mc_phy/ddr_phy_4lanes_0.u_ddr_phy_4lanes/ddr_byte_lane_C.ddr_byte_lane_C/ddr_byte_group_io/slave_ts.oserdes_slave_ts/RST
  -------------------------------------------------------------------    -------------------

                         (clock oserdes_clkdiv_2 rise edge)
                                                      2.500     2.500 r  
    AD12                                              0.000     2.500 r  sys_clk_p (IN)
                         net (fo=0)                   0.000     2.500    i_ddr/u_xlnx_mig_7_ddr3_mig/u_ddr3_clk_ibuf/sys_clk_p
    AD12                 IBUFDS (Prop_ibufds_I_O)     0.735     3.235 r  i_ddr/u_xlnx_mig_7_ddr3_mig/u_ddr3_clk_ibuf/diff_input_clk.u_ibufg_sys_clk/O
                         net (fo=3, routed)           1.001     4.236    i_ddr/u_xlnx_mig_7_ddr3_mig/u_ddr3_infrastructure/out
    PLLE2_ADV_X1Y1       PLLE2_ADV (Prop_plle2_adv_CLKIN1_CLKOUT1)
                                                      0.073     4.309 r  i_ddr/u_xlnx_mig_7_ddr3_mig/u_ddr3_infrastructure/plle2_i/CLKOUT1
                         net (fo=14, routed)          1.070     5.379    i_ddr/u_xlnx_mig_7_ddr3_mig/u_memc_ui_top_axi/mem_intfc0/ddr_phy_top0/u_ddr_mc_phy_wrapper/u_ddr_mc_phy/ddr_phy_4lanes_0.u_ddr_phy_4lanes/ddr_byte_lane_C.ddr_byte_lane_C/mem_refclk
    PHASER_OUT_PHY_X1Y10 PHASER_OUT_PHY (Prop_phaser_out_phy_MEMREFCLK_OCLK)
                                                      2.027     7.406 r  i_ddr/u_xlnx_mig_7_ddr3_mig/u_memc_ui_top_axi/mem_intfc0/ddr_phy_top0/u_ddr_mc_phy_wrapper/u_ddr_mc_phy/ddr_phy_4lanes_0.u_ddr_phy_4lanes/ddr_byte_lane_C.ddr_byte_lane_C/phaser_out/OCLK
    PHASER_OUT_PHY_X1Y10 PHASER_OUT_PHY (Prop_phaser_out_phy_OCLK_OCLKDIV)
                                                      0.133     7.539 r  i_ddr/u_xlnx_mig_7_ddr3_mig/u_memc_ui_top_axi/mem_intfc0/ddr_phy_top0/u_ddr_mc_phy_wrapper/u_ddr_mc_phy/ddr_phy_4lanes_0.u_ddr_phy_4lanes/ddr_byte_lane_C.ddr_byte_lane_C/phaser_out/OCLKDIV
                         net (fo=11, routed)          0.294     7.833    i_ddr/u_xlnx_mig_7_ddr3_mig/u_memc_ui_top_axi/mem_intfc0/ddr_phy_top0/u_ddr_mc_phy_wrapper/u_ddr_mc_phy/ddr_phy_4lanes_0.u_ddr_phy_4lanes/ddr_byte_lane_C.ddr_byte_lane_C/ddr_byte_group_io/oserdes_clkdiv
    OLOGIC_X1Y131        OSERDESE2                                    r  i_ddr/u_xlnx_mig_7_ddr3_mig/u_memc_ui_top_axi/mem_intfc0/ddr_phy_top0/u_ddr_mc_phy_wrapper/u_ddr_mc_phy/ddr_phy_4lanes_0.u_ddr_phy_4lanes/ddr_byte_lane_C.ddr_byte_lane_C/ddr_byte_group_io/slave_ts.oserdes_slave_ts/CLKDIV
                         clock pessimism              0.381     8.215    
                         clock uncertainty           -0.047     8.168    
    OLOGIC_X1Y131        OSERDESE2 (Setup_oserdese2_CLKDIV_RST)
                                                     -0.453     7.715    i_ddr/u_xlnx_mig_7_ddr3_mig/u_memc_ui_top_axi/mem_intfc0/ddr_phy_top0/u_ddr_mc_phy_wrapper/u_ddr_mc_phy/ddr_phy_4lanes_0.u_ddr_phy_4lanes/ddr_byte_lane_C.ddr_byte_lane_C/ddr_byte_group_io/slave_ts.oserdes_slave_ts
  -------------------------------------------------------------------
                         required time                          7.715    
                         arrival time                          -7.348    
  -------------------------------------------------------------------
                         slack                                  0.367    

Slack (MET) :             0.370ns  (required time - arrival time)
  Source:                 i_ddr/u_xlnx_mig_7_ddr3_mig/u_memc_ui_top_axi/mem_intfc0/ddr_phy_top0/u_ddr_mc_phy_wrapper/u_ddr_mc_phy/ddr_phy_4lanes_0.u_ddr_phy_4lanes/ddr_byte_lane_A.ddr_byte_lane_A/phaser_out/OCLK
                            (rising edge-triggered cell PHASER_OUT_PHY clocked by oserdes_clk  {rise@0.000ns fall@0.625ns period=1.250ns})
  Destination:            i_ddr/u_xlnx_mig_7_ddr3_mig/u_memc_ui_top_axi/mem_intfc0/ddr_phy_top0/u_ddr_mc_phy_wrapper/u_ddr_mc_phy/ddr_phy_4lanes_0.u_ddr_phy_4lanes/ddr_byte_lane_A.ddr_byte_lane_A/ddr_byte_group_io/output_[0].oserdes_dq_.ddr.oserdes_dq_i/RST
                            (rising edge-triggered cell OSERDESE2 clocked by oserdes_clkdiv  {rise@0.000ns fall@1.250ns period=2.500ns})
  Path Group:             oserdes_clkdiv
  Path Type:              Setup (Max at Slow Process Corner)
  Requirement:            2.500ns  (oserdes_clkdiv rise@2.500ns - oserdes_clk rise@0.000ns)
  Data Path Delay:        2.064ns  (logic 0.466ns (22.580%)  route 1.598ns (77.420%))
  Logic Levels:           0  
  Clock Path Skew:        0.434ns (DCD - SCD + CPR)
    Destination Clock Delay (DCD):    5.340ns = ( 7.840 - 2.500 ) 
    Source Clock Delay      (SCD):    5.288ns = ( 6.538 - 1.250 ) 
    Clock Pessimism Removal (CPR):    0.381ns
  Clock Uncertainty:      0.047ns  ((TSJ^2 + DJ^2)^1/2) / 2 + PE
    Total System Jitter     (TSJ):    0.071ns
    Discrete Jitter          (DJ):    0.061ns
    Phase Error              (PE):    0.000ns
  Timing Exception:       MultiCycle Path   Setup -start 2

    Location             Delay type                Incr(ns)  Path(ns)    Netlist Resource(s)
  -------------------------------------------------------------------    -------------------
                         (clock oserdes_clk rise edge)
                                                      0.000     0.000 r  
    AD12                                              0.000     0.000 r  sys_clk_p (IN)
                         net (fo=0)                   0.000     0.000    i_ddr/u_xlnx_mig_7_ddr3_mig/u_ddr3_clk_ibuf/sys_clk_p
    AD12                 IBUFDS (Prop_ibufds_I_O)     0.832     0.832 r  i_ddr/u_xlnx_mig_7_ddr3_mig/u_ddr3_clk_ibuf/diff_input_clk.u_ibufg_sys_clk/O
                         net (fo=3, routed)           1.098     1.930    i_ddr/u_xlnx_mig_7_ddr3_mig/u_ddr3_infrastructure/out
    PLLE2_ADV_X1Y1       PLLE2_ADV (Prop_plle2_adv_CLKIN1_CLKOUT1)
                                                      0.077     2.007 r  i_ddr/u_xlnx_mig_7_ddr3_mig/u_ddr3_infrastructure/plle2_i/CLKOUT1
                         net (fo=14, routed)          1.198     3.205    i_ddr/u_xlnx_mig_7_ddr3_mig/u_memc_ui_top_axi/mem_intfc0/ddr_phy_top0/u_ddr_mc_phy_wrapper/u_ddr_mc_phy/ddr_phy_4lanes_0.u_ddr_phy_4lanes/ddr_byte_lane_A.ddr_byte_lane_A/mem_refclk
    PHASER_OUT_PHY_X1Y8  PHASER_OUT_PHY (Prop_phaser_out_phy_MEMREFCLK_OCLK)
                                                      2.083     5.288 r  i_ddr/u_xlnx_mig_7_ddr3_mig/u_memc_ui_top_axi/mem_intfc0/ddr_phy_top0/u_ddr_mc_phy_wrapper/u_ddr_mc_phy/ddr_phy_4lanes_0.u_ddr_phy_4lanes/ddr_byte_lane_A.ddr_byte_lane_A/phaser_out/OCLK
  -------------------------------------------------------------------    -------------------
    PHASER_OUT_PHY_X1Y8  PHASER_OUT_PHY (Prop_phaser_out_phy_OCLK_OSERDESRST)
                                                      0.466     5.754 r  i_ddr/u_xlnx_mig_7_ddr3_mig/u_memc_ui_top_axi/mem_intfc0/ddr_phy_top0/u_ddr_mc_phy_wrapper/u_ddr_mc_phy/ddr_phy_4lanes_0.u_ddr_phy_4lanes/ddr_byte_lane_A.ddr_byte_lane_A/phaser_out/OSERDESRST
                         net (fo=10, routed)          1.598     7.352    i_ddr/u_xlnx_mig_7_ddr3_mig/u_memc_ui_top_axi/mem_intfc0/ddr_phy_top0/u_ddr_mc_phy_wrapper/u_ddr_mc_phy/ddr_phy_4lanes_0.u_ddr_phy_4lanes/ddr_byte_lane_A.ddr_byte_lane_A/ddr_byte_group_io/po_oserdes_rst
    OLOGIC_X1Y101        OSERDESE2                                    r  i_ddr/u_xlnx_mig_7_ddr3_mig/u_memc_ui_top_axi/mem_intfc0/ddr_phy_top0/u_ddr_mc_phy_wrapper/u_ddr_mc_phy/ddr_phy_4lanes_0.u_ddr_phy_4lanes/ddr_byte_lane_A.ddr_byte_lane_A/ddr_byte_group_io/output_[0].oserdes_dq_.ddr.oserdes_dq_i/RST
  -------------------------------------------------------------------    -------------------

                         (clock oserdes_clkdiv rise edge)
                                                      2.500     2.500 r  
    AD12                                              0.000     2.500 r  sys_clk_p (IN)
                         net (fo=0)                   0.000     2.500    i_ddr/u_xlnx_mig_7_ddr3_mig/u_ddr3_clk_ibuf/sys_clk_p
    AD12                 IBUFDS (Prop_ibufds_I_O)     0.735     3.235 r  i_ddr/u_xlnx_mig_7_ddr3_mig/u_ddr3_clk_ibuf/diff_input_clk.u_ibufg_sys_clk/O
                         net (fo=3, routed)           1.001     4.236    i_ddr/u_xlnx_mig_7_ddr3_mig/u_ddr3_infrastructure/out
    PLLE2_ADV_X1Y1       PLLE2_ADV (Prop_plle2_adv_CLKIN1_CLKOUT1)
                                                      0.073     4.309 r  i_ddr/u_xlnx_mig_7_ddr3_mig/u_ddr3_infrastructure/plle2_i/CLKOUT1
                         net (fo=14, routed)          1.070     5.379    i_ddr/u_xlnx_mig_7_ddr3_mig/u_memc_ui_top_axi/mem_intfc0/ddr_phy_top0/u_ddr_mc_phy_wrapper/u_ddr_mc_phy/ddr_phy_4lanes_0.u_ddr_phy_4lanes/ddr_byte_lane_A.ddr_byte_lane_A/mem_refclk
    PHASER_OUT_PHY_X1Y8  PHASER_OUT_PHY (Prop_phaser_out_phy_MEMREFCLK_OCLK)
                                                      2.027     7.406 r  i_ddr/u_xlnx_mig_7_ddr3_mig/u_memc_ui_top_axi/mem_intfc0/ddr_phy_top0/u_ddr_mc_phy_wrapper/u_ddr_mc_phy/ddr_phy_4lanes_0.u_ddr_phy_4lanes/ddr_byte_lane_A.ddr_byte_lane_A/phaser_out/OCLK
    PHASER_OUT_PHY_X1Y8  PHASER_OUT_PHY (Prop_phaser_out_phy_OCLK_OCLKDIV)
                                                      0.133     7.539 r  i_ddr/u_xlnx_mig_7_ddr3_mig/u_memc_ui_top_axi/mem_intfc0/ddr_phy_top0/u_ddr_mc_phy_wrapper/u_ddr_mc_phy/ddr_phy_4lanes_0.u_ddr_phy_4lanes/ddr_byte_lane_A.ddr_byte_lane_A/phaser_out/OCLKDIV
                         net (fo=11, routed)          0.301     7.840    i_ddr/u_xlnx_mig_7_ddr3_mig/u_memc_ui_top_axi/mem_intfc0/ddr_phy_top0/u_ddr_mc_phy_wrapper/u_ddr_mc_phy/ddr_phy_4lanes_0.u_ddr_phy_4lanes/ddr_byte_lane_A.ddr_byte_lane_A/ddr_byte_group_io/oserdes_clkdiv
    OLOGIC_X1Y101        OSERDESE2                                    r  i_ddr/u_xlnx_mig_7_ddr3_mig/u_memc_ui_top_axi/mem_intfc0/ddr_phy_top0/u_ddr_mc_phy_wrapper/u_ddr_mc_phy/ddr_phy_4lanes_0.u_ddr_phy_4lanes/ddr_byte_lane_A.ddr_byte_lane_A/ddr_byte_group_io/output_[0].oserdes_dq_.ddr.oserdes_dq_i/CLKDIV
                         clock pessimism              0.381     8.222    
                         clock uncertainty           -0.047     8.175    
    OLOGIC_X1Y101        OSERDESE2 (Setup_oserdese2_CLKDIV_RST)
                                                     -0.453     7.722    i_ddr/u_xlnx_mig_7_ddr3_mig/u_memc_ui_top_axi/mem_intfc0/ddr_phy_top0/u_ddr_mc_phy_wrapper/u_ddr_mc_phy/ddr_phy_4lanes_0.u_ddr_phy_4lanes/ddr_byte_lane_A.ddr_byte_lane_A/ddr_byte_group_io/output_[0].oserdes_dq_.ddr.oserdes_dq_i
  -------------------------------------------------------------------
                         required time                          7.722    
                         arrival time                          -7.352    
  -------------------------------------------------------------------
                         slack                                  0.370    

Slack (MET) :             0.371ns  (required time - arrival time)
  Source:                 i_ddr/u_xlnx_mig_7_ddr3_mig/u_memc_ui_top_axi/mem_intfc0/ddr_phy_top0/u_ddr_mc_phy_wrapper/u_ddr_mc_phy/ddr_phy_4lanes_1.u_ddr_phy_4lanes/ddr_byte_lane_C.ddr_byte_lane_C/phaser_out/OCLK
                            (rising edge-triggered cell PHASER_OUT_PHY clocked by oserdes_clk_6  {rise@0.000ns fall@0.625ns period=1.250ns})
  Destination:            i_ddr/u_xlnx_mig_7_ddr3_mig/u_memc_ui_top_axi/mem_intfc0/ddr_phy_top0/u_ddr_mc_phy_wrapper/u_ddr_mc_phy/ddr_phy_4lanes_1.u_ddr_phy_4lanes/ddr_byte_lane_C.ddr_byte_lane_C/ddr_byte_group_io/output_[10].oserdes_dq_.sdr.oserdes_dq_i/RST
                            (rising edge-triggered cell OSERDESE2 clocked by oserdes_clkdiv_6  {rise@0.000ns fall@2.500ns period=5.000ns})
  Path Group:             oserdes_clkdiv_6
  Path Type:              Setup (Max at Slow Process Corner)
  Requirement:            2.500ns  (oserdes_clkdiv_6 rise@5.000ns - oserdes_clk_6 rise@2.500ns)
  Data Path Delay:        2.056ns  (logic 0.466ns (22.661%)  route 1.590ns (77.339%))
  Logic Levels:           0  
  Clock Path Skew:        0.427ns (DCD - SCD + CPR)
    Destination Clock Delay (DCD):    5.123ns = ( 10.123 - 5.000 ) 
    Source Clock Delay      (SCD):    5.052ns = ( 8.802 - 3.750 ) 
    Clock Pessimism Removal (CPR):    0.355ns
  Clock Uncertainty:      0.047ns  ((TSJ^2 + DJ^2)^1/2) / 2 + PE
    Total System Jitter     (TSJ):    0.071ns
    Discrete Jitter          (DJ):    0.061ns
    Phase Error              (PE):    0.000ns
  Timing Exception:       MultiCycle Path   Setup -start 2

    Location             Delay type                Incr(ns)  Path(ns)    Netlist Resource(s)
  -------------------------------------------------------------------    -------------------
                         (clock oserdes_clk_6 rise edge)
                                                      2.500     2.500 r  
    AD12                                              0.000     2.500 r  sys_clk_p (IN)
                         net (fo=0)                   0.000     2.500    i_ddr/u_xlnx_mig_7_ddr3_mig/u_ddr3_clk_ibuf/sys_clk_p
    AD12                 IBUFDS (Prop_ibufds_I_O)     0.832     3.332 r  i_ddr/u_xlnx_mig_7_ddr3_mig/u_ddr3_clk_ibuf/diff_input_clk.u_ibufg_sys_clk/O
                         net (fo=3, routed)           1.098     4.430    i_ddr/u_xlnx_mig_7_ddr3_mig/u_ddr3_infrastructure/out
    PLLE2_ADV_X1Y1       PLLE2_ADV (Prop_plle2_adv_CLKIN1_CLKOUT1)
                                                      0.077     4.507 r  i_ddr/u_xlnx_mig_7_ddr3_mig/u_ddr3_infrastructure/plle2_i/CLKOUT1
                         net (fo=14, routed)          0.962     5.469    i_ddr/u_xlnx_mig_7_ddr3_mig/u_memc_ui_top_axi/mem_intfc0/ddr_phy_top0/u_ddr_mc_phy_wrapper/u_ddr_mc_phy/ddr_phy_4lanes_1.u_ddr_phy_4lanes/ddr_byte_lane_C.ddr_byte_lane_C/mem_refclk
    PHASER_OUT_PHY_X1Y6  PHASER_OUT_PHY (Prop_phaser_out_phy_MEMREFCLK_OCLK)
                                                      2.083     7.552 r  i_ddr/u_xlnx_mig_7_ddr3_mig/u_memc_ui_top_axi/mem_intfc0/ddr_phy_top0/u_ddr_mc_phy_wrapper/u_ddr_mc_phy/ddr_phy_4lanes_1.u_ddr_phy_4lanes/ddr_byte_lane_C.ddr_byte_lane_C/phaser_out/OCLK
  -------------------------------------------------------------------    -------------------
    PHASER_OUT_PHY_X1Y6  PHASER_OUT_PHY (Prop_phaser_out_phy_OCLK_OSERDESRST)
                                                      0.466     8.018 r  i_ddr/u_xlnx_mig_7_ddr3_mig/u_memc_ui_top_axi/mem_intfc0/ddr_phy_top0/u_ddr_mc_phy_wrapper/u_ddr_mc_phy/ddr_phy_4lanes_1.u_ddr_phy_4lanes/ddr_byte_lane_C.ddr_byte_lane_C/phaser_out/OSERDESRST
                         net (fo=10, routed)          1.590     9.608    i_ddr/u_xlnx_mig_7_ddr3_mig/u_memc_ui_top_axi/mem_intfc0/ddr_phy_top0/u_ddr_mc_phy_wrapper/u_ddr_mc_phy/ddr_phy_4lanes_1.u_ddr_phy_4lanes/ddr_byte_lane_C.ddr_byte_lane_C/ddr_byte_group_io/po_oserdes_rst
    OLOGIC_X1Y81         OSERDESE2                                    r  i_ddr/u_xlnx_mig_7_ddr3_mig/u_memc_ui_top_axi/mem_intfc0/ddr_phy_top0/u_ddr_mc_phy_wrapper/u_ddr_mc_phy/ddr_phy_4lanes_1.u_ddr_phy_4lanes/ddr_byte_lane_C.ddr_byte_lane_C/ddr_byte_group_io/output_[10].oserdes_dq_.sdr.oserdes_dq_i/RST
  -------------------------------------------------------------------    -------------------

                         (clock oserdes_clkdiv_6 rise edge)
                                                      5.000     5.000 r  
    AD12                                              0.000     5.000 r  sys_clk_p (IN)
                         net (fo=0)                   0.000     5.000    i_ddr/u_xlnx_mig_7_ddr3_mig/u_ddr3_clk_ibuf/sys_clk_p
    AD12                 IBUFDS (Prop_ibufds_I_O)     0.735     5.735 r  i_ddr/u_xlnx_mig_7_ddr3_mig/u_ddr3_clk_ibuf/diff_input_clk.u_ibufg_sys_clk/O
                         net (fo=3, routed)           1.001     6.736    i_ddr/u_xlnx_mig_7_ddr3_mig/u_ddr3_infrastructure/out
    PLLE2_ADV_X1Y1       PLLE2_ADV (Prop_plle2_adv_CLKIN1_CLKOUT1)
                                                      0.073     6.809 r  i_ddr/u_xlnx_mig_7_ddr3_mig/u_ddr3_infrastructure/plle2_i/CLKOUT1
                         net (fo=14, routed)          0.860     7.669    i_ddr/u_xlnx_mig_7_ddr3_mig/u_memc_ui_top_axi/mem_intfc0/ddr_phy_top0/u_ddr_mc_phy_wrapper/u_ddr_mc_phy/ddr_phy_4lanes_1.u_ddr_phy_4lanes/ddr_byte_lane_C.ddr_byte_lane_C/mem_refclk
    PHASER_OUT_PHY_X1Y6  PHASER_OUT_PHY (Prop_phaser_out_phy_MEMREFCLK_OCLK)
                                                      2.027     9.696 r  i_ddr/u_xlnx_mig_7_ddr3_mig/u_memc_ui_top_axi/mem_intfc0/ddr_phy_top0/u_ddr_mc_phy_wrapper/u_ddr_mc_phy/ddr_phy_4lanes_1.u_ddr_phy_4lanes/ddr_byte_lane_C.ddr_byte_lane_C/phaser_out/OCLK
    PHASER_OUT_PHY_X1Y6  PHASER_OUT_PHY (Prop_phaser_out_phy_OCLK_OCLKDIV)
                                                      0.133     9.829 r  i_ddr/u_xlnx_mig_7_ddr3_mig/u_memc_ui_top_axi/mem_intfc0/ddr_phy_top0/u_ddr_mc_phy_wrapper/u_ddr_mc_phy/ddr_phy_4lanes_1.u_ddr_phy_4lanes/ddr_byte_lane_C.ddr_byte_lane_C/phaser_out/OCLKDIV
                         net (fo=11, routed)          0.294    10.123    i_ddr/u_xlnx_mig_7_ddr3_mig/u_memc_ui_top_axi/mem_intfc0/ddr_phy_top0/u_ddr_mc_phy_wrapper/u_ddr_mc_phy/ddr_phy_4lanes_1.u_ddr_phy_4lanes/ddr_byte_lane_C.ddr_byte_lane_C/ddr_byte_group_io/oserdes_clkdiv
    OLOGIC_X1Y81         OSERDESE2                                    r  i_ddr/u_xlnx_mig_7_ddr3_mig/u_memc_ui_top_axi/mem_intfc0/ddr_phy_top0/u_ddr_mc_phy_wrapper/u_ddr_mc_phy/ddr_phy_4lanes_1.u_ddr_phy_4lanes/ddr_byte_lane_C.ddr_byte_lane_C/ddr_byte_group_io/output_[10].oserdes_dq_.sdr.oserdes_dq_i/CLKDIV
                         clock pessimism              0.355    10.479    
                         clock uncertainty           -0.047    10.432    
    OLOGIC_X1Y81         OSERDESE2 (Setup_oserdese2_CLKDIV_RST)
                                                     -0.453     9.979    i_ddr/u_xlnx_mig_7_ddr3_mig/u_memc_ui_top_axi/mem_intfc0/ddr_phy_top0/u_ddr_mc_phy_wrapper/u_ddr_mc_phy/ddr_phy_4lanes_1.u_ddr_phy_4lanes/ddr_byte_lane_C.ddr_byte_lane_C/ddr_byte_group_io/output_[10].oserdes_dq_.sdr.oserdes_dq_i
  -------------------------------------------------------------------
                         required time                          9.979    
                         arrival time                          -9.608    
  -------------------------------------------------------------------
                         slack                                  0.371    

Slack (MET) :             0.373ns  (required time - arrival time)
  Source:                 i_ddr/u_xlnx_mig_7_ddr3_mig/u_memc_ui_top_axi/mem_intfc0/ddr_phy_top0/u_ddr_mc_phy_wrapper/u_ddr_mc_phy/ddr_phy_4lanes_1.u_ddr_phy_4lanes/ddr_byte_lane_D.ddr_byte_lane_D/phaser_out/OCLK
                            (rising edge-triggered cell PHASER_OUT_PHY clocked by oserdes_clk_7  {rise@0.000ns fall@0.625ns period=1.250ns})
  Destination:            i_ddr/u_xlnx_mig_7_ddr3_mig/u_memc_ui_top_axi/mem_intfc0/ddr_phy_top0/u_ddr_mc_phy_wrapper/u_ddr_mc_phy/ddr_phy_4lanes_1.u_ddr_phy_4lanes/ddr_byte_lane_D.ddr_byte_lane_D/ddr_byte_group_io/output_[1].oserdes_dq_.sdr.oserdes_dq_i/RST
                            (rising edge-triggered cell OSERDESE2 clocked by oserdes_clkdiv_7  {rise@0.000ns fall@2.500ns period=5.000ns})
  Path Group:             oserdes_clkdiv_7
  Path Type:              Setup (Max at Slow Process Corner)
  Requirement:            2.500ns  (oserdes_clkdiv_7 rise@5.000ns - oserdes_clk_7 rise@2.500ns)
  Data Path Delay:        2.069ns  (logic 0.466ns (22.519%)  route 1.603ns (77.481%))
  Logic Levels:           0  
  Clock Path Skew:        0.442ns (DCD - SCD + CPR)
    Destination Clock Delay (DCD):    5.129ns = ( 10.129 - 5.000 ) 
    Source Clock Delay      (SCD):    5.042ns = ( 8.792 - 3.750 ) 
    Clock Pessimism Removal (CPR):    0.354ns
  Clock Uncertainty:      0.047ns  ((TSJ^2 + DJ^2)^1/2) / 2 + PE
    Total System Jitter     (TSJ):    0.071ns
    Discrete Jitter          (DJ):    0.061ns
    Phase Error              (PE):    0.000ns
  Timing Exception:       MultiCycle Path   Setup -start 2

    Location             Delay type                Incr(ns)  Path(ns)    Netlist Resource(s)
  -------------------------------------------------------------------    -------------------
                         (clock oserdes_clk_7 rise edge)
                                                      2.500     2.500 r  
    AD12                                              0.000     2.500 r  sys_clk_p (IN)
                         net (fo=0)                   0.000     2.500    i_ddr/u_xlnx_mig_7_ddr3_mig/u_ddr3_clk_ibuf/sys_clk_p
    AD12                 IBUFDS (Prop_ibufds_I_O)     0.832     3.332 r  i_ddr/u_xlnx_mig_7_ddr3_mig/u_ddr3_clk_ibuf/diff_input_clk.u_ibufg_sys_clk/O
                         net (fo=3, routed)           1.098     4.430    i_ddr/u_xlnx_mig_7_ddr3_mig/u_ddr3_infrastructure/out
    PLLE2_ADV_X1Y1       PLLE2_ADV (Prop_plle2_adv_CLKIN1_CLKOUT1)
                                                      0.077     4.507 r  i_ddr/u_xlnx_mig_7_ddr3_mig/u_ddr3_infrastructure/plle2_i/CLKOUT1
                         net (fo=14, routed)          0.952     5.459    i_ddr/u_xlnx_mig_7_ddr3_mig/u_memc_ui_top_axi/mem_intfc0/ddr_phy_top0/u_ddr_mc_phy_wrapper/u_ddr_mc_phy/ddr_phy_4lanes_1.u_ddr_phy_4lanes/ddr_byte_lane_D.ddr_byte_lane_D/mem_refclk
    PHASER_OUT_PHY_X1Y7  PHASER_OUT_PHY (Prop_phaser_out_phy_MEMREFCLK_OCLK)
                                                      2.083     7.542 r  i_ddr/u_xlnx_mig_7_ddr3_mig/u_memc_ui_top_axi/mem_intfc0/ddr_phy_top0/u_ddr_mc_phy_wrapper/u_ddr_mc_phy/ddr_phy_4lanes_1.u_ddr_phy_4lanes/ddr_byte_lane_D.ddr_byte_lane_D/phaser_out/OCLK
  -------------------------------------------------------------------    -------------------
    PHASER_OUT_PHY_X1Y7  PHASER_OUT_PHY (Prop_phaser_out_phy_OCLK_OSERDESRST)
                                                      0.466     8.008 r  i_ddr/u_xlnx_mig_7_ddr3_mig/u_memc_ui_top_axi/mem_intfc0/ddr_phy_top0/u_ddr_mc_phy_wrapper/u_ddr_mc_phy/ddr_phy_4lanes_1.u_ddr_phy_4lanes/ddr_byte_lane_D.ddr_byte_lane_D/phaser_out/OSERDESRST
                         net (fo=9, routed)           1.603     9.611    i_ddr/u_xlnx_mig_7_ddr3_mig/u_memc_ui_top_axi/mem_intfc0/ddr_phy_top0/u_ddr_mc_phy_wrapper/u_ddr_mc_phy/ddr_phy_4lanes_1.u_ddr_phy_4lanes/ddr_byte_lane_D.ddr_byte_lane_D/ddr_byte_group_io/po_oserdes_rst
    OLOGIC_X1Y88         OSERDESE2                                    r  i_ddr/u_xlnx_mig_7_ddr3_mig/u_memc_ui_top_axi/mem_intfc0/ddr_phy_top0/u_ddr_mc_phy_wrapper/u_ddr_mc_phy/ddr_phy_4lanes_1.u_ddr_phy_4lanes/ddr_byte_lane_D.ddr_byte_lane_D/ddr_byte_group_io/output_[1].oserdes_dq_.sdr.oserdes_dq_i/RST
  -------------------------------------------------------------------    -------------------

                         (clock oserdes_clkdiv_7 rise edge)
                                                      5.000     5.000 r  
    AD12                                              0.000     5.000 r  sys_clk_p (IN)
                         net (fo=0)                   0.000     5.000    i_ddr/u_xlnx_mig_7_ddr3_mig/u_ddr3_clk_ibuf/sys_clk_p
    AD12                 IBUFDS (Prop_ibufds_I_O)     0.735     5.735 r  i_ddr/u_xlnx_mig_7_ddr3_mig/u_ddr3_clk_ibuf/diff_input_clk.u_ibufg_sys_clk/O
                         net (fo=3, routed)           1.001     6.736    i_ddr/u_xlnx_mig_7_ddr3_mig/u_ddr3_infrastructure/out
    PLLE2_ADV_X1Y1       PLLE2_ADV (Prop_plle2_adv_CLKIN1_CLKOUT1)
                                                      0.073     6.809 r  i_ddr/u_xlnx_mig_7_ddr3_mig/u_ddr3_infrastructure/plle2_i/CLKOUT1
                         net (fo=14, routed)          0.851     7.660    i_ddr/u_xlnx_mig_7_ddr3_mig/u_memc_ui_top_axi/mem_intfc0/ddr_phy_top0/u_ddr_mc_phy_wrapper/u_ddr_mc_phy/ddr_phy_4lanes_1.u_ddr_phy_4lanes/ddr_byte_lane_D.ddr_byte_lane_D/mem_refclk
    PHASER_OUT_PHY_X1Y7  PHASER_OUT_PHY (Prop_phaser_out_phy_MEMREFCLK_OCLK)
                                                      2.027     9.687 r  i_ddr/u_xlnx_mig_7_ddr3_mig/u_memc_ui_top_axi/mem_intfc0/ddr_phy_top0/u_ddr_mc_phy_wrapper/u_ddr_mc_phy/ddr_phy_4lanes_1.u_ddr_phy_4lanes/ddr_byte_lane_D.ddr_byte_lane_D/phaser_out/OCLK
    PHASER_OUT_PHY_X1Y7  PHASER_OUT_PHY (Prop_phaser_out_phy_OCLK_OCLKDIV)
                                                      0.133     9.820 r  i_ddr/u_xlnx_mig_7_ddr3_mig/u_memc_ui_top_axi/mem_intfc0/ddr_phy_top0/u_ddr_mc_phy_wrapper/u_ddr_mc_phy/ddr_phy_4lanes_1.u_ddr_phy_4lanes/ddr_byte_lane_D.ddr_byte_lane_D/phaser_out/OCLKDIV
                         net (fo=10, routed)          0.309    10.129    i_ddr/u_xlnx_mig_7_ddr3_mig/u_memc_ui_top_axi/mem_intfc0/ddr_phy_top0/u_ddr_mc_phy_wrapper/u_ddr_mc_phy/ddr_phy_4lanes_1.u_ddr_phy_4lanes/ddr_byte_lane_D.ddr_byte_lane_D/ddr_byte_group_io/oserdes_clkdiv
    OLOGIC_X1Y88         OSERDESE2                                    r  i_ddr/u_xlnx_mig_7_ddr3_mig/u_memc_ui_top_axi/mem_intfc0/ddr_phy_top0/u_ddr_mc_phy_wrapper/u_ddr_mc_phy/ddr_phy_4lanes_1.u_ddr_phy_4lanes/ddr_byte_lane_D.ddr_byte_lane_D/ddr_byte_group_io/output_[1].oserdes_dq_.sdr.oserdes_dq_i/CLKDIV
                         clock pessimism              0.354    10.484    
                         clock uncertainty           -0.047    10.437    
    OLOGIC_X1Y88         OSERDESE2 (Setup_oserdese2_CLKDIV_RST)
                                                     -0.453     9.984    i_ddr/u_xlnx_mig_7_ddr3_mig/u_memc_ui_top_axi/mem_intfc0/ddr_phy_top0/u_ddr_mc_phy_wrapper/u_ddr_mc_phy/ddr_phy_4lanes_1.u_ddr_phy_4lanes/ddr_byte_lane_D.ddr_byte_lane_D/ddr_byte_group_io/output_[1].oserdes_dq_.sdr.oserdes_dq_i
  -------------------------------------------------------------------
                         required time                          9.984    
                         arrival time                          -9.611    
  -------------------------------------------------------------------
                         slack                                  0.373    

Slack (MET) :             0.397ns  (required time - arrival time)
  Source:                 i_ddr/u_xlnx_mig_7_ddr3_mig/u_memc_ui_top_axi/mem_intfc0/ddr_phy_top0/u_ddr_mc_phy_wrapper/u_ddr_mc_phy/ddr_phy_4lanes_0.u_ddr_phy_4lanes/ddr_byte_lane_D.ddr_byte_lane_D/phaser_out/OCLK
                            (rising edge-triggered cell PHASER_OUT_PHY clocked by oserdes_clk_3  {rise@0.000ns fall@0.625ns period=1.250ns})
  Destination:            i_ddr/u_xlnx_mig_7_ddr3_mig/u_memc_ui_top_axi/mem_intfc0/ddr_phy_top0/u_ddr_mc_phy_wrapper/u_ddr_mc_phy/ddr_phy_4lanes_0.u_ddr_phy_4lanes/ddr_byte_lane_D.ddr_byte_lane_D/ddr_byte_group_io/output_[1].oserdes_dq_.ddr.oserdes_dq_i/RST
                            (rising edge-triggered cell OSERDESE2 clocked by oserdes_clkdiv_3  {rise@0.000ns fall@1.250ns period=2.500ns})
  Path Group:             oserdes_clkdiv_3
  Path Type:              Setup (Max at Slow Process Corner)
  Requirement:            2.500ns  (oserdes_clkdiv_3 rise@2.500ns - oserdes_clk_3 rise@0.000ns)
  Data Path Delay:        2.045ns  (logic 0.466ns (22.782%)  route 1.579ns (77.218%))
  Logic Levels:           0  
  Clock Path Skew:        0.442ns (DCD - SCD + CPR)
    Destination Clock Delay (DCD):    5.339ns = ( 7.839 - 2.500 ) 
    Source Clock Delay      (SCD):    5.278ns = ( 6.528 - 1.250 ) 
    Clock Pessimism Removal (CPR):    0.380ns
  Clock Uncertainty:      0.047ns  ((TSJ^2 + DJ^2)^1/2) / 2 + PE
    Total System Jitter     (TSJ):    0.071ns
    Discrete Jitter          (DJ):    0.061ns
    Phase Error              (PE):    0.000ns
  Timing Exception:       MultiCycle Path   Setup -start 2

    Location             Delay type                Incr(ns)  Path(ns)    Netlist Resource(s)
  -------------------------------------------------------------------    -------------------
                         (clock oserdes_clk_3 rise edge)
                                                      0.000     0.000 r  
    AD12                                              0.000     0.000 r  sys_clk_p (IN)
                         net (fo=0)                   0.000     0.000    i_ddr/u_xlnx_mig_7_ddr3_mig/u_ddr3_clk_ibuf/sys_clk_p
    AD12                 IBUFDS (Prop_ibufds_I_O)     0.832     0.832 r  i_ddr/u_xlnx_mig_7_ddr3_mig/u_ddr3_clk_ibuf/diff_input_clk.u_ibufg_sys_clk/O
                         net (fo=3, routed)           1.098     1.930    i_ddr/u_xlnx_mig_7_ddr3_mig/u_ddr3_infrastructure/out
    PLLE2_ADV_X1Y1       PLLE2_ADV (Prop_plle2_adv_CLKIN1_CLKOUT1)
                                                      0.077     2.007 r  i_ddr/u_xlnx_mig_7_ddr3_mig/u_ddr3_infrastructure/plle2_i/CLKOUT1
                         net (fo=14, routed)          1.188     3.195    i_ddr/u_xlnx_mig_7_ddr3_mig/u_memc_ui_top_axi/mem_intfc0/ddr_phy_top0/u_ddr_mc_phy_wrapper/u_ddr_mc_phy/ddr_phy_4lanes_0.u_ddr_phy_4lanes/ddr_byte_lane_D.ddr_byte_lane_D/mem_refclk
    PHASER_OUT_PHY_X1Y11 PHASER_OUT_PHY (Prop_phaser_out_phy_MEMREFCLK_OCLK)
                                                      2.083     5.278 r  i_ddr/u_xlnx_mig_7_ddr3_mig/u_memc_ui_top_axi/mem_intfc0/ddr_phy_top0/u_ddr_mc_phy_wrapper/u_ddr_mc_phy/ddr_phy_4lanes_0.u_ddr_phy_4lanes/ddr_byte_lane_D.ddr_byte_lane_D/phaser_out/OCLK
  -------------------------------------------------------------------    -------------------
    PHASER_OUT_PHY_X1Y11 PHASER_OUT_PHY (Prop_phaser_out_phy_OCLK_OSERDESRST)
                                                      0.466     5.744 r  i_ddr/u_xlnx_mig_7_ddr3_mig/u_memc_ui_top_axi/mem_intfc0/ddr_phy_top0/u_ddr_mc_phy_wrapper/u_ddr_mc_phy/ddr_phy_4lanes_0.u_ddr_phy_4lanes/ddr_byte_lane_D.ddr_byte_lane_D/phaser_out/OSERDESRST
                         net (fo=10, routed)          1.579     7.323    i_ddr/u_xlnx_mig_7_ddr3_mig/u_memc_ui_top_axi/mem_intfc0/ddr_phy_top0/u_ddr_mc_phy_wrapper/u_ddr_mc_phy/ddr_phy_4lanes_0.u_ddr_phy_4lanes/ddr_byte_lane_D.ddr_byte_lane_D/ddr_byte_group_io/po_oserdes_rst
    OLOGIC_X1Y138        OSERDESE2                                    r  i_ddr/u_xlnx_mig_7_ddr3_mig/u_memc_ui_top_axi/mem_intfc0/ddr_phy_top0/u_ddr_mc_phy_wrapper/u_ddr_mc_phy/ddr_phy_4lanes_0.u_ddr_phy_4lanes/ddr_byte_lane_D.ddr_byte_lane_D/ddr_byte_group_io/output_[1].oserdes_dq_.ddr.oserdes_dq_i/RST
  -------------------------------------------------------------------    -------------------

                         (clock oserdes_clkdiv_3 rise edge)
                                                      2.500     2.500 r  
    AD12                                              0.000     2.500 r  sys_clk_p (IN)
                         net (fo=0)                   0.000     2.500    i_ddr/u_xlnx_mig_7_ddr3_mig/u_ddr3_clk_ibuf/sys_clk_p
    AD12                 IBUFDS (Prop_ibufds_I_O)     0.735     3.235 r  i_ddr/u_xlnx_mig_7_ddr3_mig/u_ddr3_clk_ibuf/diff_input_clk.u_ibufg_sys_clk/O
                         net (fo=3, routed)           1.001     4.236    i_ddr/u_xlnx_mig_7_ddr3_mig/u_ddr3_infrastructure/out
    PLLE2_ADV_X1Y1       PLLE2_ADV (Prop_plle2_adv_CLKIN1_CLKOUT1)
                                                      0.073     4.309 r  i_ddr/u_xlnx_mig_7_ddr3_mig/u_ddr3_infrastructure/plle2_i/CLKOUT1
                         net (fo=14, routed)          1.061     5.370    i_ddr/u_xlnx_mig_7_ddr3_mig/u_memc_ui_top_axi/mem_intfc0/ddr_phy_top0/u_ddr_mc_phy_wrapper/u_ddr_mc_phy/ddr_phy_4lanes_0.u_ddr_phy_4lanes/ddr_byte_lane_D.ddr_byte_lane_D/mem_refclk
    PHASER_OUT_PHY_X1Y11 PHASER_OUT_PHY (Prop_phaser_out_phy_MEMREFCLK_OCLK)
                                                      2.027     7.397 r  i_ddr/u_xlnx_mig_7_ddr3_mig/u_memc_ui_top_axi/mem_intfc0/ddr_phy_top0/u_ddr_mc_phy_wrapper/u_ddr_mc_phy/ddr_phy_4lanes_0.u_ddr_phy_4lanes/ddr_byte_lane_D.ddr_byte_lane_D/phaser_out/OCLK
    PHASER_OUT_PHY_X1Y11 PHASER_OUT_PHY (Prop_phaser_out_phy_OCLK_OCLKDIV)
                                                      0.133     7.530 r  i_ddr/u_xlnx_mig_7_ddr3_mig/u_memc_ui_top_axi/mem_intfc0/ddr_phy_top0/u_ddr_mc_phy_wrapper/u_ddr_mc_phy/ddr_phy_4lanes_0.u_ddr_phy_4lanes/ddr_byte_lane_D.ddr_byte_lane_D/phaser_out/OCLKDIV
                         net (fo=11, routed)          0.309     7.839    i_ddr/u_xlnx_mig_7_ddr3_mig/u_memc_ui_top_axi/mem_intfc0/ddr_phy_top0/u_ddr_mc_phy_wrapper/u_ddr_mc_phy/ddr_phy_4lanes_0.u_ddr_phy_4lanes/ddr_byte_lane_D.ddr_byte_lane_D/ddr_byte_group_io/oserdes_clkdiv
    OLOGIC_X1Y138        OSERDESE2                                    r  i_ddr/u_xlnx_mig_7_ddr3_mig/u_memc_ui_top_axi/mem_intfc0/ddr_phy_top0/u_ddr_mc_phy_wrapper/u_ddr_mc_phy/ddr_phy_4lanes_0.u_ddr_phy_4lanes/ddr_byte_lane_D.ddr_byte_lane_D/ddr_byte_group_io/output_[1].oserdes_dq_.ddr.oserdes_dq_i/CLKDIV
                         clock pessimism              0.380     8.220    
                         clock uncertainty           -0.047     8.173    
    OLOGIC_X1Y138        OSERDESE2 (Setup_oserdese2_CLKDIV_RST)
                                                     -0.453     7.720    i_ddr/u_xlnx_mig_7_ddr3_mig/u_memc_ui_top_axi/mem_intfc0/ddr_phy_top0/u_ddr_mc_phy_wrapper/u_ddr_mc_phy/ddr_phy_4lanes_0.u_ddr_phy_4lanes/ddr_byte_lane_D.ddr_byte_lane_D/ddr_byte_group_io/output_[1].oserdes_dq_.ddr.oserdes_dq_i
  -------------------------------------------------------------------
                         required time                          7.720    
                         arrival time                          -7.323    
  -------------------------------------------------------------------
                         slack                                  0.397    

Slack (MET) :             0.419ns  (required time - arrival time)
  Source:                 i_ddr/u_xlnx_mig_7_ddr3_mig/u_memc_ui_top_axi/mem_intfc0/ddr_phy_top0/u_ddr_mc_phy_wrapper/u_ddr_mc_phy/ddr_phy_4lanes_0.u_ddr_phy_4lanes/ddr_byte_lane_B.ddr_byte_lane_B/phaser_out/OCLK
                            (rising edge-triggered cell PHASER_OUT_PHY clocked by oserdes_clk_1  {rise@0.000ns fall@0.625ns period=1.250ns})
  Destination:            i_ddr/u_xlnx_mig_7_ddr3_mig/u_memc_ui_top_axi/mem_intfc0/ddr_phy_top0/u_ddr_mc_phy_wrapper/u_ddr_mc_phy/ddr_phy_4lanes_0.u_ddr_phy_4lanes/ddr_byte_lane_B.ddr_byte_lane_B/ddr_byte_group_io/slave_ts.oserdes_slave_ts/RST
                            (rising edge-triggered cell OSERDESE2 clocked by oserdes_clkdiv_1  {rise@0.000ns fall@1.250ns period=2.500ns})
  Path Group:             oserdes_clkdiv_1
  Path Type:              Setup (Max at Slow Process Corner)
  Requirement:            2.500ns  (oserdes_clkdiv_1 rise@2.500ns - oserdes_clk_1 rise@0.000ns)
  Data Path Delay:        2.003ns  (logic 0.466ns (23.265%)  route 1.537ns (76.735%))
  Logic Levels:           0  
  Clock Path Skew:        0.422ns (DCD - SCD + CPR)
    Destination Clock Delay (DCD):    5.319ns = ( 7.819 - 2.500 ) 
    Source Clock Delay      (SCD):    5.278ns = ( 6.528 - 1.250 ) 
    Clock Pessimism Removal (CPR):    0.380ns
  Clock Uncertainty:      0.047ns  ((TSJ^2 + DJ^2)^1/2) / 2 + PE
    Total System Jitter     (TSJ):    0.071ns
    Discrete Jitter          (DJ):    0.061ns
    Phase Error              (PE):    0.000ns
  Timing Exception:       MultiCycle Path   Setup -start 2

    Location             Delay type                Incr(ns)  Path(ns)    Netlist Resource(s)
  -------------------------------------------------------------------    -------------------
                         (clock oserdes_clk_1 rise edge)
                                                      0.000     0.000 r  
    AD12                                              0.000     0.000 r  sys_clk_p (IN)
                         net (fo=0)                   0.000     0.000    i_ddr/u_xlnx_mig_7_ddr3_mig/u_ddr3_clk_ibuf/sys_clk_p
    AD12                 IBUFDS (Prop_ibufds_I_O)     0.832     0.832 r  i_ddr/u_xlnx_mig_7_ddr3_mig/u_ddr3_clk_ibuf/diff_input_clk.u_ibufg_sys_clk/O
                         net (fo=3, routed)           1.098     1.930    i_ddr/u_xlnx_mig_7_ddr3_mig/u_ddr3_infrastructure/out
    PLLE2_ADV_X1Y1       PLLE2_ADV (Prop_plle2_adv_CLKIN1_CLKOUT1)
                                                      0.077     2.007 r  i_ddr/u_xlnx_mig_7_ddr3_mig/u_ddr3_infrastructure/plle2_i/CLKOUT1
                         net (fo=14, routed)          1.188     3.195    i_ddr/u_xlnx_mig_7_ddr3_mig/u_memc_ui_top_axi/mem_intfc0/ddr_phy_top0/u_ddr_mc_phy_wrapper/u_ddr_mc_phy/ddr_phy_4lanes_0.u_ddr_phy_4lanes/ddr_byte_lane_B.ddr_byte_lane_B/mem_refclk
    PHASER_OUT_PHY_X1Y9  PHASER_OUT_PHY (Prop_phaser_out_phy_MEMREFCLK_OCLK)
                                                      2.083     5.278 r  i_ddr/u_xlnx_mig_7_ddr3_mig/u_memc_ui_top_axi/mem_intfc0/ddr_phy_top0/u_ddr_mc_phy_wrapper/u_ddr_mc_phy/ddr_phy_4lanes_0.u_ddr_phy_4lanes/ddr_byte_lane_B.ddr_byte_lane_B/phaser_out/OCLK
  -------------------------------------------------------------------    -------------------
    PHASER_OUT_PHY_X1Y9  PHASER_OUT_PHY (Prop_phaser_out_phy_OCLK_OSERDESRST)
                                                      0.466     5.744 r  i_ddr/u_xlnx_mig_7_ddr3_mig/u_memc_ui_top_axi/mem_intfc0/ddr_phy_top0/u_ddr_mc_phy_wrapper/u_ddr_mc_phy/ddr_phy_4lanes_0.u_ddr_phy_4lanes/ddr_byte_lane_B.ddr_byte_lane_B/phaser_out/OSERDESRST
                         net (fo=10, routed)          1.537     7.281    i_ddr/u_xlnx_mig_7_ddr3_mig/u_memc_ui_top_axi/mem_intfc0/ddr_phy_top0/u_ddr_mc_phy_wrapper/u_ddr_mc_phy/ddr_phy_4lanes_0.u_ddr_phy_4lanes/ddr_byte_lane_B.ddr_byte_lane_B/ddr_byte_group_io/po_oserdes_rst
    OLOGIC_X1Y119        OSERDESE2                                    r  i_ddr/u_xlnx_mig_7_ddr3_mig/u_memc_ui_top_axi/mem_intfc0/ddr_phy_top0/u_ddr_mc_phy_wrapper/u_ddr_mc_phy/ddr_phy_4lanes_0.u_ddr_phy_4lanes/ddr_byte_lane_B.ddr_byte_lane_B/ddr_byte_group_io/slave_ts.oserdes_slave_ts/RST
  -------------------------------------------------------------------    -------------------

                         (clock oserdes_clkdiv_1 rise edge)
                                                      2.500     2.500 r  
    AD12                                              0.000     2.500 r  sys_clk_p (IN)
                         net (fo=0)                   0.000     2.500    i_ddr/u_xlnx_mig_7_ddr3_mig/u_ddr3_clk_ibuf/sys_clk_p
    AD12                 IBUFDS (Prop_ibufds_I_O)     0.735     3.235 r  i_ddr/u_xlnx_mig_7_ddr3_mig/u_ddr3_clk_ibuf/diff_input_clk.u_ibufg_sys_clk/O
                         net (fo=3, routed)           1.001     4.236    i_ddr/u_xlnx_mig_7_ddr3_mig/u_ddr3_infrastructure/out
    PLLE2_ADV_X1Y1       PLLE2_ADV (Prop_plle2_adv_CLKIN1_CLKOUT1)
                                                      0.073     4.309 r  i_ddr/u_xlnx_mig_7_ddr3_mig/u_ddr3_infrastructure/plle2_i/CLKOUT1
                         net (fo=14, routed)          1.061     5.370    i_ddr/u_xlnx_mig_7_ddr3_mig/u_memc_ui_top_axi/mem_intfc0/ddr_phy_top0/u_ddr_mc_phy_wrapper/u_ddr_mc_phy/ddr_phy_4lanes_0.u_ddr_phy_4lanes/ddr_byte_lane_B.ddr_byte_lane_B/mem_refclk
    PHASER_OUT_PHY_X1Y9  PHASER_OUT_PHY (Prop_phaser_out_phy_MEMREFCLK_OCLK)
                                                      2.027     7.397 r  i_ddr/u_xlnx_mig_7_ddr3_mig/u_memc_ui_top_axi/mem_intfc0/ddr_phy_top0/u_ddr_mc_phy_wrapper/u_ddr_mc_phy/ddr_phy_4lanes_0.u_ddr_phy_4lanes/ddr_byte_lane_B.ddr_byte_lane_B/phaser_out/OCLK
    PHASER_OUT_PHY_X1Y9  PHASER_OUT_PHY (Prop_phaser_out_phy_OCLK_OCLKDIV)
                                                      0.133     7.530 r  i_ddr/u_xlnx_mig_7_ddr3_mig/u_memc_ui_top_axi/mem_intfc0/ddr_phy_top0/u_ddr_mc_phy_wrapper/u_ddr_mc_phy/ddr_phy_4lanes_0.u_ddr_phy_4lanes/ddr_byte_lane_B.ddr_byte_lane_B/phaser_out/OCLKDIV
                         net (fo=11, routed)          0.289     7.819    i_ddr/u_xlnx_mig_7_ddr3_mig/u_memc_ui_top_axi/mem_intfc0/ddr_phy_top0/u_ddr_mc_phy_wrapper/u_ddr_mc_phy/ddr_phy_4lanes_0.u_ddr_phy_4lanes/ddr_byte_lane_B.ddr_byte_lane_B/ddr_byte_group_io/oserdes_clkdiv
    OLOGIC_X1Y119        OSERDESE2                                    r  i_ddr/u_xlnx_mig_7_ddr3_mig/u_memc_ui_top_axi/mem_intfc0/ddr_phy_top0/u_ddr_mc_phy_wrapper/u_ddr_mc_phy/ddr_phy_4lanes_0.u_ddr_phy_4lanes/ddr_byte_lane_B.ddr_byte_lane_B/ddr_byte_group_io/slave_ts.oserdes_slave_ts/CLKDIV
                         clock pessimism              0.380     8.200    
                         clock uncertainty           -0.047     8.153    
    OLOGIC_X1Y119        OSERDESE2 (Setup_oserdese2_CLKDIV_RST)
                                                     -0.453     7.700    i_ddr/u_xlnx_mig_7_ddr3_mig/u_memc_ui_top_axi/mem_intfc0/ddr_phy_top0/u_ddr_mc_phy_wrapper/u_ddr_mc_phy/ddr_phy_4lanes_0.u_ddr_phy_4lanes/ddr_byte_lane_B.ddr_byte_lane_B/ddr_byte_group_io/slave_ts.oserdes_slave_ts
  -------------------------------------------------------------------
                         required time                          7.700    
                         arrival time                          -7.281    
  -------------------------------------------------------------------
                         slack                                  0.419    

Slack (MET) :             0.505ns  (required time - arrival time)
  Source:                 i_ddr/u_xlnx_mig_7_ddr3_mig/u_memc_ui_top_axi/mem_intfc0/ddr_phy_top0/u_ddr_mc_phy_wrapper/u_ddr_mc_phy/ddr_phy_4lanes_1.u_ddr_phy_4lanes/ddr_byte_lane_A.ddr_byte_lane_A/phaser_out/OCLK
                            (rising edge-triggered cell PHASER_OUT_PHY clocked by oserdes_clk_4  {rise@0.000ns fall@0.625ns period=1.250ns})
  Destination:            i_ddr/u_xlnx_mig_7_ddr3_mig/u_memc_ui_top_axi/mem_intfc0/ddr_phy_top0/u_ddr_mc_phy_wrapper/u_ddr_mc_phy/ddr_phy_4lanes_1.u_ddr_phy_4lanes/ddr_byte_lane_A.ddr_byte_lane_A/out_fifo/RDEN
                            (rising edge-triggered cell OUT_FIFO clocked by oserdes_clkdiv_4  {rise@0.000ns fall@2.500ns period=5.000ns})
  Path Group:             oserdes_clkdiv_4
  Path Type:              Setup (Max at Slow Process Corner)
  Requirement:            1.250ns  (oserdes_clkdiv_4 rise@5.000ns - oserdes_clk_4 rise@3.750ns)
  Data Path Delay:        0.301ns  (logic 0.301ns (100.000%)  route 0.000ns (0.000%))
  Logic Levels:           0  
  Clock Path Skew:        0.133ns (DCD - SCD + CPR)
    Destination Clock Delay (DCD):    4.829ns = ( 9.829 - 5.000 ) 
    Source Clock Delay      (SCD):    5.052ns = ( 8.802 - 3.750 ) 
    Clock Pessimism Removal (CPR):    0.355ns
  Clock Uncertainty:      0.047ns  ((TSJ^2 + DJ^2)^1/2) / 2 + PE
    Total System Jitter     (TSJ):    0.071ns
    Discrete Jitter          (DJ):    0.061ns
    Phase Error              (PE):    0.000ns

    Location             Delay type                Incr(ns)  Path(ns)    Netlist Resource(s)
  -------------------------------------------------------------------    -------------------
                         (clock oserdes_clk_4 rise edge)
                                                      3.750     3.750 r  
    AD12                                              0.000     3.750 r  sys_clk_p (IN)
                         net (fo=0)                   0.000     3.750    i_ddr/u_xlnx_mig_7_ddr3_mig/u_ddr3_clk_ibuf/sys_clk_p
    AD12                 IBUFDS (Prop_ibufds_I_O)     0.832     4.582 r  i_ddr/u_xlnx_mig_7_ddr3_mig/u_ddr3_clk_ibuf/diff_input_clk.u_ibufg_sys_clk/O
                         net (fo=3, routed)           1.098     5.680    i_ddr/u_xlnx_mig_7_ddr3_mig/u_ddr3_infrastructure/out
    PLLE2_ADV_X1Y1       PLLE2_ADV (Prop_plle2_adv_CLKIN1_CLKOUT1)
                                                      0.077     5.757 r  i_ddr/u_xlnx_mig_7_ddr3_mig/u_ddr3_infrastructure/plle2_i/CLKOUT1
                         net (fo=14, routed)          0.962     6.719    i_ddr/u_xlnx_mig_7_ddr3_mig/u_memc_ui_top_axi/mem_intfc0/ddr_phy_top0/u_ddr_mc_phy_wrapper/u_ddr_mc_phy/ddr_phy_4lanes_1.u_ddr_phy_4lanes/ddr_byte_lane_A.ddr_byte_lane_A/mem_refclk
    PHASER_OUT_PHY_X1Y4  PHASER_OUT_PHY (Prop_phaser_out_phy_MEMREFCLK_OCLK)
                                                      2.083     8.802 r  i_ddr/u_xlnx_mig_7_ddr3_mig/u_memc_ui_top_axi/mem_intfc0/ddr_phy_top0/u_ddr_mc_phy_wrapper/u_ddr_mc_phy/ddr_phy_4lanes_1.u_ddr_phy_4lanes/ddr_byte_lane_A.ddr_byte_lane_A/phaser_out/OCLK
  -------------------------------------------------------------------    -------------------
    PHASER_OUT_PHY_X1Y4  PHASER_OUT_PHY (Prop_phaser_out_phy_OCLK_RDENABLE)
                                                      0.301     9.103 r  i_ddr/u_xlnx_mig_7_ddr3_mig/u_memc_ui_top_axi/mem_intfc0/ddr_phy_top0/u_ddr_mc_phy_wrapper/u_ddr_mc_phy/ddr_phy_4lanes_1.u_ddr_phy_4lanes/ddr_byte_lane_A.ddr_byte_lane_A/phaser_out/RDENABLE
                         net (fo=1, routed)           0.000     9.103    i_ddr/u_xlnx_mig_7_ddr3_mig/u_memc_ui_top_axi/mem_intfc0/ddr_phy_top0/u_ddr_mc_phy_wrapper/u_ddr_mc_phy/ddr_phy_4lanes_1.u_ddr_phy_4lanes/ddr_byte_lane_A.ddr_byte_lane_A/po_rd_enable
    OUT_FIFO_X1Y4        OUT_FIFO                                     r  i_ddr/u_xlnx_mig_7_ddr3_mig/u_memc_ui_top_axi/mem_intfc0/ddr_phy_top0/u_ddr_mc_phy_wrapper/u_ddr_mc_phy/ddr_phy_4lanes_1.u_ddr_phy_4lanes/ddr_byte_lane_A.ddr_byte_lane_A/out_fifo/RDEN
  -------------------------------------------------------------------    -------------------

                         (clock oserdes_clkdiv_4 rise edge)
                                                      5.000     5.000 r  
    AD12                                              0.000     5.000 r  sys_clk_p (IN)
                         net (fo=0)                   0.000     5.000    i_ddr/u_xlnx_mig_7_ddr3_mig/u_ddr3_clk_ibuf/sys_clk_p
    AD12                 IBUFDS (Prop_ibufds_I_O)     0.735     5.735 r  i_ddr/u_xlnx_mig_7_ddr3_mig/u_ddr3_clk_ibuf/diff_input_clk.u_ibufg_sys_clk/O
                         net (fo=3, routed)           1.001     6.736    i_ddr/u_xlnx_mig_7_ddr3_mig/u_ddr3_infrastructure/out
    PLLE2_ADV_X1Y1       PLLE2_ADV (Prop_plle2_adv_CLKIN1_CLKOUT1)
                                                      0.073     6.809 r  i_ddr/u_xlnx_mig_7_ddr3_mig/u_ddr3_infrastructure/plle2_i/CLKOUT1
                         net (fo=14, routed)          0.860     7.669    i_ddr/u_xlnx_mig_7_ddr3_mig/u_memc_ui_top_axi/mem_intfc0/ddr_phy_top0/u_ddr_mc_phy_wrapper/u_ddr_mc_phy/ddr_phy_4lanes_1.u_ddr_phy_4lanes/ddr_byte_lane_A.ddr_byte_lane_A/mem_refclk
    PHASER_OUT_PHY_X1Y4  PHASER_OUT_PHY (Prop_phaser_out_phy_MEMREFCLK_OCLK)
                                                      2.027     9.696 r  i_ddr/u_xlnx_mig_7_ddr3_mig/u_memc_ui_top_axi/mem_intfc0/ddr_phy_top0/u_ddr_mc_phy_wrapper/u_ddr_mc_phy/ddr_phy_4lanes_1.u_ddr_phy_4lanes/ddr_byte_lane_A.ddr_byte_lane_A/phaser_out/OCLK
    PHASER_OUT_PHY_X1Y4  PHASER_OUT_PHY (Prop_phaser_out_phy_OCLK_OCLKDIV)
                                                      0.133     9.829 r  i_ddr/u_xlnx_mig_7_ddr3_mig/u_memc_ui_top_axi/mem_intfc0/ddr_phy_top0/u_ddr_mc_phy_wrapper/u_ddr_mc_phy/ddr_phy_4lanes_1.u_ddr_phy_4lanes/ddr_byte_lane_A.ddr_byte_lane_A/phaser_out/OCLKDIV
                         net (fo=3, routed)           0.000     9.829    i_ddr/u_xlnx_mig_7_ddr3_mig/u_memc_ui_top_axi/mem_intfc0/ddr_phy_top0/u_ddr_mc_phy_wrapper/u_ddr_mc_phy/ddr_phy_4lanes_1.u_ddr_phy_4lanes/ddr_byte_lane_A.ddr_byte_lane_A/oserdes_clkdiv
    OUT_FIFO_X1Y4        OUT_FIFO                                     r  i_ddr/u_xlnx_mig_7_ddr3_mig/u_memc_ui_top_axi/mem_intfc0/ddr_phy_top0/u_ddr_mc_phy_wrapper/u_ddr_mc_phy/ddr_phy_4lanes_1.u_ddr_phy_4lanes/ddr_byte_lane_A.ddr_byte_lane_A/out_fifo/RDCLK
                         clock pessimism              0.355    10.185    
                         clock uncertainty           -0.047    10.138    
    OUT_FIFO_X1Y4        OUT_FIFO (Setup_out_fifo_RDCLK_RDEN)
                                                     -0.530     9.608    i_ddr/u_xlnx_mig_7_ddr3_mig/u_memc_ui_top_axi/mem_intfc0/ddr_phy_top0/u_ddr_mc_phy_wrapper/u_ddr_mc_phy/ddr_phy_4lanes_1.u_ddr_phy_4lanes/ddr_byte_lane_A.ddr_byte_lane_A/out_fifo
  -------------------------------------------------------------------
                         required time                          9.608    
                         arrival time                          -9.103    
  -------------------------------------------------------------------
                         slack                                  0.505    

Slack (MET) :             0.505ns  (required time - arrival time)
  Source:                 i_ddr/u_xlnx_mig_7_ddr3_mig/u_memc_ui_top_axi/mem_intfc0/ddr_phy_top0/u_ddr_mc_phy_wrapper/u_ddr_mc_phy/ddr_phy_4lanes_1.u_ddr_phy_4lanes/ddr_byte_lane_B.ddr_byte_lane_B/phaser_out/OCLK
                            (rising edge-triggered cell PHASER_OUT_PHY clocked by oserdes_clk_5  {rise@0.000ns fall@0.625ns period=1.250ns})
  Destination:            i_ddr/u_xlnx_mig_7_ddr3_mig/u_memc_ui_top_axi/mem_intfc0/ddr_phy_top0/u_ddr_mc_phy_wrapper/u_ddr_mc_phy/ddr_phy_4lanes_1.u_ddr_phy_4lanes/ddr_byte_lane_B.ddr_byte_lane_B/out_fifo/RDEN
                            (rising edge-triggered cell OUT_FIFO clocked by oserdes_clkdiv_5  {rise@0.000ns fall@2.500ns period=5.000ns})
  Path Group:             oserdes_clkdiv_5
  Path Type:              Setup (Max at Slow Process Corner)
  Requirement:            1.250ns  (oserdes_clkdiv_5 rise@5.000ns - oserdes_clk_5 rise@3.750ns)
  Data Path Delay:        0.301ns  (logic 0.301ns (100.000%)  route 0.000ns (0.000%))
  Logic Levels:           0  
  Clock Path Skew:        0.133ns (DCD - SCD + CPR)
    Destination Clock Delay (DCD):    4.820ns = ( 9.820 - 5.000 ) 
    Source Clock Delay      (SCD):    5.042ns = ( 8.792 - 3.750 ) 
    Clock Pessimism Removal (CPR):    0.354ns
  Clock Uncertainty:      0.047ns  ((TSJ^2 + DJ^2)^1/2) / 2 + PE
    Total System Jitter     (TSJ):    0.071ns
    Discrete Jitter          (DJ):    0.061ns
    Phase Error              (PE):    0.000ns

    Location             Delay type                Incr(ns)  Path(ns)    Netlist Resource(s)
  -------------------------------------------------------------------    -------------------
                         (clock oserdes_clk_5 rise edge)
                                                      3.750     3.750 r  
    AD12                                              0.000     3.750 r  sys_clk_p (IN)
                         net (fo=0)                   0.000     3.750    i_ddr/u_xlnx_mig_7_ddr3_mig/u_ddr3_clk_ibuf/sys_clk_p
    AD12                 IBUFDS (Prop_ibufds_I_O)     0.832     4.582 r  i_ddr/u_xlnx_mig_7_ddr3_mig/u_ddr3_clk_ibuf/diff_input_clk.u_ibufg_sys_clk/O
                         net (fo=3, routed)           1.098     5.680    i_ddr/u_xlnx_mig_7_ddr3_mig/u_ddr3_infrastructure/out
    PLLE2_ADV_X1Y1       PLLE2_ADV (Prop_plle2_adv_CLKIN1_CLKOUT1)
                                                      0.077     5.757 r  i_ddr/u_xlnx_mig_7_ddr3_mig/u_ddr3_infrastructure/plle2_i/CLKOUT1
                         net (fo=14, routed)          0.952     6.709    i_ddr/u_xlnx_mig_7_ddr3_mig/u_memc_ui_top_axi/mem_intfc0/ddr_phy_top0/u_ddr_mc_phy_wrapper/u_ddr_mc_phy/ddr_phy_4lanes_1.u_ddr_phy_4lanes/ddr_byte_lane_B.ddr_byte_lane_B/mem_refclk
    PHASER_OUT_PHY_X1Y5  PHASER_OUT_PHY (Prop_phaser_out_phy_MEMREFCLK_OCLK)
                                                      2.083     8.792 r  i_ddr/u_xlnx_mig_7_ddr3_mig/u_memc_ui_top_axi/mem_intfc0/ddr_phy_top0/u_ddr_mc_phy_wrapper/u_ddr_mc_phy/ddr_phy_4lanes_1.u_ddr_phy_4lanes/ddr_byte_lane_B.ddr_byte_lane_B/phaser_out/OCLK
  -------------------------------------------------------------------    -------------------
    PHASER_OUT_PHY_X1Y5  PHASER_OUT_PHY (Prop_phaser_out_phy_OCLK_RDENABLE)
                                                      0.301     9.093 r  i_ddr/u_xlnx_mig_7_ddr3_mig/u_memc_ui_top_axi/mem_intfc0/ddr_phy_top0/u_ddr_mc_phy_wrapper/u_ddr_mc_phy/ddr_phy_4lanes_1.u_ddr_phy_4lanes/ddr_byte_lane_B.ddr_byte_lane_B/phaser_out/RDENABLE
                         net (fo=1, routed)           0.000     9.093    i_ddr/u_xlnx_mig_7_ddr3_mig/u_memc_ui_top_axi/mem_intfc0/ddr_phy_top0/u_ddr_mc_phy_wrapper/u_ddr_mc_phy/ddr_phy_4lanes_1.u_ddr_phy_4lanes/ddr_byte_lane_B.ddr_byte_lane_B/po_rd_enable
    OUT_FIFO_X1Y5        OUT_FIFO                                     r  i_ddr/u_xlnx_mig_7_ddr3_mig/u_memc_ui_top_axi/mem_intfc0/ddr_phy_top0/u_ddr_mc_phy_wrapper/u_ddr_mc_phy/ddr_phy_4lanes_1.u_ddr_phy_4lanes/ddr_byte_lane_B.ddr_byte_lane_B/out_fifo/RDEN
  -------------------------------------------------------------------    -------------------

                         (clock oserdes_clkdiv_5 rise edge)
                                                      5.000     5.000 r  
    AD12                                              0.000     5.000 r  sys_clk_p (IN)
                         net (fo=0)                   0.000     5.000    i_ddr/u_xlnx_mig_7_ddr3_mig/u_ddr3_clk_ibuf/sys_clk_p
    AD12                 IBUFDS (Prop_ibufds_I_O)     0.735     5.735 r  i_ddr/u_xlnx_mig_7_ddr3_mig/u_ddr3_clk_ibuf/diff_input_clk.u_ibufg_sys_clk/O
                         net (fo=3, routed)           1.001     6.736    i_ddr/u_xlnx_mig_7_ddr3_mig/u_ddr3_infrastructure/out
    PLLE2_ADV_X1Y1       PLLE2_ADV (Prop_plle2_adv_CLKIN1_CLKOUT1)
                                                      0.073     6.809 r  i_ddr/u_xlnx_mig_7_ddr3_mig/u_ddr3_infrastructure/plle2_i/CLKOUT1
                         net (fo=14, routed)          0.851     7.660    i_ddr/u_xlnx_mig_7_ddr3_mig/u_memc_ui_top_axi/mem_intfc0/ddr_phy_top0/u_ddr_mc_phy_wrapper/u_ddr_mc_phy/ddr_phy_4lanes_1.u_ddr_phy_4lanes/ddr_byte_lane_B.ddr_byte_lane_B/mem_refclk
    PHASER_OUT_PHY_X1Y5  PHASER_OUT_PHY (Prop_phaser_out_phy_MEMREFCLK_OCLK)
                                                      2.027     9.687 r  i_ddr/u_xlnx_mig_7_ddr3_mig/u_memc_ui_top_axi/mem_intfc0/ddr_phy_top0/u_ddr_mc_phy_wrapper/u_ddr_mc_phy/ddr_phy_4lanes_1.u_ddr_phy_4lanes/ddr_byte_lane_B.ddr_byte_lane_B/phaser_out/OCLK
    PHASER_OUT_PHY_X1Y5  PHASER_OUT_PHY (Prop_phaser_out_phy_OCLK_OCLKDIV)
                                                      0.133     9.820 r  i_ddr/u_xlnx_mig_7_ddr3_mig/u_memc_ui_top_axi/mem_intfc0/ddr_phy_top0/u_ddr_mc_phy_wrapper/u_ddr_mc_phy/ddr_phy_4lanes_1.u_ddr_phy_4lanes/ddr_byte_lane_B.ddr_byte_lane_B/phaser_out/OCLKDIV
                         net (fo=4, routed)           0.000     9.820    i_ddr/u_xlnx_mig_7_ddr3_mig/u_memc_ui_top_axi/mem_intfc0/ddr_phy_top0/u_ddr_mc_phy_wrapper/u_ddr_mc_phy/ddr_phy_4lanes_1.u_ddr_phy_4lanes/ddr_byte_lane_B.ddr_byte_lane_B/oserdes_clkdiv
    OUT_FIFO_X1Y5        OUT_FIFO                                     r  i_ddr/u_xlnx_mig_7_ddr3_mig/u_memc_ui_top_axi/mem_intfc0/ddr_phy_top0/u_ddr_mc_phy_wrapper/u_ddr_mc_phy/ddr_phy_4lanes_1.u_ddr_phy_4lanes/ddr_byte_lane_B.ddr_byte_lane_B/out_fifo/RDCLK
                         clock pessimism              0.354    10.175    
                         clock uncertainty           -0.047    10.128    
    OUT_FIFO_X1Y5        OUT_FIFO (Setup_out_fifo_RDCLK_RDEN)
                                                     -0.530     9.598    i_ddr/u_xlnx_mig_7_ddr3_mig/u_memc_ui_top_axi/mem_intfc0/ddr_phy_top0/u_ddr_mc_phy_wrapper/u_ddr_mc_phy/ddr_phy_4lanes_1.u_ddr_phy_4lanes/ddr_byte_lane_B.ddr_byte_lane_B/out_fifo
  -------------------------------------------------------------------
                         required time                          9.598    
                         arrival time                          -9.093    
  -------------------------------------------------------------------
                         slack                                  0.505    

Slack (MET) :             0.690ns  (required time - arrival time)
  Source:                 i_ariane/i_cva6/ex_stage_i/lsu_i/lsu_bypass_i/status_cnt_q_reg[1]/C
                            (rising edge-triggered cell FDCE clocked by clk_out1_xlnx_clk_gen  {rise@0.000ns fall@10.000ns period=20.000ns})
  Destination:            i_ariane/i_cva6/issue_stage_i/i_scoreboard/mem_q_reg[6][sbe][result][12]/CE
                            (rising edge-triggered cell FDCE clocked by clk_out1_xlnx_clk_gen  {rise@0.000ns fall@10.000ns period=20.000ns})
  Path Group:             clk_out1_xlnx_clk_gen
  Path Type:              Setup (Max at Slow Process Corner)
  Requirement:            20.000ns  (clk_out1_xlnx_clk_gen rise@20.000ns - clk_out1_xlnx_clk_gen rise@0.000ns)
  Data Path Delay:        18.874ns  (logic 2.261ns (11.979%)  route 16.613ns (88.021%))
  Logic Levels:           32  (CARRY4=2 LUT2=4 LUT3=1 LUT4=6 LUT5=7 LUT6=12)
  Clock Path Skew:        -0.181ns (DCD - SCD + CPR)
    Destination Clock Delay (DCD):    1.260ns = ( 21.260 - 20.000 ) 
    Source Clock Delay      (SCD):    1.456ns
    Clock Pessimism Removal (CPR):    0.015ns
  Clock Uncertainty:      0.076ns  ((TSJ^2 + DJ^2)^1/2) / 2 + PE
    Total System Jitter     (TSJ):    0.071ns
    Discrete Jitter          (DJ):    0.135ns
    Phase Error              (PE):    0.000ns

    Location             Delay type                Incr(ns)  Path(ns)    Netlist Resource(s)
  -------------------------------------------------------------------    -------------------
                         (clock clk_out1_xlnx_clk_gen rise edge)
                                                      0.000     0.000 r  
    BUFGCTRL_X0Y1        BUFG                         0.000     0.000 r  i_ddr/u_xlnx_mig_7_ddr3_mig/u_ddr3_infrastructure/u_bufg_clkdiv0/O
                         net (fo=11269, routed)       1.936     1.936    i_xlnx_clk_gen/inst/clk_in1
    MMCME2_ADV_X1Y0      MMCME2_ADV (Prop_mmcme2_adv_CLKIN1_CLKOUT0)
                                                     -4.498    -2.562 r  i_xlnx_clk_gen/inst/mmcm_adv_inst/CLKOUT0
                         net (fo=1, routed)           2.469    -0.093    i_xlnx_clk_gen/inst/clk_out1_xlnx_clk_gen
    BUFGCTRL_X0Y0        BUFG (Prop_bufg_I_O)         0.093    -0.000 r  i_xlnx_clk_gen/inst/clkout1_buf/O
                         net (fo=27571, routed)       1.456     1.456    i_ariane/i_cva6/ex_stage_i/lsu_i/lsu_bypass_i/clk_out1
    SLICE_X44Y101        FDCE                                         r  i_ariane/i_cva6/ex_stage_i/lsu_i/lsu_bypass_i/status_cnt_q_reg[1]/C
  -------------------------------------------------------------------    -------------------
    SLICE_X44Y101        FDCE (Prop_fdce_C_Q)         0.223     1.679 f  i_ariane/i_cva6/ex_stage_i/lsu_i/lsu_bypass_i/status_cnt_q_reg[1]/Q
                         net (fo=38, routed)          0.400     2.079    i_ariane/i_cva6/ex_stage_i/lsu_i/lsu_bypass_i/status_cnt_q[1]
    SLICE_X43Y100        LUT2 (Prop_lut2_I0_O)        0.043     2.122 r  i_ariane/i_cva6/ex_stage_i/lsu_i/lsu_bypass_i/i___36_i_2/O
                         net (fo=116, routed)         0.527     2.649    i_ariane/i_cva6/ex_stage_i/lsu_i/lsu_bypass_i/status_cnt_q_reg[1]_0
    SLICE_X43Y106        LUT6 (Prop_lut6_I3_O)        0.043     2.692 r  i_ariane/i_cva6/ex_stage_i/lsu_i/lsu_bypass_i/ldbuf_q[0][operation][2]_i_1/O
                         net (fo=21, routed)          0.965     3.657    i_ariane/i_cva6/ex_stage_i/lsu_i/lsu_bypass_i/read_pointer_q_reg_17
    SLICE_X44Y100        LUT5 (Prop_lut5_I2_O)        0.052     3.709 r  i_ariane/i_cva6/ex_stage_i/lsu_i/lsu_bypass_i/i___15_i_8__0/O
                         net (fo=1, routed)           0.476     4.185    i_ariane/i_cva6/ex_stage_i/lsu_i/lsu_bypass_i/i___15_i_8__0_n_0
    SLICE_X44Y100        LUT6 (Prop_lut6_I1_O)        0.136     4.321 r  i_ariane/i_cva6/ex_stage_i/lsu_i/lsu_bypass_i/i___15_i_5__0/O
                         net (fo=1, routed)           0.346     4.667    i_ariane/i_cva6/ex_stage_i/lsu_i/lsu_bypass_i/i___15_i_5__0_n_0
    SLICE_X45Y100        LUT6 (Prop_lut6_I3_O)        0.043     4.710 r  i_ariane/i_cva6/ex_stage_i/lsu_i/lsu_bypass_i/i___15_i_4__1/O
                         net (fo=2, routed)           0.412     5.123    i_ariane/i_cva6/ex_stage_i/lsu_i/lsu_bypass_i/i___15_i_4__1_n_0
    SLICE_X45Y96         LUT4 (Prop_lut4_I3_O)        0.043     5.166 r  i_ariane/i_cva6/ex_stage_i/lsu_i/lsu_bypass_i/i___15_i_3__1/O
                         net (fo=73, routed)          1.069     6.235    i_ariane/i_cva6/ex_stage_i/lsu_i/gen_mmu.i_cva6_mmu/speculative_queue_q_reg[2][address][21]
    SLICE_X45Y67         LUT5 (Prop_lut5_I2_O)        0.043     6.278 r  i_ariane/i_cva6/ex_stage_i/lsu_i/gen_mmu.i_cva6_mmu/i___38_i_2__0/O
                         net (fo=88, routed)          0.623     6.901    i_ariane/i_cva6/ex_stage_i/lsu_i/gen_mmu.i_cva6_mmu/D[20]
    SLICE_X50Y68         LUT2 (Prop_lut2_I0_O)        0.051     6.952 r  i_ariane/i_cva6/ex_stage_i/lsu_i/gen_mmu.i_cva6_mmu/i___41_i_1190/O
                         net (fo=1, routed)           0.520     7.472    i_ariane/i_cva6/ex_stage_i/lsu_i/gen_mmu.i_cva6_mmu/i___41_i_1190_n_0
    SLICE_X44Y66         LUT6 (Prop_lut6_I5_O)        0.134     7.606 r  i_ariane/i_cva6/ex_stage_i/lsu_i/gen_mmu.i_cva6_mmu/i___41_i_740/O
                         net (fo=1, routed)           0.000     7.606    i_ariane/i_cva6/ex_stage_i/lsu_i/i_pmp_data_if/i_pmp_data/i___41_i_100_1[2]
    SLICE_X44Y66         CARRY4 (Prop_carry4_S[2]_CO[3])
                                                      0.195     7.801 r  i_ariane/i_cva6/ex_stage_i/lsu_i/i_pmp_data_if/i_pmp_data/i___41_i_317/CO[3]
                         net (fo=1, routed)           0.000     7.801    i_ariane/i_cva6/ex_stage_i/lsu_i/i_pmp_data_if/i_pmp_data/i___41_i_317_n_0
    SLICE_X44Y67         CARRY4 (Prop_carry4_CI_CO[3])
                                                      0.053     7.854 r  i_ariane/i_cva6/ex_stage_i/lsu_i/i_pmp_data_if/i_pmp_data/i___41_i_100/CO[3]
                         net (fo=1, routed)           0.963     8.817    i_ariane/i_cva6/ex_stage_i/lsu_i/i_pmp_data_if/i_pmp_data/i___41_i_100_n_0
    SLICE_X44Y85         LUT6 (Prop_lut6_I4_O)        0.043     8.860 r  i_ariane/i_cva6/ex_stage_i/lsu_i/i_pmp_data_if/i_pmp_data/i___41_i_42/O
                         net (fo=4, routed)           0.432     9.292    i_ariane/i_cva6/ex_stage_i/lsu_i/i_pmp_data_if/i_pmp_data/pmpcfg_q_reg[2][addr_mode][1]
    SLICE_X42Y87         LUT5 (Prop_lut5_I4_O)        0.043     9.335 f  i_ariane/i_cva6/ex_stage_i/lsu_i/i_pmp_data_if/i_pmp_data/i___41_i_13/O
                         net (fo=2, routed)           0.320     9.655    i_ariane/i_cva6/csr_regfile_i/i___41_i_3
    SLICE_X43Y89         LUT6 (Prop_lut6_I4_O)        0.043     9.698 f  i_ariane/i_cva6/csr_regfile_i/i___41_i_10/O
                         net (fo=1, routed)           0.346    10.045    i_ariane/i_cva6/ex_stage_i/lsu_i/i_pmp_data_if/i_pmp_data/gen_register.d_o_reg[68]
    SLICE_X43Y89         LUT6 (Prop_lut6_I4_O)        0.043    10.088 f  i_ariane/i_cva6/ex_stage_i/lsu_i/i_pmp_data_if/i_pmp_data/i___41_i_3/O
                         net (fo=39, routed)          0.561    10.649    i_ariane/i_cva6/ex_stage_i/lsu_i/gen_mmu.i_cva6_mmu/i_ptw/data_allow_o
    SLICE_X48Y95         LUT2 (Prop_lut2_I1_O)        0.052    10.701 r  i_ariane/i_cva6/ex_stage_i/lsu_i/gen_mmu.i_cva6_mmu/i_ptw/state_q[3]_i_7/O
                         net (fo=3, routed)           0.245    10.946    i_ariane/i_cva6/ex_stage_i/lsu_i/i_load_unit/lsu_exception_o1
    SLICE_X48Y95         LUT6 (Prop_lut6_I2_O)        0.136    11.082 r  i_ariane/i_cva6/ex_stage_i/lsu_i/i_load_unit/gen_register.d_o[167]_i_2/O
                         net (fo=2, routed)           1.105    12.187    i_ariane/i_cva6/gen_cache_hpd.i_cache_subsystem/i_dcache/i_hpdcache/hpdcache_ctrl_i/hpdcache_rtab_i/st1_req_q[op][4]_i_4
    SLICE_X54Y62         LUT5 (Prop_lut5_I4_O)        0.043    12.230 r  i_ariane/i_cva6/gen_cache_hpd.i_cache_subsystem/i_dcache/i_hpdcache/hpdcache_ctrl_i/hpdcache_rtab_i/data_rvalid_q_i_9/O
                         net (fo=6, routed)           0.518    12.748    i_ariane/i_cva6/gen_cache_hpd.i_cache_subsystem/i_dcache/i_hpdcache/hpdcache_ctrl_i/hpdcache_memctrl_i/gen_dir_sram[6].dir_sram/ram_i/SyncSpRam_i/data_rvalid_q_reg_2
    SLICE_X58Y73         LUT6 (Prop_lut6_I3_O)        0.043    12.791 r  i_ariane/i_cva6/gen_cache_hpd.i_cache_subsystem/i_dcache/i_hpdcache/hpdcache_ctrl_i/hpdcache_memctrl_i/gen_dir_sram[6].dir_sram/ram_i/SyncSpRam_i/data_rvalid_q_i_3/O
                         net (fo=2, routed)           0.592    13.383    i_ariane/i_cva6/gen_cache_hpd.i_cache_subsystem/i_dcache/i_hpdcache/hpdcache_uc_i/core_rsp_valid
    SLICE_X58Y84         LUT6 (Prop_lut6_I0_O)        0.043    13.426 r  i_ariane/i_cva6/gen_cache_hpd.i_cache_subsystem/i_dcache/i_hpdcache/hpdcache_uc_i/i___25_i_3/O
                         net (fo=38, routed)          0.851    14.277    i_ariane/i_cva6/issue_stage_i/i_scoreboard/amo_resp[ack]
    SLICE_X60Y105        LUT5 (Prop_lut5_I0_O)        0.043    14.320 r  i_ariane/i_cva6/issue_stage_i/i_scoreboard/i___15_i_11/O
                         net (fo=2, routed)           0.307    14.626    i_ariane/i_cva6/issue_stage_i/i_scoreboard/i___15_i_11_n_0
    SLICE_X60Y105        LUT3 (Prop_lut3_I2_O)        0.043    14.669 r  i_ariane/i_cva6/issue_stage_i/i_scoreboard/dpc_q[8]_i_4/O
                         net (fo=25, routed)          0.288    14.958    i_ariane/i_cva6/issue_stage_i/i_scoreboard/dcsr_q_reg[step]_0
    SLICE_X58Y106        LUT5 (Prop_lut5_I1_O)        0.047    15.005 r  i_ariane/i_cva6/issue_stage_i/i_scoreboard/i___15_i_5/O
                         net (fo=7, routed)           0.328    15.332    i_ariane/i_cva6/issue_stage_i/i_scoreboard/set_debug_pc
    SLICE_X59Y105        LUT4 (Prop_lut4_I2_O)        0.134    15.466 r  i_ariane/i_cva6/issue_stage_i/i_scoreboard/i___15_i_1__1/O
                         net (fo=96, routed)          0.834    16.300    i_ariane/i_cva6/issue_stage_i/i_issue_read_operands/current_instruction_is_sfence_vma_reg_0
    SLICE_X44Y117        LUT5 (Prop_lut5_I0_O)        0.043    16.343 r  i_ariane/i_cva6/issue_stage_i/i_issue_read_operands/i___24_i_98/O
                         net (fo=1, routed)           0.412    16.755    i_ariane/i_cva6/ex_stage_i/csr_buffer_i/mult_ready
    SLICE_X47Y115        LUT4 (Prop_lut4_I2_O)        0.052    16.807 r  i_ariane/i_cva6/ex_stage_i/csr_buffer_i/i___24_i_38/O
                         net (fo=2, routed)           0.280    17.087    i_ariane/i_cva6/id_stage_i/flu_ready_ex_id
    SLICE_X48Y115        LUT6 (Prop_lut6_I0_O)        0.136    17.223 f  i_ariane/i_cva6/id_stage_i/i___24_i_13/O
                         net (fo=1, routed)           0.444    17.667    i_ariane/i_cva6/id_stage_i/i___24_i_13_n_0
    SLICE_X54Y115        LUT4 (Prop_lut4_I3_O)        0.043    17.710 r  i_ariane/i_cva6/id_stage_i/i___24_i_6/O
                         net (fo=19, routed)          0.568    18.278    i_ariane/i_cva6/id_stage_i/i___24_i_6_n_0
    SLICE_X70Y115        LUT6 (Prop_lut6_I0_O)        0.043    18.321 r  i_ariane/i_cva6/id_stage_i/i___24_i_2__0/O
                         net (fo=3, routed)           0.254    18.575    i_ariane/i_cva6/issue_stage_i/i_scoreboard/issue_ack_iro_sb
    SLICE_X70Y115        LUT4 (Prop_lut4_I2_O)        0.043    18.618 r  i_ariane/i_cva6/issue_stage_i/i_scoreboard/i__i_1/O
                         net (fo=18, routed)          0.449    19.067    i_ariane/i_cva6/issue_stage_i/i_scoreboard/i__i_1_n_0
    SLICE_X71Y118        LUT4 (Prop_lut4_I1_O)        0.043    19.110 r  i_ariane/i_cva6/issue_stage_i/i_scoreboard/mem_q[6][sbe][pc][31]_i_1/O
                         net (fo=54, routed)          0.498    19.609    i_ariane/i_cva6/issue_stage_i/i_scoreboard/mem_q[6][sbe][pc][31]_i_1_n_0
    SLICE_X83Y119        LUT2 (Prop_lut2_I0_O)        0.043    19.652 r  i_ariane/i_cva6/issue_stage_i/i_scoreboard/mem_q[6][sbe][result][31]_i_1/O
                         net (fo=64, routed)          0.679    20.330    i_ariane/i_cva6/issue_stage_i/i_scoreboard/mem_q[6][sbe][result][31]_i_1_n_0
    SLICE_X86Y129        FDCE                                         r  i_ariane/i_cva6/issue_stage_i/i_scoreboard/mem_q_reg[6][sbe][result][12]/CE
  -------------------------------------------------------------------    -------------------

                         (clock clk_out1_xlnx_clk_gen rise edge)
                                                     20.000    20.000 r  
    BUFGCTRL_X0Y1        BUFG                         0.000    20.000 r  i_ddr/u_xlnx_mig_7_ddr3_mig/u_ddr3_infrastructure/u_bufg_clkdiv0/O
                         net (fo=11269, routed)       1.776    21.776    i_xlnx_clk_gen/inst/clk_in1
    MMCME2_ADV_X1Y0      MMCME2_ADV (Prop_mmcme2_adv_CLKIN1_CLKOUT0)
                                                     -4.195    17.581 r  i_xlnx_clk_gen/inst/mmcm_adv_inst/CLKOUT0
                         net (fo=1, routed)           2.336    19.917    i_xlnx_clk_gen/inst/clk_out1_xlnx_clk_gen
    BUFGCTRL_X0Y0        BUFG (Prop_bufg_I_O)         0.083    20.000 r  i_xlnx_clk_gen/inst/clkout1_buf/O
                         net (fo=27571, routed)       1.260    21.260    i_ariane/i_cva6/issue_stage_i/i_scoreboard/clk_out1
    SLICE_X86Y129        FDCE                                         r  i_ariane/i_cva6/issue_stage_i/i_scoreboard/mem_q_reg[6][sbe][result][12]/C
                         clock pessimism              0.015    21.275    
                         clock uncertainty           -0.076    21.199    
    SLICE_X86Y129        FDCE (Setup_fdce_C_CE)      -0.178    21.021    i_ariane/i_cva6/issue_stage_i/i_scoreboard/mem_q_reg[6][sbe][result][12]
  -------------------------------------------------------------------
                         required time                         21.021    
                         arrival time                         -20.330    
  -------------------------------------------------------------------
                         slack                                  0.690    

Slack (MET) :             0.727ns  (required time - arrival time)
  Source:                 i_ddr/u_xlnx_mig_7_ddr3_mig/u_memc_ui_top_axi/mem_intfc0/ddr_phy_top0/u_ddr_calib_top/ddr_phy_prbs_rdlvl_gen.u_ddr_phy_prbs_rdlvl/victim_not_fixed.num_samples_done_r_reg/C
                            (rising edge-triggered cell FDRE clocked by clk_pll_i  {rise@0.000ns fall@2.500ns period=5.000ns})
  Destination:            i_ddr/u_xlnx_mig_7_ddr3_mig/u_memc_ui_top_axi/mem_intfc0/ddr_phy_top0/u_ddr_calib_top/ddr_phy_prbs_rdlvl_gen.u_ddr_phy_prbs_rdlvl/genblk8[5].right_gain_pb_reg[30]/R
                            (rising edge-triggered cell FDRE clocked by clk_pll_i  {rise@0.000ns fall@2.500ns period=5.000ns})
  Path Group:             clk_pll_i
  Path Type:              Setup (Max at Slow Process Corner)
  Requirement:            5.000ns  (clk_pll_i rise@5.000ns - clk_pll_i rise@0.000ns)
  Data Path Delay:        3.635ns  (logic 0.395ns (10.868%)  route 3.240ns (89.132%))
  Logic Levels:           4  (LUT5=1 LUT6=3)
  Clock Path Skew:        -0.282ns (DCD - SCD + CPR)
    Destination Clock Delay (DCD):    3.141ns = ( 8.141 - 5.000 ) 
    Source Clock Delay      (SCD):    3.693ns
    Clock Pessimism Removal (CPR):    0.269ns
  Clock Uncertainty:      0.052ns  ((TSJ^2 + DJ^2)^1/2) / 2 + PE
    Total System Jitter     (TSJ):    0.071ns
    Discrete Jitter          (DJ):    0.077ns
    Phase Error              (PE):    0.000ns

    Location             Delay type                Incr(ns)  Path(ns)    Netlist Resource(s)
  -------------------------------------------------------------------    -------------------
                         (clock clk_pll_i rise edge)
                                                      0.000     0.000 r  
    AD12                                              0.000     0.000 r  sys_clk_p (IN)
                         net (fo=0)                   0.000     0.000    i_ddr/u_xlnx_mig_7_ddr3_mig/u_ddr3_clk_ibuf/sys_clk_p
    AD12                 IBUFDS (Prop_ibufds_I_O)     0.832     0.832 r  i_ddr/u_xlnx_mig_7_ddr3_mig/u_ddr3_clk_ibuf/diff_input_clk.u_ibufg_sys_clk/O
                         net (fo=3, routed)           1.098     1.930    i_ddr/u_xlnx_mig_7_ddr3_mig/u_ddr3_infrastructure/out
    PLLE2_ADV_X1Y1       PLLE2_ADV (Prop_plle2_adv_CLKIN1_CLKOUT3)
                                                      0.077     2.007 r  i_ddr/u_xlnx_mig_7_ddr3_mig/u_ddr3_infrastructure/plle2_i/CLKOUT3
                         net (fo=1, routed)           1.155     3.162    i_ddr/u_xlnx_mig_7_ddr3_mig/u_ddr3_infrastructure/pll_clk3_out
    BUFHCE_X1Y12         BUFH (Prop_bufh_I_O)         0.103     3.265 r  i_ddr/u_xlnx_mig_7_ddr3_mig/u_ddr3_infrastructure/u_bufh_pll_clk3/O
                         net (fo=1, routed)           0.790     4.055    i_ddr/u_xlnx_mig_7_ddr3_mig/u_ddr3_infrastructure/pll_clk3
    MMCME2_ADV_X1Y1      MMCME2_ADV (Prop_mmcme2_adv_CLKIN1_CLKFBOUT)
                                                     -3.987     0.068 r  i_ddr/u_xlnx_mig_7_ddr3_mig/u_ddr3_infrastructure/gen_mmcm.mmcm_i/CLKFBOUT
                         net (fo=1, routed)           2.130     2.198    i_ddr/u_xlnx_mig_7_ddr3_mig/u_ddr3_infrastructure/clk_pll_i
    BUFGCTRL_X0Y1        BUFG (Prop_bufg_I_O)         0.093     2.291 r  i_ddr/u_xlnx_mig_7_ddr3_mig/u_ddr3_infrastructure/u_bufg_clkdiv0/O
                         net (fo=11269, routed)       1.402     3.693    i_ddr/u_xlnx_mig_7_ddr3_mig/u_memc_ui_top_axi/mem_intfc0/ddr_phy_top0/u_ddr_calib_top/ddr_phy_prbs_rdlvl_gen.u_ddr_phy_prbs_rdlvl/CLK
    SLICE_X119Y123       FDRE                                         r  i_ddr/u_xlnx_mig_7_ddr3_mig/u_memc_ui_top_axi/mem_intfc0/ddr_phy_top0/u_ddr_calib_top/ddr_phy_prbs_rdlvl_gen.u_ddr_phy_prbs_rdlvl/victim_not_fixed.num_samples_done_r_reg/C
  -------------------------------------------------------------------    -------------------
    SLICE_X119Y123       FDRE (Prop_fdre_C_Q)         0.223     3.916 r  i_ddr/u_xlnx_mig_7_ddr3_mig/u_memc_ui_top_axi/mem_intfc0/ddr_phy_top0/u_ddr_calib_top/ddr_phy_prbs_rdlvl_gen.u_ddr_phy_prbs_rdlvl/victim_not_fixed.num_samples_done_r_reg/Q
                         net (fo=31, routed)          1.272     5.188    i_ddr/u_xlnx_mig_7_ddr3_mig/u_memc_ui_top_axi/mem_intfc0/ddr_phy_top0/u_ddr_calib_top/ddr_phy_prbs_rdlvl_gen.u_ddr_phy_prbs_rdlvl/num_samples_done_r
    SLICE_X118Y157       LUT6 (Prop_lut6_I5_O)        0.043     5.231 r  i_ddr/u_xlnx_mig_7_ddr3_mig/u_memc_ui_top_axi/mem_intfc0/ddr_phy_top0/u_ddr_calib_top/ddr_phy_prbs_rdlvl_gen.u_ddr_phy_prbs_rdlvl/genblk8[0].match_flag_pb[7]_i_2/O
                         net (fo=121, routed)         0.990     6.220    i_ddr/u_xlnx_mig_7_ddr3_mig/u_memc_ui_top_axi/mem_intfc0/ddr_phy_top0/u_ddr_calib_top/ddr_phy_prbs_rdlvl_gen.u_ddr_phy_prbs_rdlvl/left_edge_pb1156_out
    SLICE_X104Y163       LUT5 (Prop_lut5_I0_O)        0.043     6.263 r  i_ddr/u_xlnx_mig_7_ddr3_mig/u_memc_ui_top_axi/mem_intfc0/ddr_phy_top0/u_ddr_calib_top/ddr_phy_prbs_rdlvl_gen.u_ddr_phy_prbs_rdlvl/genblk8[5].right_gain_pb[35]_i_11/O
                         net (fo=1, routed)           0.280     6.543    i_ddr/u_xlnx_mig_7_ddr3_mig/u_memc_ui_top_axi/mem_intfc0/ddr_phy_top0/u_ddr_calib_top/ddr_phy_prbs_rdlvl_gen.u_ddr_phy_prbs_rdlvl/genblk8[5].right_gain_pb[35]_i_11_n_0
    SLICE_X105Y164       LUT6 (Prop_lut6_I0_O)        0.043     6.586 r  i_ddr/u_xlnx_mig_7_ddr3_mig/u_memc_ui_top_axi/mem_intfc0/ddr_phy_top0/u_ddr_calib_top/ddr_phy_prbs_rdlvl_gen.u_ddr_phy_prbs_rdlvl/genblk8[5].right_gain_pb[35]_i_4/O
                         net (fo=1, routed)           0.312     6.899    i_ddr/u_xlnx_mig_7_ddr3_mig/u_memc_ui_top_axi/mem_intfc0/ddr_phy_top0/u_ddr_calib_top/ddr_phy_prbs_rdlvl_gen.u_ddr_phy_prbs_rdlvl/genblk8[5].right_gain_pb[35]_i_4_n_0
    SLICE_X105Y163       LUT6 (Prop_lut6_I0_O)        0.043     6.942 r  i_ddr/u_xlnx_mig_7_ddr3_mig/u_memc_ui_top_axi/mem_intfc0/ddr_phy_top0/u_ddr_calib_top/ddr_phy_prbs_rdlvl_gen.u_ddr_phy_prbs_rdlvl/genblk8[5].right_gain_pb[35]_i_1/O
                         net (fo=6, routed)           0.385     7.327    i_ddr/u_xlnx_mig_7_ddr3_mig/u_memc_ui_top_axi/mem_intfc0/ddr_phy_top0/u_ddr_calib_top/ddr_phy_prbs_rdlvl_gen.u_ddr_phy_prbs_rdlvl/genblk8[5].right_gain_pb[35]_i_1_n_0
    SLICE_X105Y162       FDRE                                         r  i_ddr/u_xlnx_mig_7_ddr3_mig/u_memc_ui_top_axi/mem_intfc0/ddr_phy_top0/u_ddr_calib_top/ddr_phy_prbs_rdlvl_gen.u_ddr_phy_prbs_rdlvl/genblk8[5].right_gain_pb_reg[30]/R
  -------------------------------------------------------------------    -------------------

                         (clock clk_pll_i rise edge)
                                                      5.000     5.000 r  
    AD12                                              0.000     5.000 r  sys_clk_p (IN)
                         net (fo=0)                   0.000     5.000    i_ddr/u_xlnx_mig_7_ddr3_mig/u_ddr3_clk_ibuf/sys_clk_p
    AD12                 IBUFDS (Prop_ibufds_I_O)     0.735     5.735 r  i_ddr/u_xlnx_mig_7_ddr3_mig/u_ddr3_clk_ibuf/diff_input_clk.u_ibufg_sys_clk/O
                         net (fo=3, routed)           1.001     6.736    i_ddr/u_xlnx_mig_7_ddr3_mig/u_ddr3_infrastructure/out
    PLLE2_ADV_X1Y1       PLLE2_ADV (Prop_plle2_adv_CLKIN1_CLKOUT3)
                                                      0.073     6.809 r  i_ddr/u_xlnx_mig_7_ddr3_mig/u_ddr3_infrastructure/plle2_i/CLKOUT3
                         net (fo=1, routed)           1.043     7.852    i_ddr/u_xlnx_mig_7_ddr3_mig/u_ddr3_infrastructure/pll_clk3_out
    BUFHCE_X1Y12         BUFH (Prop_bufh_I_O)         0.066     7.918 r  i_ddr/u_xlnx_mig_7_ddr3_mig/u_ddr3_infrastructure/u_bufh_pll_clk3/O
                         net (fo=1, routed)           0.722     8.640    i_ddr/u_xlnx_mig_7_ddr3_mig/u_ddr3_infrastructure/pll_clk3
    MMCME2_ADV_X1Y1      MMCME2_ADV (Prop_mmcme2_adv_CLKIN1_CLKFBOUT)
                                                     -3.694     4.946 r  i_ddr/u_xlnx_mig_7_ddr3_mig/u_ddr3_infrastructure/gen_mmcm.mmcm_i/CLKFBOUT
                         net (fo=1, routed)           2.005     6.951    i_ddr/u_xlnx_mig_7_ddr3_mig/u_ddr3_infrastructure/clk_pll_i
    BUFGCTRL_X0Y1        BUFG (Prop_bufg_I_O)         0.083     7.034 r  i_ddr/u_xlnx_mig_7_ddr3_mig/u_ddr3_infrastructure/u_bufg_clkdiv0/O
                         net (fo=11269, routed)       1.107     8.141    i_ddr/u_xlnx_mig_7_ddr3_mig/u_memc_ui_top_axi/mem_intfc0/ddr_phy_top0/u_ddr_calib_top/ddr_phy_prbs_rdlvl_gen.u_ddr_phy_prbs_rdlvl/CLK
    SLICE_X105Y162       FDRE                                         r  i_ddr/u_xlnx_mig_7_ddr3_mig/u_memc_ui_top_axi/mem_intfc0/ddr_phy_top0/u_ddr_calib_top/ddr_phy_prbs_rdlvl_gen.u_ddr_phy_prbs_rdlvl/genblk8[5].right_gain_pb_reg[30]/C
                         clock pessimism              0.269     8.411    
                         clock uncertainty           -0.052     8.358    
    SLICE_X105Y162       FDRE (Setup_fdre_C_R)       -0.304     8.054    i_ddr/u_xlnx_mig_7_ddr3_mig/u_memc_ui_top_axi/mem_intfc0/ddr_phy_top0/u_ddr_calib_top/ddr_phy_prbs_rdlvl_gen.u_ddr_phy_prbs_rdlvl/genblk8[5].right_gain_pb_reg[30]
  -------------------------------------------------------------------
                         required time                          8.054    
                         arrival time                          -7.327    
  -------------------------------------------------------------------
                         slack                                  0.727    

Slack (MET) :             0.945ns  (required time - arrival time)
  Source:                 i_ddr/u_xlnx_mig_7_ddr3_mig/u_memc_ui_top_axi/mem_intfc0/ddr_phy_top0/u_ddr_mc_phy_wrapper/u_ddr_mc_phy/ddr_phy_4lanes_0.u_ddr_phy_4lanes/ddr_byte_lane_C.ddr_byte_lane_C/ddr_byte_group_io/input_[2].iserdes_dq_.iserdesdq/CLKDIVP
                            (rising edge-triggered cell ISERDESE2 clocked by iserdes_clkdiv_2  {rise@1.172ns fall@2.422ns period=2.500ns})
  Destination:            i_ddr/u_xlnx_mig_7_ddr3_mig/u_memc_ui_top_axi/mem_intfc0/ddr_phy_top0/u_ddr_mc_phy_wrapper/u_ddr_mc_phy/ddr_phy_4lanes_0.u_ddr_phy_4lanes/ddr_byte_lane_C.ddr_byte_lane_C/in_fifo_gen.in_fifo/D2[0]
                            (rising edge-triggered cell IN_FIFO clocked by iserdes_clkdiv_2  {rise@1.172ns fall@2.422ns period=2.500ns})
  Path Group:             iserdes_clkdiv_2
  Path Type:              Setup (Max at Slow Process Corner)
  Requirement:            2.500ns  (iserdes_clkdiv_2 rise@3.672ns - iserdes_clkdiv_2 rise@1.172ns)
  Data Path Delay:        0.739ns  (logic 0.326ns (44.092%)  route 0.413ns (55.908%))
  Logic Levels:           0  
  Clock Path Skew:        -0.337ns (DCD - SCD + CPR)
    Destination Clock Delay (DCD):    4.413ns = ( 8.085 - 3.672 ) 
    Source Clock Delay      (SCD):    5.118ns = ( 6.290 - 1.172 ) 
    Clock Pessimism Removal (CPR):    0.367ns
  Clock Uncertainty:      0.047ns  ((TSJ^2 + DJ^2)^1/2) / 2 + PE
    Total System Jitter     (TSJ):    0.071ns
    Discrete Jitter          (DJ):    0.061ns
    Phase Error              (PE):    0.000ns

    Location             Delay type                Incr(ns)  Path(ns)    Netlist Resource(s)
  -------------------------------------------------------------------    -------------------
                         (clock iserdes_clkdiv_2 rise edge)
                                                      1.172     1.172 r  
    AD12                                              0.000     1.172 r  sys_clk_p (IN)
                         net (fo=0)                   0.000     1.172    i_ddr/u_xlnx_mig_7_ddr3_mig/u_ddr3_clk_ibuf/sys_clk_p
    AD12                 IBUFDS (Prop_ibufds_I_O)     0.832     2.004 r  i_ddr/u_xlnx_mig_7_ddr3_mig/u_ddr3_clk_ibuf/diff_input_clk.u_ibufg_sys_clk/O
                         net (fo=3, routed)           1.098     3.102    i_ddr/u_xlnx_mig_7_ddr3_mig/u_ddr3_infrastructure/out
    PLLE2_ADV_X1Y1       PLLE2_ADV (Prop_plle2_adv_CLKIN1_CLKOUT0)
                                                      0.077     3.179 r  i_ddr/u_xlnx_mig_7_ddr3_mig/u_ddr3_infrastructure/plle2_i/CLKOUT0
                         net (fo=14, routed)          1.192     4.371    i_ddr/u_xlnx_mig_7_ddr3_mig/u_memc_ui_top_axi/mem_intfc0/ddr_phy_top0/u_ddr_mc_phy_wrapper/u_ddr_mc_phy/ddr_phy_4lanes_0.u_ddr_phy_4lanes/ddr_byte_lane_C.ddr_byte_lane_C/freq_refclk
    PHASER_IN_PHY_X1Y10  PHASER_IN_PHY (Prop_phaser_in_phy_FREQREFCLK_ICLK)
                                                      1.428     5.799 r  i_ddr/u_xlnx_mig_7_ddr3_mig/u_memc_ui_top_axi/mem_intfc0/ddr_phy_top0/u_ddr_mc_phy_wrapper/u_ddr_mc_phy/ddr_phy_4lanes_0.u_ddr_phy_4lanes/ddr_byte_lane_C.ddr_byte_lane_C/phaser_in_gen.phaser_in/ICLK
    PHASER_IN_PHY_X1Y10  PHASER_IN_PHY (Prop_phaser_in_phy_ICLK_ICLKDIV)
                                                      0.154     5.953 r  i_ddr/u_xlnx_mig_7_ddr3_mig/u_memc_ui_top_axi/mem_intfc0/ddr_phy_top0/u_ddr_mc_phy_wrapper/u_ddr_mc_phy/ddr_phy_4lanes_0.u_ddr_phy_4lanes/ddr_byte_lane_C.ddr_byte_lane_C/phaser_in_gen.phaser_in/ICLKDIV
                         net (fo=9, routed)           0.337     6.290    i_ddr/u_xlnx_mig_7_ddr3_mig/u_memc_ui_top_axi/mem_intfc0/ddr_phy_top0/u_ddr_mc_phy_wrapper/u_ddr_mc_phy/ddr_phy_4lanes_0.u_ddr_phy_4lanes/ddr_byte_lane_C.ddr_byte_lane_C/ddr_byte_group_io/iserdes_clkdiv
    ILOGIC_X1Y127        ISERDESE2                                    r  i_ddr/u_xlnx_mig_7_ddr3_mig/u_memc_ui_top_axi/mem_intfc0/ddr_phy_top0/u_ddr_mc_phy_wrapper/u_ddr_mc_phy/ddr_phy_4lanes_0.u_ddr_phy_4lanes/ddr_byte_lane_C.ddr_byte_lane_C/ddr_byte_group_io/input_[2].iserdes_dq_.iserdesdq/CLKDIVP
  -------------------------------------------------------------------    -------------------
    ILOGIC_X1Y127        ISERDESE2 (Prop_iserdese2_CLKDIVP_Q4)
                                                      0.326     6.616 r  i_ddr/u_xlnx_mig_7_ddr3_mig/u_memc_ui_top_axi/mem_intfc0/ddr_phy_top0/u_ddr_mc_phy_wrapper/u_ddr_mc_phy/ddr_phy_4lanes_0.u_ddr_phy_4lanes/ddr_byte_lane_C.ddr_byte_lane_C/ddr_byte_group_io/input_[2].iserdes_dq_.iserdesdq/Q4
                         net (fo=1, routed)           0.413     7.029    i_ddr/u_xlnx_mig_7_ddr3_mig/u_memc_ui_top_axi/mem_intfc0/ddr_phy_top0/u_ddr_mc_phy_wrapper/u_ddr_mc_phy/ddr_phy_4lanes_0.u_ddr_phy_4lanes/ddr_byte_lane_C.ddr_byte_lane_C/if_d2[0]
    IN_FIFO_X1Y10        IN_FIFO                                      r  i_ddr/u_xlnx_mig_7_ddr3_mig/u_memc_ui_top_axi/mem_intfc0/ddr_phy_top0/u_ddr_mc_phy_wrapper/u_ddr_mc_phy/ddr_phy_4lanes_0.u_ddr_phy_4lanes/ddr_byte_lane_C.ddr_byte_lane_C/in_fifo_gen.in_fifo/D2[0]
  -------------------------------------------------------------------    -------------------

                         (clock iserdes_clkdiv_2 rise edge)
                                                      3.672     3.672 r  
    AD12                                              0.000     3.672 r  sys_clk_p (IN)
                         net (fo=0)                   0.000     3.672    i_ddr/u_xlnx_mig_7_ddr3_mig/u_ddr3_clk_ibuf/sys_clk_p
    AD12                 IBUFDS (Prop_ibufds_I_O)     0.735     4.407 r  i_ddr/u_xlnx_mig_7_ddr3_mig/u_ddr3_clk_ibuf/diff_input_clk.u_ibufg_sys_clk/O
                         net (fo=3, routed)           1.001     5.408    i_ddr/u_xlnx_mig_7_ddr3_mig/u_ddr3_infrastructure/out
    PLLE2_ADV_X1Y1       PLLE2_ADV (Prop_plle2_adv_CLKIN1_CLKOUT0)
                                                      0.073     5.481 r  i_ddr/u_xlnx_mig_7_ddr3_mig/u_ddr3_infrastructure/plle2_i/CLKOUT0
                         net (fo=14, routed)          1.065     6.546    i_ddr/u_xlnx_mig_7_ddr3_mig/u_memc_ui_top_axi/mem_intfc0/ddr_phy_top0/u_ddr_mc_phy_wrapper/u_ddr_mc_phy/ddr_phy_4lanes_0.u_ddr_phy_4lanes/ddr_byte_lane_C.ddr_byte_lane_C/freq_refclk
    PHASER_IN_PHY_X1Y10  PHASER_IN_PHY (Prop_phaser_in_phy_FREQREFCLK_ICLK)
                                                      1.394     7.940 r  i_ddr/u_xlnx_mig_7_ddr3_mig/u_memc_ui_top_axi/mem_intfc0/ddr_phy_top0/u_ddr_mc_phy_wrapper/u_ddr_mc_phy/ddr_phy_4lanes_0.u_ddr_phy_4lanes/ddr_byte_lane_C.ddr_byte_lane_C/phaser_in_gen.phaser_in/ICLK
    PHASER_IN_PHY_X1Y10  PHASER_IN_PHY (Prop_phaser_in_phy_ICLK_ICLKDIV)
                                                      0.145     8.085 r  i_ddr/u_xlnx_mig_7_ddr3_mig/u_memc_ui_top_axi/mem_intfc0/ddr_phy_top0/u_ddr_mc_phy_wrapper/u_ddr_mc_phy/ddr_phy_4lanes_0.u_ddr_phy_4lanes/ddr_byte_lane_C.ddr_byte_lane_C/phaser_in_gen.phaser_in/ICLKDIV
                         net (fo=9, routed)           0.000     8.085    i_ddr/u_xlnx_mig_7_ddr3_mig/u_memc_ui_top_axi/mem_intfc0/ddr_phy_top0/u_ddr_mc_phy_wrapper/u_ddr_mc_phy/ddr_phy_4lanes_0.u_ddr_phy_4lanes/ddr_byte_lane_C.ddr_byte_lane_C/iserdes_clkdiv
    IN_FIFO_X1Y10        IN_FIFO                                      r  i_ddr/u_xlnx_mig_7_ddr3_mig/u_memc_ui_top_axi/mem_intfc0/ddr_phy_top0/u_ddr_mc_phy_wrapper/u_ddr_mc_phy/ddr_phy_4lanes_0.u_ddr_phy_4lanes/ddr_byte_lane_C.ddr_byte_lane_C/in_fifo_gen.in_fifo/WRCLK
                         clock pessimism              0.367     8.453    
                         clock uncertainty           -0.047     8.406    
    IN_FIFO_X1Y10        IN_FIFO (Setup_in_fifo_WRCLK_D2[0])
                                                     -0.432     7.974    i_ddr/u_xlnx_mig_7_ddr3_mig/u_memc_ui_top_axi/mem_intfc0/ddr_phy_top0/u_ddr_mc_phy_wrapper/u_ddr_mc_phy/ddr_phy_4lanes_0.u_ddr_phy_4lanes/ddr_byte_lane_C.ddr_byte_lane_C/in_fifo_gen.in_fifo
  -------------------------------------------------------------------
                         required time                          7.974    
                         arrival time                          -7.029    
  -------------------------------------------------------------------
                         slack                                  0.945    

Slack (MET) :             0.975ns  (required time - arrival time)
  Source:                 i_ddr/u_xlnx_mig_7_ddr3_mig/u_memc_ui_top_axi/mem_intfc0/ddr_phy_top0/u_ddr_mc_phy_wrapper/u_ddr_mc_phy/ddr_phy_4lanes_0.u_ddr_phy_4lanes/ddr_byte_lane_B.ddr_byte_lane_B/ddr_byte_group_io/input_[6].iserdes_dq_.iserdesdq/CLKDIVP
                            (rising edge-triggered cell ISERDESE2 clocked by iserdes_clkdiv_1  {rise@1.172ns fall@2.422ns period=2.500ns})
  Destination:            i_ddr/u_xlnx_mig_7_ddr3_mig/u_memc_ui_top_axi/mem_intfc0/ddr_phy_top0/u_ddr_mc_phy_wrapper/u_ddr_mc_phy/ddr_phy_4lanes_0.u_ddr_phy_4lanes/ddr_byte_lane_B.ddr_byte_lane_B/in_fifo_gen.in_fifo/D6[0]
                            (rising edge-triggered cell IN_FIFO clocked by iserdes_clkdiv_1  {rise@1.172ns fall@2.422ns period=2.500ns})
  Path Group:             iserdes_clkdiv_1
  Path Type:              Setup (Max at Slow Process Corner)
  Requirement:            2.500ns  (iserdes_clkdiv_1 rise@3.672ns - iserdes_clkdiv_1 rise@1.172ns)
  Data Path Delay:        0.739ns  (logic 0.326ns (44.092%)  route 0.413ns (55.908%))
  Logic Levels:           0  
  Clock Path Skew:        -0.346ns (DCD - SCD + CPR)
    Destination Clock Delay (DCD):    4.423ns = ( 8.095 - 3.672 ) 
    Source Clock Delay      (SCD):    5.139ns = ( 6.311 - 1.172 ) 
    Clock Pessimism Removal (CPR):    0.369ns
  Clock Uncertainty:      0.047ns  ((TSJ^2 + DJ^2)^1/2) / 2 + PE
    Total System Jitter     (TSJ):    0.071ns
    Discrete Jitter          (DJ):    0.061ns
    Phase Error              (PE):    0.000ns

    Location             Delay type                Incr(ns)  Path(ns)    Netlist Resource(s)
  -------------------------------------------------------------------    -------------------
                         (clock iserdes_clkdiv_1 rise edge)
                                                      1.172     1.172 r  
    AD12                                              0.000     1.172 r  sys_clk_p (IN)
                         net (fo=0)                   0.000     1.172    i_ddr/u_xlnx_mig_7_ddr3_mig/u_ddr3_clk_ibuf/sys_clk_p
    AD12                 IBUFDS (Prop_ibufds_I_O)     0.832     2.004 r  i_ddr/u_xlnx_mig_7_ddr3_mig/u_ddr3_clk_ibuf/diff_input_clk.u_ibufg_sys_clk/O
                         net (fo=3, routed)           1.098     3.102    i_ddr/u_xlnx_mig_7_ddr3_mig/u_ddr3_infrastructure/out
    PLLE2_ADV_X1Y1       PLLE2_ADV (Prop_plle2_adv_CLKIN1_CLKOUT0)
                                                      0.077     3.179 r  i_ddr/u_xlnx_mig_7_ddr3_mig/u_ddr3_infrastructure/plle2_i/CLKOUT0
                         net (fo=14, routed)          1.204     4.383    i_ddr/u_xlnx_mig_7_ddr3_mig/u_memc_ui_top_axi/mem_intfc0/ddr_phy_top0/u_ddr_mc_phy_wrapper/u_ddr_mc_phy/ddr_phy_4lanes_0.u_ddr_phy_4lanes/ddr_byte_lane_B.ddr_byte_lane_B/freq_refclk
    PHASER_IN_PHY_X1Y9   PHASER_IN_PHY (Prop_phaser_in_phy_FREQREFCLK_ICLK)
                                                      1.428     5.811 r  i_ddr/u_xlnx_mig_7_ddr3_mig/u_memc_ui_top_axi/mem_intfc0/ddr_phy_top0/u_ddr_mc_phy_wrapper/u_ddr_mc_phy/ddr_phy_4lanes_0.u_ddr_phy_4lanes/ddr_byte_lane_B.ddr_byte_lane_B/phaser_in_gen.phaser_in/ICLK
    PHASER_IN_PHY_X1Y9   PHASER_IN_PHY (Prop_phaser_in_phy_ICLK_ICLKDIV)
                                                      0.154     5.965 r  i_ddr/u_xlnx_mig_7_ddr3_mig/u_memc_ui_top_axi/mem_intfc0/ddr_phy_top0/u_ddr_mc_phy_wrapper/u_ddr_mc_phy/ddr_phy_4lanes_0.u_ddr_phy_4lanes/ddr_byte_lane_B.ddr_byte_lane_B/phaser_in_gen.phaser_in/ICLKDIV
                         net (fo=9, routed)           0.346     6.311    i_ddr/u_xlnx_mig_7_ddr3_mig/u_memc_ui_top_axi/mem_intfc0/ddr_phy_top0/u_ddr_mc_phy_wrapper/u_ddr_mc_phy/ddr_phy_4lanes_0.u_ddr_phy_4lanes/ddr_byte_lane_B.ddr_byte_lane_B/ddr_byte_group_io/iserdes_clkdiv
    ILOGIC_X1Y121        ISERDESE2                                    r  i_ddr/u_xlnx_mig_7_ddr3_mig/u_memc_ui_top_axi/mem_intfc0/ddr_phy_top0/u_ddr_mc_phy_wrapper/u_ddr_mc_phy/ddr_phy_4lanes_0.u_ddr_phy_4lanes/ddr_byte_lane_B.ddr_byte_lane_B/ddr_byte_group_io/input_[6].iserdes_dq_.iserdesdq/CLKDIVP
  -------------------------------------------------------------------    -------------------
    ILOGIC_X1Y121        ISERDESE2 (Prop_iserdese2_CLKDIVP_Q4)
                                                      0.326     6.637 r  i_ddr/u_xlnx_mig_7_ddr3_mig/u_memc_ui_top_axi/mem_intfc0/ddr_phy_top0/u_ddr_mc_phy_wrapper/u_ddr_mc_phy/ddr_phy_4lanes_0.u_ddr_phy_4lanes/ddr_byte_lane_B.ddr_byte_lane_B/ddr_byte_group_io/input_[6].iserdes_dq_.iserdesdq/Q4
                         net (fo=1, routed)           0.413     7.050    i_ddr/u_xlnx_mig_7_ddr3_mig/u_memc_ui_top_axi/mem_intfc0/ddr_phy_top0/u_ddr_mc_phy_wrapper/u_ddr_mc_phy/ddr_phy_4lanes_0.u_ddr_phy_4lanes/ddr_byte_lane_B.ddr_byte_lane_B/if_d6[0]
    IN_FIFO_X1Y9         IN_FIFO                                      r  i_ddr/u_xlnx_mig_7_ddr3_mig/u_memc_ui_top_axi/mem_intfc0/ddr_phy_top0/u_ddr_mc_phy_wrapper/u_ddr_mc_phy/ddr_phy_4lanes_0.u_ddr_phy_4lanes/ddr_byte_lane_B.ddr_byte_lane_B/in_fifo_gen.in_fifo/D6[0]
  -------------------------------------------------------------------    -------------------

                         (clock iserdes_clkdiv_1 rise edge)
                                                      3.672     3.672 r  
    AD12                                              0.000     3.672 r  sys_clk_p (IN)
                         net (fo=0)                   0.000     3.672    i_ddr/u_xlnx_mig_7_ddr3_mig/u_ddr3_clk_ibuf/sys_clk_p
    AD12                 IBUFDS (Prop_ibufds_I_O)     0.735     4.407 r  i_ddr/u_xlnx_mig_7_ddr3_mig/u_ddr3_clk_ibuf/diff_input_clk.u_ibufg_sys_clk/O
                         net (fo=3, routed)           1.001     5.408    i_ddr/u_xlnx_mig_7_ddr3_mig/u_ddr3_infrastructure/out
    PLLE2_ADV_X1Y1       PLLE2_ADV (Prop_plle2_adv_CLKIN1_CLKOUT0)
                                                      0.073     5.481 r  i_ddr/u_xlnx_mig_7_ddr3_mig/u_ddr3_infrastructure/plle2_i/CLKOUT0
                         net (fo=14, routed)          1.075     6.556    i_ddr/u_xlnx_mig_7_ddr3_mig/u_memc_ui_top_axi/mem_intfc0/ddr_phy_top0/u_ddr_mc_phy_wrapper/u_ddr_mc_phy/ddr_phy_4lanes_0.u_ddr_phy_4lanes/ddr_byte_lane_B.ddr_byte_lane_B/freq_refclk
    PHASER_IN_PHY_X1Y9   PHASER_IN_PHY (Prop_phaser_in_phy_FREQREFCLK_ICLK)
                                                      1.394     7.950 r  i_ddr/u_xlnx_mig_7_ddr3_mig/u_memc_ui_top_axi/mem_intfc0/ddr_phy_top0/u_ddr_mc_phy_wrapper/u_ddr_mc_phy/ddr_phy_4lanes_0.u_ddr_phy_4lanes/ddr_byte_lane_B.ddr_byte_lane_B/phaser_in_gen.phaser_in/ICLK
    PHASER_IN_PHY_X1Y9   PHASER_IN_PHY (Prop_phaser_in_phy_ICLK_ICLKDIV)
                                                      0.145     8.095 r  i_ddr/u_xlnx_mig_7_ddr3_mig/u_memc_ui_top_axi/mem_intfc0/ddr_phy_top0/u_ddr_mc_phy_wrapper/u_ddr_mc_phy/ddr_phy_4lanes_0.u_ddr_phy_4lanes/ddr_byte_lane_B.ddr_byte_lane_B/phaser_in_gen.phaser_in/ICLKDIV
                         net (fo=9, routed)           0.000     8.095    i_ddr/u_xlnx_mig_7_ddr3_mig/u_memc_ui_top_axi/mem_intfc0/ddr_phy_top0/u_ddr_mc_phy_wrapper/u_ddr_mc_phy/ddr_phy_4lanes_0.u_ddr_phy_4lanes/ddr_byte_lane_B.ddr_byte_lane_B/iserdes_clkdiv
    IN_FIFO_X1Y9         IN_FIFO                                      r  i_ddr/u_xlnx_mig_7_ddr3_mig/u_memc_ui_top_axi/mem_intfc0/ddr_phy_top0/u_ddr_mc_phy_wrapper/u_ddr_mc_phy/ddr_phy_4lanes_0.u_ddr_phy_4lanes/ddr_byte_lane_B.ddr_byte_lane_B/in_fifo_gen.in_fifo/WRCLK
                         clock pessimism              0.369     8.465    
                         clock uncertainty           -0.047     8.418    
    IN_FIFO_X1Y9         IN_FIFO (Setup_in_fifo_WRCLK_D6[0])
                                                     -0.393     8.025    i_ddr/u_xlnx_mig_7_ddr3_mig/u_memc_ui_top_axi/mem_intfc0/ddr_phy_top0/u_ddr_mc_phy_wrapper/u_ddr_mc_phy/ddr_phy_4lanes_0.u_ddr_phy_4lanes/ddr_byte_lane_B.ddr_byte_lane_B/in_fifo_gen.in_fifo
  -------------------------------------------------------------------
                         required time                          8.025    
                         arrival time                          -7.050    
  -------------------------------------------------------------------
                         slack                                  0.975    

Slack (MET) :             0.983ns  (required time - arrival time)
  Source:                 i_ddr/u_xlnx_mig_7_ddr3_mig/u_memc_ui_top_axi/mem_intfc0/ddr_phy_top0/u_ddr_mc_phy_wrapper/u_ddr_mc_phy/ddr_phy_4lanes_0.u_ddr_phy_4lanes/ddr_byte_lane_A.ddr_byte_lane_A/ddr_byte_group_io/input_[1].iserdes_dq_.iserdesdq/CLKDIVP
                            (rising edge-triggered cell ISERDESE2 clocked by iserdes_clkdiv  {rise@1.172ns fall@2.422ns period=2.500ns})
  Destination:            i_ddr/u_xlnx_mig_7_ddr3_mig/u_memc_ui_top_axi/mem_intfc0/ddr_phy_top0/u_ddr_mc_phy_wrapper/u_ddr_mc_phy/ddr_phy_4lanes_0.u_ddr_phy_4lanes/ddr_byte_lane_A.ddr_byte_lane_A/in_fifo_gen.in_fifo/D1[3]
                            (rising edge-triggered cell IN_FIFO clocked by iserdes_clkdiv  {rise@1.172ns fall@2.422ns period=2.500ns})
  Path Group:             iserdes_clkdiv
  Path Type:              Setup (Max at Slow Process Corner)
  Requirement:            2.500ns  (iserdes_clkdiv rise@3.672ns - iserdes_clkdiv rise@1.172ns)
  Data Path Delay:        0.643ns  (logic 0.326ns (50.688%)  route 0.317ns (49.312%))
  Logic Levels:           0  
  Clock Path Skew:        -0.358ns (DCD - SCD + CPR)
    Destination Clock Delay (DCD):    4.424ns = ( 8.096 - 3.672 ) 
    Source Clock Delay      (SCD):    5.152ns = ( 6.324 - 1.172 ) 
    Clock Pessimism Removal (CPR):    0.369ns
  Clock Uncertainty:      0.047ns  ((TSJ^2 + DJ^2)^1/2) / 2 + PE
    Total System Jitter     (TSJ):    0.071ns
    Discrete Jitter          (DJ):    0.061ns
    Phase Error              (PE):    0.000ns

    Location             Delay type                Incr(ns)  Path(ns)    Netlist Resource(s)
  -------------------------------------------------------------------    -------------------
                         (clock iserdes_clkdiv rise edge)
                                                      1.172     1.172 r  
    AD12                                              0.000     1.172 r  sys_clk_p (IN)
                         net (fo=0)                   0.000     1.172    i_ddr/u_xlnx_mig_7_ddr3_mig/u_ddr3_clk_ibuf/sys_clk_p
    AD12                 IBUFDS (Prop_ibufds_I_O)     0.832     2.004 r  i_ddr/u_xlnx_mig_7_ddr3_mig/u_ddr3_clk_ibuf/diff_input_clk.u_ibufg_sys_clk/O
                         net (fo=3, routed)           1.098     3.102    i_ddr/u_xlnx_mig_7_ddr3_mig/u_ddr3_infrastructure/out
    PLLE2_ADV_X1Y1       PLLE2_ADV (Prop_plle2_adv_CLKIN1_CLKOUT0)
                                                      0.077     3.179 r  i_ddr/u_xlnx_mig_7_ddr3_mig/u_ddr3_infrastructure/plle2_i/CLKOUT0
                         net (fo=14, routed)          1.205     4.384    i_ddr/u_xlnx_mig_7_ddr3_mig/u_memc_ui_top_axi/mem_intfc0/ddr_phy_top0/u_ddr_mc_phy_wrapper/u_ddr_mc_phy/ddr_phy_4lanes_0.u_ddr_phy_4lanes/ddr_byte_lane_A.ddr_byte_lane_A/freq_refclk
    PHASER_IN_PHY_X1Y8   PHASER_IN_PHY (Prop_phaser_in_phy_FREQREFCLK_ICLK)
                                                      1.428     5.812 r  i_ddr/u_xlnx_mig_7_ddr3_mig/u_memc_ui_top_axi/mem_intfc0/ddr_phy_top0/u_ddr_mc_phy_wrapper/u_ddr_mc_phy/ddr_phy_4lanes_0.u_ddr_phy_4lanes/ddr_byte_lane_A.ddr_byte_lane_A/phaser_in_gen.phaser_in/ICLK
    PHASER_IN_PHY_X1Y8   PHASER_IN_PHY (Prop_phaser_in_phy_ICLK_ICLKDIV)
                                                      0.154     5.966 r  i_ddr/u_xlnx_mig_7_ddr3_mig/u_memc_ui_top_axi/mem_intfc0/ddr_phy_top0/u_ddr_mc_phy_wrapper/u_ddr_mc_phy/ddr_phy_4lanes_0.u_ddr_phy_4lanes/ddr_byte_lane_A.ddr_byte_lane_A/phaser_in_gen.phaser_in/ICLKDIV
                         net (fo=9, routed)           0.358     6.324    i_ddr/u_xlnx_mig_7_ddr3_mig/u_memc_ui_top_axi/mem_intfc0/ddr_phy_top0/u_ddr_mc_phy_wrapper/u_ddr_mc_phy/ddr_phy_4lanes_0.u_ddr_phy_4lanes/ddr_byte_lane_A.ddr_byte_lane_A/ddr_byte_group_io/iserdes_clkdiv
    ILOGIC_X1Y102        ISERDESE2                                    r  i_ddr/u_xlnx_mig_7_ddr3_mig/u_memc_ui_top_axi/mem_intfc0/ddr_phy_top0/u_ddr_mc_phy_wrapper/u_ddr_mc_phy/ddr_phy_4lanes_0.u_ddr_phy_4lanes/ddr_byte_lane_A.ddr_byte_lane_A/ddr_byte_group_io/input_[1].iserdes_dq_.iserdesdq/CLKDIVP
  -------------------------------------------------------------------    -------------------
    ILOGIC_X1Y102        ISERDESE2 (Prop_iserdese2_CLKDIVP_Q1)
                                                      0.326     6.650 r  i_ddr/u_xlnx_mig_7_ddr3_mig/u_memc_ui_top_axi/mem_intfc0/ddr_phy_top0/u_ddr_mc_phy_wrapper/u_ddr_mc_phy/ddr_phy_4lanes_0.u_ddr_phy_4lanes/ddr_byte_lane_A.ddr_byte_lane_A/ddr_byte_group_io/input_[1].iserdes_dq_.iserdesdq/Q1
                         net (fo=1, routed)           0.317     6.967    i_ddr/u_xlnx_mig_7_ddr3_mig/u_memc_ui_top_axi/mem_intfc0/ddr_phy_top0/u_ddr_mc_phy_wrapper/u_ddr_mc_phy/ddr_phy_4lanes_0.u_ddr_phy_4lanes/ddr_byte_lane_A.ddr_byte_lane_A/if_d1[3]
    IN_FIFO_X1Y8         IN_FIFO                                      r  i_ddr/u_xlnx_mig_7_ddr3_mig/u_memc_ui_top_axi/mem_intfc0/ddr_phy_top0/u_ddr_mc_phy_wrapper/u_ddr_mc_phy/ddr_phy_4lanes_0.u_ddr_phy_4lanes/ddr_byte_lane_A.ddr_byte_lane_A/in_fifo_gen.in_fifo/D1[3]
  -------------------------------------------------------------------    -------------------

                         (clock iserdes_clkdiv rise edge)
                                                      3.672     3.672 r  
    AD12                                              0.000     3.672 r  sys_clk_p (IN)
                         net (fo=0)                   0.000     3.672    i_ddr/u_xlnx_mig_7_ddr3_mig/u_ddr3_clk_ibuf/sys_clk_p
    AD12                 IBUFDS (Prop_ibufds_I_O)     0.735     4.407 r  i_ddr/u_xlnx_mig_7_ddr3_mig/u_ddr3_clk_ibuf/diff_input_clk.u_ibufg_sys_clk/O
                         net (fo=3, routed)           1.001     5.408    i_ddr/u_xlnx_mig_7_ddr3_mig/u_ddr3_infrastructure/out
    PLLE2_ADV_X1Y1       PLLE2_ADV (Prop_plle2_adv_CLKIN1_CLKOUT0)
                                                      0.073     5.481 r  i_ddr/u_xlnx_mig_7_ddr3_mig/u_ddr3_infrastructure/plle2_i/CLKOUT0
                         net (fo=14, routed)          1.076     6.557    i_ddr/u_xlnx_mig_7_ddr3_mig/u_memc_ui_top_axi/mem_intfc0/ddr_phy_top0/u_ddr_mc_phy_wrapper/u_ddr_mc_phy/ddr_phy_4lanes_0.u_ddr_phy_4lanes/ddr_byte_lane_A.ddr_byte_lane_A/freq_refclk
    PHASER_IN_PHY_X1Y8   PHASER_IN_PHY (Prop_phaser_in_phy_FREQREFCLK_ICLK)
                                                      1.394     7.951 r  i_ddr/u_xlnx_mig_7_ddr3_mig/u_memc_ui_top_axi/mem_intfc0/ddr_phy_top0/u_ddr_mc_phy_wrapper/u_ddr_mc_phy/ddr_phy_4lanes_0.u_ddr_phy_4lanes/ddr_byte_lane_A.ddr_byte_lane_A/phaser_in_gen.phaser_in/ICLK
    PHASER_IN_PHY_X1Y8   PHASER_IN_PHY (Prop_phaser_in_phy_ICLK_ICLKDIV)
                                                      0.145     8.096 r  i_ddr/u_xlnx_mig_7_ddr3_mig/u_memc_ui_top_axi/mem_intfc0/ddr_phy_top0/u_ddr_mc_phy_wrapper/u_ddr_mc_phy/ddr_phy_4lanes_0.u_ddr_phy_4lanes/ddr_byte_lane_A.ddr_byte_lane_A/phaser_in_gen.phaser_in/ICLKDIV
                         net (fo=9, routed)           0.000     8.096    i_ddr/u_xlnx_mig_7_ddr3_mig/u_memc_ui_top_axi/mem_intfc0/ddr_phy_top0/u_ddr_mc_phy_wrapper/u_ddr_mc_phy/ddr_phy_4lanes_0.u_ddr_phy_4lanes/ddr_byte_lane_A.ddr_byte_lane_A/iserdes_clkdiv
    IN_FIFO_X1Y8         IN_FIFO                                      r  i_ddr/u_xlnx_mig_7_ddr3_mig/u_memc_ui_top_axi/mem_intfc0/ddr_phy_top0/u_ddr_mc_phy_wrapper/u_ddr_mc_phy/ddr_phy_4lanes_0.u_ddr_phy_4lanes/ddr_byte_lane_A.ddr_byte_lane_A/in_fifo_gen.in_fifo/WRCLK
                         clock pessimism              0.369     8.466    
                         clock uncertainty           -0.047     8.419    
    IN_FIFO_X1Y8         IN_FIFO (Setup_in_fifo_WRCLK_D1[3])
                                                     -0.469     7.950    i_ddr/u_xlnx_mig_7_ddr3_mig/u_memc_ui_top_axi/mem_intfc0/ddr_phy_top0/u_ddr_mc_phy_wrapper/u_ddr_mc_phy/ddr_phy_4lanes_0.u_ddr_phy_4lanes/ddr_byte_lane_A.ddr_byte_lane_A/in_fifo_gen.in_fifo
  -------------------------------------------------------------------
                         required time                          7.950    
                         arrival time                          -6.967    
  -------------------------------------------------------------------
                         slack                                  0.983    

Slack (MET) :             0.989ns  (required time - arrival time)
  Source:                 i_ddr/u_xlnx_mig_7_ddr3_mig/u_memc_ui_top_axi/mem_intfc0/ddr_phy_top0/u_ddr_mc_phy_wrapper/u_ddr_mc_phy/ddr_phy_4lanes_0.u_ddr_phy_4lanes/ddr_byte_lane_D.ddr_byte_lane_D/ddr_byte_group_io/input_[1].iserdes_dq_.iserdesdq/CLKDIVP
                            (rising edge-triggered cell ISERDESE2 clocked by iserdes_clkdiv_3  {rise@1.172ns fall@2.422ns period=2.500ns})
  Destination:            i_ddr/u_xlnx_mig_7_ddr3_mig/u_memc_ui_top_axi/mem_intfc0/ddr_phy_top0/u_ddr_mc_phy_wrapper/u_ddr_mc_phy/ddr_phy_4lanes_0.u_ddr_phy_4lanes/ddr_byte_lane_D.ddr_byte_lane_D/in_fifo_gen.in_fifo/D1[3]
                            (rising edge-triggered cell IN_FIFO clocked by iserdes_clkdiv_3  {rise@1.172ns fall@2.422ns period=2.500ns})
  Path Group:             iserdes_clkdiv_3
  Path Type:              Setup (Max at Slow Process Corner)
  Requirement:            2.500ns  (iserdes_clkdiv_3 rise@3.672ns - iserdes_clkdiv_3 rise@1.172ns)
  Data Path Delay:        0.643ns  (logic 0.326ns (50.688%)  route 0.317ns (49.312%))
  Logic Levels:           0  
  Clock Path Skew:        -0.352ns (DCD - SCD + CPR)
    Destination Clock Delay (DCD):    4.405ns = ( 8.077 - 3.672 ) 
    Source Clock Delay      (SCD):    5.125ns = ( 6.297 - 1.172 ) 
    Clock Pessimism Removal (CPR):    0.367ns
  Clock Uncertainty:      0.047ns  ((TSJ^2 + DJ^2)^1/2) / 2 + PE
    Total System Jitter     (TSJ):    0.071ns
    Discrete Jitter          (DJ):    0.061ns
    Phase Error              (PE):    0.000ns

    Location             Delay type                Incr(ns)  Path(ns)    Netlist Resource(s)
  -------------------------------------------------------------------    -------------------
                         (clock iserdes_clkdiv_3 rise edge)
                                                      1.172     1.172 r  
    AD12                                              0.000     1.172 r  sys_clk_p (IN)
                         net (fo=0)                   0.000     1.172    i_ddr/u_xlnx_mig_7_ddr3_mig/u_ddr3_clk_ibuf/sys_clk_p
    AD12                 IBUFDS (Prop_ibufds_I_O)     0.832     2.004 r  i_ddr/u_xlnx_mig_7_ddr3_mig/u_ddr3_clk_ibuf/diff_input_clk.u_ibufg_sys_clk/O
                         net (fo=3, routed)           1.098     3.102    i_ddr/u_xlnx_mig_7_ddr3_mig/u_ddr3_infrastructure/out
    PLLE2_ADV_X1Y1       PLLE2_ADV (Prop_plle2_adv_CLKIN1_CLKOUT0)
                                                      0.077     3.179 r  i_ddr/u_xlnx_mig_7_ddr3_mig/u_ddr3_infrastructure/plle2_i/CLKOUT0
                         net (fo=14, routed)          1.184     4.363    i_ddr/u_xlnx_mig_7_ddr3_mig/u_memc_ui_top_axi/mem_intfc0/ddr_phy_top0/u_ddr_mc_phy_wrapper/u_ddr_mc_phy/ddr_phy_4lanes_0.u_ddr_phy_4lanes/ddr_byte_lane_D.ddr_byte_lane_D/freq_refclk
    PHASER_IN_PHY_X1Y11  PHASER_IN_PHY (Prop_phaser_in_phy_FREQREFCLK_ICLK)
                                                      1.428     5.791 r  i_ddr/u_xlnx_mig_7_ddr3_mig/u_memc_ui_top_axi/mem_intfc0/ddr_phy_top0/u_ddr_mc_phy_wrapper/u_ddr_mc_phy/ddr_phy_4lanes_0.u_ddr_phy_4lanes/ddr_byte_lane_D.ddr_byte_lane_D/phaser_in_gen.phaser_in/ICLK
    PHASER_IN_PHY_X1Y11  PHASER_IN_PHY (Prop_phaser_in_phy_ICLK_ICLKDIV)
                                                      0.154     5.945 r  i_ddr/u_xlnx_mig_7_ddr3_mig/u_memc_ui_top_axi/mem_intfc0/ddr_phy_top0/u_ddr_mc_phy_wrapper/u_ddr_mc_phy/ddr_phy_4lanes_0.u_ddr_phy_4lanes/ddr_byte_lane_D.ddr_byte_lane_D/phaser_in_gen.phaser_in/ICLKDIV
                         net (fo=9, routed)           0.352     6.297    i_ddr/u_xlnx_mig_7_ddr3_mig/u_memc_ui_top_axi/mem_intfc0/ddr_phy_top0/u_ddr_mc_phy_wrapper/u_ddr_mc_phy/ddr_phy_4lanes_0.u_ddr_phy_4lanes/ddr_byte_lane_D.ddr_byte_lane_D/ddr_byte_group_io/iserdes_clkdiv
    ILOGIC_X1Y138        ISERDESE2                                    r  i_ddr/u_xlnx_mig_7_ddr3_mig/u_memc_ui_top_axi/mem_intfc0/ddr_phy_top0/u_ddr_mc_phy_wrapper/u_ddr_mc_phy/ddr_phy_4lanes_0.u_ddr_phy_4lanes/ddr_byte_lane_D.ddr_byte_lane_D/ddr_byte_group_io/input_[1].iserdes_dq_.iserdesdq/CLKDIVP
  -------------------------------------------------------------------    -------------------
    ILOGIC_X1Y138        ISERDESE2 (Prop_iserdese2_CLKDIVP_Q1)
                                                      0.326     6.623 r  i_ddr/u_xlnx_mig_7_ddr3_mig/u_memc_ui_top_axi/mem_intfc0/ddr_phy_top0/u_ddr_mc_phy_wrapper/u_ddr_mc_phy/ddr_phy_4lanes_0.u_ddr_phy_4lanes/ddr_byte_lane_D.ddr_byte_lane_D/ddr_byte_group_io/input_[1].iserdes_dq_.iserdesdq/Q1
                         net (fo=1, routed)           0.317     6.940    i_ddr/u_xlnx_mig_7_ddr3_mig/u_memc_ui_top_axi/mem_intfc0/ddr_phy_top0/u_ddr_mc_phy_wrapper/u_ddr_mc_phy/ddr_phy_4lanes_0.u_ddr_phy_4lanes/ddr_byte_lane_D.ddr_byte_lane_D/if_d1[3]
    IN_FIFO_X1Y11        IN_FIFO                                      r  i_ddr/u_xlnx_mig_7_ddr3_mig/u_memc_ui_top_axi/mem_intfc0/ddr_phy_top0/u_ddr_mc_phy_wrapper/u_ddr_mc_phy/ddr_phy_4lanes_0.u_ddr_phy_4lanes/ddr_byte_lane_D.ddr_byte_lane_D/in_fifo_gen.in_fifo/D1[3]
  -------------------------------------------------------------------    -------------------

                         (clock iserdes_clkdiv_3 rise edge)
                                                      3.672     3.672 r  
    AD12                                              0.000     3.672 r  sys_clk_p (IN)
                         net (fo=0)                   0.000     3.672    i_ddr/u_xlnx_mig_7_ddr3_mig/u_ddr3_clk_ibuf/sys_clk_p
    AD12                 IBUFDS (Prop_ibufds_I_O)     0.735     4.407 r  i_ddr/u_xlnx_mig_7_ddr3_mig/u_ddr3_clk_ibuf/diff_input_clk.u_ibufg_sys_clk/O
                         net (fo=3, routed)           1.001     5.408    i_ddr/u_xlnx_mig_7_ddr3_mig/u_ddr3_infrastructure/out
    PLLE2_ADV_X1Y1       PLLE2_ADV (Prop_plle2_adv_CLKIN1_CLKOUT0)
                                                      0.073     5.481 r  i_ddr/u_xlnx_mig_7_ddr3_mig/u_ddr3_infrastructure/plle2_i/CLKOUT0
                         net (fo=14, routed)          1.057     6.538    i_ddr/u_xlnx_mig_7_ddr3_mig/u_memc_ui_top_axi/mem_intfc0/ddr_phy_top0/u_ddr_mc_phy_wrapper/u_ddr_mc_phy/ddr_phy_4lanes_0.u_ddr_phy_4lanes/ddr_byte_lane_D.ddr_byte_lane_D/freq_refclk
    PHASER_IN_PHY_X1Y11  PHASER_IN_PHY (Prop_phaser_in_phy_FREQREFCLK_ICLK)
                                                      1.394     7.932 r  i_ddr/u_xlnx_mig_7_ddr3_mig/u_memc_ui_top_axi/mem_intfc0/ddr_phy_top0/u_ddr_mc_phy_wrapper/u_ddr_mc_phy/ddr_phy_4lanes_0.u_ddr_phy_4lanes/ddr_byte_lane_D.ddr_byte_lane_D/phaser_in_gen.phaser_in/ICLK
    PHASER_IN_PHY_X1Y11  PHASER_IN_PHY (Prop_phaser_in_phy_ICLK_ICLKDIV)
                                                      0.145     8.077 r  i_ddr/u_xlnx_mig_7_ddr3_mig/u_memc_ui_top_axi/mem_intfc0/ddr_phy_top0/u_ddr_mc_phy_wrapper/u_ddr_mc_phy/ddr_phy_4lanes_0.u_ddr_phy_4lanes/ddr_byte_lane_D.ddr_byte_lane_D/phaser_in_gen.phaser_in/ICLKDIV
                         net (fo=9, routed)           0.000     8.077    i_ddr/u_xlnx_mig_7_ddr3_mig/u_memc_ui_top_axi/mem_intfc0/ddr_phy_top0/u_ddr_mc_phy_wrapper/u_ddr_mc_phy/ddr_phy_4lanes_0.u_ddr_phy_4lanes/ddr_byte_lane_D.ddr_byte_lane_D/iserdes_clkdiv
    IN_FIFO_X1Y11        IN_FIFO                                      r  i_ddr/u_xlnx_mig_7_ddr3_mig/u_memc_ui_top_axi/mem_intfc0/ddr_phy_top0/u_ddr_mc_phy_wrapper/u_ddr_mc_phy/ddr_phy_4lanes_0.u_ddr_phy_4lanes/ddr_byte_lane_D.ddr_byte_lane_D/in_fifo_gen.in_fifo/WRCLK
                         clock pessimism              0.367     8.445    
                         clock uncertainty           -0.047     8.398    
    IN_FIFO_X1Y11        IN_FIFO (Setup_in_fifo_WRCLK_D1[3])
                                                     -0.469     7.929    i_ddr/u_xlnx_mig_7_ddr3_mig/u_memc_ui_top_axi/mem_intfc0/ddr_phy_top0/u_ddr_mc_phy_wrapper/u_ddr_mc_phy/ddr_phy_4lanes_0.u_ddr_phy_4lanes/ddr_byte_lane_D.ddr_byte_lane_D/in_fifo_gen.in_fifo
  -------------------------------------------------------------------
                         required time                          7.929    
                         arrival time                          -6.940    
  -------------------------------------------------------------------
                         slack                                  0.989    

Slack (MET) :             1.049ns  (required time - arrival time)
  Source:                 i_ariane_peripherals/gen_ethernet.eth_rgmii/RAMB16_inst_tx/genblk1[1].RAMB16_S9_S36_inst/CLKARDCLK
                            (falling edge-triggered cell RAMB36E1 clocked by clk_out2_xlnx_clk_gen  {rise@0.000ns fall@4.000ns period=8.000ns})
  Destination:            i_ariane_peripherals/gen_ethernet.eth_rgmii/rgmii_soc1/core_inst/eth_mac_inst/eth_mac_1g_rgmii_inst/eth_mac_1g_inst/axis_gmii_tx_inst/s_tdata_reg_reg[4]/D
                            (rising edge-triggered cell FDRE clocked by clk_out2_xlnx_clk_gen  {rise@0.000ns fall@4.000ns period=8.000ns})
  Path Group:             clk_out2_xlnx_clk_gen
  Path Type:              Setup (Max at Slow Process Corner)
  Requirement:            4.000ns  (clk_out2_xlnx_clk_gen rise@8.000ns - clk_out2_xlnx_clk_gen fall@4.000ns)
  Data Path Delay:        2.879ns  (logic 1.843ns (64.017%)  route 1.036ns (35.983%))
  Logic Levels:           1  (LUT3=1)
  Clock Path Skew:        -0.072ns (DCD - SCD + CPR)
    Destination Clock Delay (DCD):    1.678ns = ( 9.678 - 8.000 ) 
    Source Clock Delay      (SCD):    1.842ns = ( 5.842 - 4.000 ) 
    Clock Pessimism Removal (CPR):    0.092ns
  Clock Uncertainty:      0.065ns  ((TSJ^2 + DJ^2)^1/2) / 2 + PE
    Total System Jitter     (TSJ):    0.071ns
    Discrete Jitter          (DJ):    0.109ns
    Phase Error              (PE):    0.000ns

    Location             Delay type                Incr(ns)  Path(ns)    Netlist Resource(s)
  -------------------------------------------------------------------    -------------------
                         (clock clk_out2_xlnx_clk_gen fall edge)
                                                      4.000     4.000 f  
    BUFGCTRL_X0Y1        BUFG                         0.000     4.000 f  i_ddr/u_xlnx_mig_7_ddr3_mig/u_ddr3_infrastructure/u_bufg_clkdiv0/O
                         net (fo=11269, routed)       1.936     5.936    i_xlnx_clk_gen/inst/clk_in1
    MMCME2_ADV_X1Y0      MMCME2_ADV (Prop_mmcme2_adv_CLKIN1_CLKOUT1)
                                                     -4.498     1.438 f  i_xlnx_clk_gen/inst/mmcm_adv_inst/CLKOUT1
                         net (fo=1, routed)           2.469     3.907    i_xlnx_clk_gen/inst/clk_out2_xlnx_clk_gen
    BUFGCTRL_X0Y2        BUFG (Prop_bufg_I_O)         0.093     4.000 f  i_xlnx_clk_gen/inst/clkout2_buf/O
                         net (fo=167, routed)         1.842     5.842    i_ariane_peripherals/gen_ethernet.eth_rgmii/RAMB16_inst_tx/clka
    RAMB36_X4Y9          RAMB36E1                                     r  i_ariane_peripherals/gen_ethernet.eth_rgmii/RAMB16_inst_tx/genblk1[1].RAMB16_S9_S36_inst/CLKARDCLK  (IS_INVERTED)
  -------------------------------------------------------------------    -------------------
    RAMB36_X4Y9          RAMB36E1 (Prop_ramb36e1_CLKARDCLK_DOADO[4])
                                                      1.800     7.642 r  i_ariane_peripherals/gen_ethernet.eth_rgmii/RAMB16_inst_tx/genblk1[1].RAMB16_S9_S36_inst/DOADO[4]
                         net (fo=1, routed)           1.036     8.678    i_ariane_peripherals/gen_ethernet.eth_rgmii/RAMB16_inst_tx/douta[12]
    SLICE_X132Y48        LUT3 (Prop_lut3_I0_O)        0.043     8.721 r  i_ariane_peripherals/gen_ethernet.eth_rgmii/RAMB16_inst_tx/s_tdata_reg[4]_i_1/O
                         net (fo=1, routed)           0.000     8.721    i_ariane_peripherals/gen_ethernet.eth_rgmii/rgmii_soc1/core_inst/eth_mac_inst/eth_mac_1g_rgmii_inst/eth_mac_1g_inst/axis_gmii_tx_inst/s_tdata_reg_reg[4]_0
    SLICE_X132Y48        FDRE                                         r  i_ariane_peripherals/gen_ethernet.eth_rgmii/rgmii_soc1/core_inst/eth_mac_inst/eth_mac_1g_rgmii_inst/eth_mac_1g_inst/axis_gmii_tx_inst/s_tdata_reg_reg[4]/D
  -------------------------------------------------------------------    -------------------

                         (clock clk_out2_xlnx_clk_gen rise edge)
                                                      8.000     8.000 r  
    BUFGCTRL_X0Y1        BUFG                         0.000     8.000 r  i_ddr/u_xlnx_mig_7_ddr3_mig/u_ddr3_infrastructure/u_bufg_clkdiv0/O
                         net (fo=11269, routed)       1.776     9.776    i_xlnx_clk_gen/inst/clk_in1
    MMCME2_ADV_X1Y0      MMCME2_ADV (Prop_mmcme2_adv_CLKIN1_CLKOUT1)
                                                     -4.195     5.581 r  i_xlnx_clk_gen/inst/mmcm_adv_inst/CLKOUT1
                         net (fo=1, routed)           2.336     7.917    i_xlnx_clk_gen/inst/clk_out2_xlnx_clk_gen
    BUFGCTRL_X0Y2        BUFG (Prop_bufg_I_O)         0.083     8.000 r  i_xlnx_clk_gen/inst/clkout2_buf/O
                         net (fo=167, routed)         1.678     9.678    i_ariane_peripherals/gen_ethernet.eth_rgmii/rgmii_soc1/core_inst/eth_mac_inst/eth_mac_1g_rgmii_inst/eth_mac_1g_inst/axis_gmii_tx_inst/clk_out2
    SLICE_X132Y48        FDRE                                         r  i_ariane_peripherals/gen_ethernet.eth_rgmii/rgmii_soc1/core_inst/eth_mac_inst/eth_mac_1g_rgmii_inst/eth_mac_1g_inst/axis_gmii_tx_inst/s_tdata_reg_reg[4]/C
                         clock pessimism              0.092     9.770    
                         clock uncertainty           -0.065     9.705    
    SLICE_X132Y48        FDRE (Setup_fdre_C_D)        0.065     9.770    i_ariane_peripherals/gen_ethernet.eth_rgmii/rgmii_soc1/core_inst/eth_mac_inst/eth_mac_1g_rgmii_inst/eth_mac_1g_inst/axis_gmii_tx_inst/s_tdata_reg_reg[4]
  -------------------------------------------------------------------
                         required time                          9.770    
                         arrival time                          -8.721    
  -------------------------------------------------------------------
                         slack                                  1.049    

Slack (MET) :             1.521ns  (required time - arrival time)
  Source:                 i_ddr/u_xlnx_mig_7_ddr3_mig/u_memc_ui_top_axi/mem_intfc0/mc0/mc_read_idle_r_reg/C
                            (rising edge-triggered cell FDRE clocked by clk_pll_i  {rise@0.000ns fall@2.500ns period=5.000ns})
  Destination:            i_ddr/u_xlnx_mig_7_ddr3_mig/u_memc_ui_top_axi/mem_intfc0/ddr_phy_top0/u_ddr_mc_phy_wrapper/u_ddr_mc_phy/ddr_phy_4lanes_0.u_ddr_phy_4lanes/ddr_byte_lane_D.ddr_byte_lane_D/ddr_byte_group_io/input_[8].iserdes_dq_.iserdesdq/DDLY
                            (falling edge-triggered cell ISERDESE2 clocked by u_memc_ui_top_axi/mem_intfc0/ddr_phy_top0/u_ddr_mc_phy_wrapper/u_ddr_mc_phy/ddr_phy_4lanes_0.u_ddr_phy_4lanes/ddr_byte_lane_D.ddr_byte_lane_D/iserdes_clk  {rise@1.172ns fall@1.797ns period=1.250ns})
  Path Group:             u_memc_ui_top_axi/mem_intfc0/ddr_phy_top0/u_ddr_mc_phy_wrapper/u_ddr_mc_phy/ddr_phy_4lanes_0.u_ddr_phy_4lanes/ddr_byte_lane_D.ddr_byte_lane_D/iserdes_clk
  Path Type:              Setup (Max at Slow Process Corner)
  Requirement:            6.797ns  (u_memc_ui_top_axi/mem_intfc0/ddr_phy_top0/u_ddr_mc_phy_wrapper/u_ddr_mc_phy/ddr_phy_4lanes_0.u_ddr_phy_4lanes/ddr_byte_lane_D.ddr_byte_lane_D/iserdes_clk fall@6.797ns - clk_pll_i rise@0.000ns)
  Data Path Delay:        5.999ns  (logic 2.378ns (39.639%)  route 3.621ns (60.361%))
  Logic Levels:           2  (IBUF_IBUFDISABLE=1 IDELAYE2_FINEDELAY=1)
  Clock Path Skew:        1.011ns (DCD - SCD + CPR)
    Destination Clock Delay (DCD):    4.575ns = ( 5.122 - 0.547 ) 
    Source Clock Delay      (SCD):    3.762ns
    Clock Pessimism Removal (CPR):    0.197ns
  Clock Uncertainty:      0.173ns  ((TSJ^2 + DJ^2)^1/2) / 2 + PE
    Total System Jitter     (TSJ):    0.071ns
    Discrete Jitter          (DJ):    0.076ns
    Phase Error              (PE):    0.121ns
  Timing Exception:       MultiCycle Path   Setup -end   6

    Location             Delay type                Incr(ns)  Path(ns)    Netlist Resource(s)
  -------------------------------------------------------------------    -------------------
                         (clock clk_pll_i rise edge)
                                                      0.000     0.000 r  
    AD12                                              0.000     0.000 r  sys_clk_p (IN)
                         net (fo=0)                   0.000     0.000    i_ddr/u_xlnx_mig_7_ddr3_mig/u_ddr3_clk_ibuf/sys_clk_p
    AD12                 IBUFDS (Prop_ibufds_I_O)     0.832     0.832 r  i_ddr/u_xlnx_mig_7_ddr3_mig/u_ddr3_clk_ibuf/diff_input_clk.u_ibufg_sys_clk/O
                         net (fo=3, routed)           1.098     1.930    i_ddr/u_xlnx_mig_7_ddr3_mig/u_ddr3_infrastructure/out
    PLLE2_ADV_X1Y1       PLLE2_ADV (Prop_plle2_adv_CLKIN1_CLKOUT3)
                                                      0.077     2.007 r  i_ddr/u_xlnx_mig_7_ddr3_mig/u_ddr3_infrastructure/plle2_i/CLKOUT3
                         net (fo=1, routed)           1.155     3.162    i_ddr/u_xlnx_mig_7_ddr3_mig/u_ddr3_infrastructure/pll_clk3_out
    BUFHCE_X1Y12         BUFH (Prop_bufh_I_O)         0.103     3.265 r  i_ddr/u_xlnx_mig_7_ddr3_mig/u_ddr3_infrastructure/u_bufh_pll_clk3/O
                         net (fo=1, routed)           0.790     4.055    i_ddr/u_xlnx_mig_7_ddr3_mig/u_ddr3_infrastructure/pll_clk3
    MMCME2_ADV_X1Y1      MMCME2_ADV (Prop_mmcme2_adv_CLKIN1_CLKFBOUT)
                                                     -3.987     0.068 r  i_ddr/u_xlnx_mig_7_ddr3_mig/u_ddr3_infrastructure/gen_mmcm.mmcm_i/CLKFBOUT
                         net (fo=1, routed)           2.130     2.198    i_ddr/u_xlnx_mig_7_ddr3_mig/u_ddr3_infrastructure/clk_pll_i
    BUFGCTRL_X0Y1        BUFG (Prop_bufg_I_O)         0.093     2.291 r  i_ddr/u_xlnx_mig_7_ddr3_mig/u_ddr3_infrastructure/u_bufg_clkdiv0/O
                         net (fo=11269, routed)       1.471     3.762    i_ddr/u_xlnx_mig_7_ddr3_mig/u_memc_ui_top_axi/mem_intfc0/mc0/CLK
    SLICE_X136Y111       FDRE                                         r  i_ddr/u_xlnx_mig_7_ddr3_mig/u_memc_ui_top_axi/mem_intfc0/mc0/mc_read_idle_r_reg/C
  -------------------------------------------------------------------    -------------------
    SLICE_X136Y111       FDRE (Prop_fdre_C_Q)         0.259     4.021 r  i_ddr/u_xlnx_mig_7_ddr3_mig/u_memc_ui_top_axi/mem_intfc0/mc0/mc_read_idle_r_reg/Q
                         net (fo=72, routed)          3.621     7.642    i_ddr/u_xlnx_mig_7_ddr3_mig/u_memc_ui_top_axi/mem_intfc0/ddr_phy_top0/u_ddr_mc_phy_wrapper/gen_dq_iobuf_HP.gen_dq_iobuf[0].u_iobuf_dq/IBUFDISABLE
    AD3                  IBUF_IBUFDISABLE (Prop_ibuf_ibufdisable_IBUFDISABLE_O)
                                                      1.453     9.095 r  i_ddr/u_xlnx_mig_7_ddr3_mig/u_memc_ui_top_axi/mem_intfc0/ddr_phy_top0/u_ddr_mc_phy_wrapper/gen_dq_iobuf_HP.gen_dq_iobuf[0].u_iobuf_dq/IBUF/O
                         net (fo=2, routed)           0.000     9.095    i_ddr/u_xlnx_mig_7_ddr3_mig/u_memc_ui_top_axi/mem_intfc0/ddr_phy_top0/u_ddr_mc_phy_wrapper/u_ddr_mc_phy/ddr_phy_4lanes_0.u_ddr_phy_4lanes/ddr_byte_lane_D.ddr_byte_lane_D/ddr_byte_group_io/mem_dq_in[7]
    IDELAY_X1Y147        IDELAYE2_FINEDELAY (Prop_idelaye2_finedelay_IDATAIN_DATAOUT)
                                                      0.666     9.761 r  i_ddr/u_xlnx_mig_7_ddr3_mig/u_memc_ui_top_axi/mem_intfc0/ddr_phy_top0/u_ddr_mc_phy_wrapper/u_ddr_mc_phy/ddr_phy_4lanes_0.u_ddr_phy_4lanes/ddr_byte_lane_D.ddr_byte_lane_D/ddr_byte_group_io/input_[8].iserdes_dq_.idelay_finedelay_dq.idelaye2/DATAOUT
                         net (fo=1, routed)           0.000     9.761    i_ddr/u_xlnx_mig_7_ddr3_mig/u_memc_ui_top_axi/mem_intfc0/ddr_phy_top0/u_ddr_mc_phy_wrapper/u_ddr_mc_phy/ddr_phy_4lanes_0.u_ddr_phy_4lanes/ddr_byte_lane_D.ddr_byte_lane_D/ddr_byte_group_io/data_in_dly_8
    ILOGIC_X1Y147        ISERDESE2                                    r  i_ddr/u_xlnx_mig_7_ddr3_mig/u_memc_ui_top_axi/mem_intfc0/ddr_phy_top0/u_ddr_mc_phy_wrapper/u_ddr_mc_phy/ddr_phy_4lanes_0.u_ddr_phy_4lanes/ddr_byte_lane_D.ddr_byte_lane_D/ddr_byte_group_io/input_[8].iserdes_dq_.iserdesdq/DDLY
  -------------------------------------------------------------------    -------------------

                         (clock u_memc_ui_top_axi/mem_intfc0/ddr_phy_top0/u_ddr_mc_phy_wrapper/u_ddr_mc_phy/ddr_phy_4lanes_0.u_ddr_phy_4lanes/ddr_byte_lane_D.ddr_byte_lane_D/iserdes_clk fall edge)
                                                      6.797     6.797 f  
    AD12                                              0.000     6.797 f  sys_clk_p (IN)
                         net (fo=0)                   0.000     6.797    i_ddr/u_xlnx_mig_7_ddr3_mig/u_ddr3_clk_ibuf/sys_clk_p
    AD12                 IBUFDS (Prop_ibufds_I_O)     0.735     7.532 f  i_ddr/u_xlnx_mig_7_ddr3_mig/u_ddr3_clk_ibuf/diff_input_clk.u_ibufg_sys_clk/O
                         net (fo=3, routed)           1.001     8.533    i_ddr/u_xlnx_mig_7_ddr3_mig/u_ddr3_infrastructure/out
    PLLE2_ADV_X1Y1       PLLE2_ADV (Prop_plle2_adv_CLKIN1_CLKOUT0)
                                                      0.073     8.606 f  i_ddr/u_xlnx_mig_7_ddr3_mig/u_ddr3_infrastructure/plle2_i/CLKOUT0
                         net (fo=14, routed)          1.057     9.663    i_ddr/u_xlnx_mig_7_ddr3_mig/u_memc_ui_top_axi/mem_intfc0/ddr_phy_top0/u_ddr_mc_phy_wrapper/u_ddr_mc_phy/ddr_phy_4lanes_0.u_ddr_phy_4lanes/ddr_byte_lane_D.ddr_byte_lane_D/freq_refclk
    PHASER_IN_PHY_X1Y11  PHASER_IN_PHY (Prop_phaser_in_phy_FREQREFCLK_ICLK)
                                                      1.394    11.057 f  i_ddr/u_xlnx_mig_7_ddr3_mig/u_memc_ui_top_axi/mem_intfc0/ddr_phy_top0/u_ddr_mc_phy_wrapper/u_ddr_mc_phy/ddr_phy_4lanes_0.u_ddr_phy_4lanes/ddr_byte_lane_D.ddr_byte_lane_D/phaser_in_gen.phaser_in/ICLK
                         net (fo=16, routed)          0.315    11.372    i_ddr/u_xlnx_mig_7_ddr3_mig/u_memc_ui_top_axi/mem_intfc0/ddr_phy_top0/u_ddr_mc_phy_wrapper/u_ddr_mc_phy/ddr_phy_4lanes_0.u_ddr_phy_4lanes/ddr_byte_lane_D.ddr_byte_lane_D/ddr_byte_group_io/CLKB0_9
    ILOGIC_X1Y147        ISERDESE2                                    r  i_ddr/u_xlnx_mig_7_ddr3_mig/u_memc_ui_top_axi/mem_intfc0/ddr_phy_top0/u_ddr_mc_phy_wrapper/u_ddr_mc_phy/ddr_phy_4lanes_0.u_ddr_phy_4lanes/ddr_byte_lane_D.ddr_byte_lane_D/ddr_byte_group_io/input_[8].iserdes_dq_.iserdesdq/CLKB  (IS_INVERTED)
                         clock pessimism              0.197    11.570    
                         clock uncertainty           -0.173    11.397    
    ILOGIC_X1Y147        ISERDESE2 (Setup_iserdese2_CLKB_DDLY)
                                                     -0.115    11.282    i_ddr/u_xlnx_mig_7_ddr3_mig/u_memc_ui_top_axi/mem_intfc0/ddr_phy_top0/u_ddr_mc_phy_wrapper/u_ddr_mc_phy/ddr_phy_4lanes_0.u_ddr_phy_4lanes/ddr_byte_lane_D.ddr_byte_lane_D/ddr_byte_group_io/input_[8].iserdes_dq_.iserdesdq
  -------------------------------------------------------------------
                         required time                         11.282    
                         arrival time                          -9.761    
  -------------------------------------------------------------------
                         slack                                  1.521    

Slack (MET) :             1.814ns  (required time - arrival time)
  Source:                 i_ddr/u_xlnx_mig_7_ddr3_mig/u_iodelay_ctrl/rst_ref_gen_1.rst_ref_sync_r_reg[1][2]/C
                            (rising edge-triggered cell FDPE clocked by clk_ref_mmcm_400  {rise@0.000ns fall@1.250ns period=2.500ns})
  Destination:            i_ddr/u_xlnx_mig_7_ddr3_mig/u_iodelay_ctrl/rst_ref_gen_1.rst_ref_sync_r_reg[1][3]/D
                            (rising edge-triggered cell FDPE clocked by clk_ref_mmcm_400  {rise@0.000ns fall@1.250ns period=2.500ns})
  Path Group:             clk_ref_mmcm_400
  Path Type:              Setup (Max at Slow Process Corner)
  Requirement:            2.500ns  (clk_ref_mmcm_400 rise@2.500ns - clk_ref_mmcm_400 rise@0.000ns)
  Data Path Delay:        0.614ns  (logic 0.223ns (36.333%)  route 0.391ns (63.667%))
  Logic Levels:           0  
  Clock Path Skew:        0.000ns (DCD - SCD + CPR)
    Destination Clock Delay (DCD):    6.360ns = ( 8.860 - 2.500 ) 
    Source Clock Delay      (SCD):    7.315ns
    Clock Pessimism Removal (CPR):    0.955ns
  Clock Uncertainty:      0.054ns  ((TSJ^2 + DJ^2)^1/2) / 2 + PE
    Total System Jitter     (TSJ):    0.071ns
    Discrete Jitter          (DJ):    0.081ns
    Phase Error              (PE):    0.000ns

    Location             Delay type                Incr(ns)  Path(ns)    Netlist Resource(s)
  -------------------------------------------------------------------    -------------------
                         (clock clk_ref_mmcm_400 rise edge)
                                                      0.000     0.000 r  
    AD12                                              0.000     0.000 r  sys_clk_p (IN)
                         net (fo=0)                   0.000     0.000    i_ddr/u_xlnx_mig_7_ddr3_mig/u_ddr3_clk_ibuf/sys_clk_p
    AD12                 IBUFDS (Prop_ibufds_I_O)     0.832     0.832 r  i_ddr/u_xlnx_mig_7_ddr3_mig/u_ddr3_clk_ibuf/diff_input_clk.u_ibufg_sys_clk/O
                         net (fo=3, routed)           3.626     4.458    i_ddr/u_xlnx_mig_7_ddr3_mig/u_iodelay_ctrl/out
    MMCME2_ADV_X0Y3      MMCME2_ADV (Prop_mmcme2_adv_CLKIN1_CLKOUT1)
                                                      0.077     4.535 r  i_ddr/u_xlnx_mig_7_ddr3_mig/u_iodelay_ctrl/clk_ref_mmcm_gen.mmcm_i/CLKOUT1
                         net (fo=1, routed)           1.465     6.000    i_ddr/u_xlnx_mig_7_ddr3_mig/u_iodelay_ctrl/clk_ref_mmcm_400
    BUFGCTRL_X0Y4        BUFG (Prop_bufg_I_O)         0.093     6.093 r  i_ddr/u_xlnx_mig_7_ddr3_mig/u_iodelay_ctrl/clk_ref_300_400_en.clk_ref_400.u_bufg_clk_ref_400/O
                         net (fo=16, routed)          1.222     7.315    i_ddr/u_xlnx_mig_7_ddr3_mig/u_iodelay_ctrl/clk_ref_300_400_en.clk_ref_400.u_bufg_clk_ref_400_n_0
    SLICE_X92Y170        FDPE                                         r  i_ddr/u_xlnx_mig_7_ddr3_mig/u_iodelay_ctrl/rst_ref_gen_1.rst_ref_sync_r_reg[1][2]/C
  -------------------------------------------------------------------    -------------------
    SLICE_X92Y170        FDPE (Prop_fdpe_C_Q)         0.223     7.538 r  i_ddr/u_xlnx_mig_7_ddr3_mig/u_iodelay_ctrl/rst_ref_gen_1.rst_ref_sync_r_reg[1][2]/Q
                         net (fo=1, routed)           0.391     7.929    i_ddr/u_xlnx_mig_7_ddr3_mig/u_iodelay_ctrl/rst_ref_gen_1.rst_ref_sync_r_reg_n_0_[1][2]
    SLICE_X92Y170        FDPE                                         r  i_ddr/u_xlnx_mig_7_ddr3_mig/u_iodelay_ctrl/rst_ref_gen_1.rst_ref_sync_r_reg[1][3]/D
  -------------------------------------------------------------------    -------------------

                         (clock clk_ref_mmcm_400 rise edge)
                                                      2.500     2.500 r  
    AD12                                              0.000     2.500 r  sys_clk_p (IN)
                         net (fo=0)                   0.000     2.500    i_ddr/u_xlnx_mig_7_ddr3_mig/u_ddr3_clk_ibuf/sys_clk_p
    AD12                 IBUFDS (Prop_ibufds_I_O)     0.735     3.235 r  i_ddr/u_xlnx_mig_7_ddr3_mig/u_ddr3_clk_ibuf/diff_input_clk.u_ibufg_sys_clk/O
                         net (fo=3, routed)           3.019     6.255    i_ddr/u_xlnx_mig_7_ddr3_mig/u_iodelay_ctrl/out
    MMCME2_ADV_X0Y3      MMCME2_ADV (Prop_mmcme2_adv_CLKIN1_CLKOUT1)
                                                      0.073     6.328 r  i_ddr/u_xlnx_mig_7_ddr3_mig/u_iodelay_ctrl/clk_ref_mmcm_gen.mmcm_i/CLKOUT1
                         net (fo=1, routed)           1.355     7.683    i_ddr/u_xlnx_mig_7_ddr3_mig/u_iodelay_ctrl/clk_ref_mmcm_400
    BUFGCTRL_X0Y4        BUFG (Prop_bufg_I_O)         0.083     7.766 r  i_ddr/u_xlnx_mig_7_ddr3_mig/u_iodelay_ctrl/clk_ref_300_400_en.clk_ref_400.u_bufg_clk_ref_400/O
                         net (fo=16, routed)          1.094     8.860    i_ddr/u_xlnx_mig_7_ddr3_mig/u_iodelay_ctrl/clk_ref_300_400_en.clk_ref_400.u_bufg_clk_ref_400_n_0
    SLICE_X92Y170        FDPE                                         r  i_ddr/u_xlnx_mig_7_ddr3_mig/u_iodelay_ctrl/rst_ref_gen_1.rst_ref_sync_r_reg[1][3]/C
                         clock pessimism              0.955     9.815    
                         clock uncertainty           -0.054     9.761    
    SLICE_X92Y170        FDPE (Setup_fdpe_C_D)       -0.019     9.742    i_ddr/u_xlnx_mig_7_ddr3_mig/u_iodelay_ctrl/rst_ref_gen_1.rst_ref_sync_r_reg[1][3]
  -------------------------------------------------------------------
                         required time                          9.742    
                         arrival time                          -7.929    
  -------------------------------------------------------------------
                         slack                                  1.814    

Slack (MET) :             2.402ns  (required time - arrival time)
  Source:                 i_ddr/u_xlnx_mig_7_ddr3_mig/u_memc_ui_top_axi/mem_intfc0/mc0/mc_read_idle_r_reg/C
                            (rising edge-triggered cell FDRE clocked by clk_pll_i  {rise@0.000ns fall@2.500ns period=5.000ns})
  Destination:            i_ddr/u_xlnx_mig_7_ddr3_mig/u_memc_ui_top_axi/mem_intfc0/ddr_phy_top0/u_ddr_mc_phy_wrapper/u_ddr_mc_phy/ddr_phy_4lanes_0.u_ddr_phy_4lanes/ddr_byte_lane_C.ddr_byte_lane_C/ddr_byte_group_io/input_[8].iserdes_dq_.iserdesdq/DDLY
                            (falling edge-triggered cell ISERDESE2 clocked by u_memc_ui_top_axi/mem_intfc0/ddr_phy_top0/u_ddr_mc_phy_wrapper/u_ddr_mc_phy/ddr_phy_4lanes_0.u_ddr_phy_4lanes/ddr_byte_lane_C.ddr_byte_lane_C/iserdes_clk  {rise@1.172ns fall@1.797ns period=1.250ns})
  Path Group:             u_memc_ui_top_axi/mem_intfc0/ddr_phy_top0/u_ddr_mc_phy_wrapper/u_ddr_mc_phy/ddr_phy_4lanes_0.u_ddr_phy_4lanes/ddr_byte_lane_C.ddr_byte_lane_C/iserdes_clk
  Path Type:              Setup (Max at Slow Process Corner)
  Requirement:            6.797ns  (u_memc_ui_top_axi/mem_intfc0/ddr_phy_top0/u_ddr_mc_phy_wrapper/u_ddr_mc_phy/ddr_phy_4lanes_0.u_ddr_phy_4lanes/ddr_byte_lane_C.ddr_byte_lane_C/iserdes_clk fall@6.797ns - clk_pll_i rise@0.000ns)
  Data Path Delay:        5.113ns  (logic 2.378ns (46.506%)  route 2.735ns (53.494%))
  Logic Levels:           2  (IBUF_IBUFDISABLE=1 IDELAYE2_FINEDELAY=1)
  Clock Path Skew:        1.006ns (DCD - SCD + CPR)
    Destination Clock Delay (DCD):    4.570ns = ( 5.117 - 0.547 ) 
    Source Clock Delay      (SCD):    3.762ns
    Clock Pessimism Removal (CPR):    0.197ns
  Clock Uncertainty:      0.173ns  ((TSJ^2 + DJ^2)^1/2) / 2 + PE
    Total System Jitter     (TSJ):    0.071ns
    Discrete Jitter          (DJ):    0.076ns
    Phase Error              (PE):    0.121ns
  Timing Exception:       MultiCycle Path   Setup -end   6

    Location             Delay type                Incr(ns)  Path(ns)    Netlist Resource(s)
  -------------------------------------------------------------------    -------------------
                         (clock clk_pll_i rise edge)
                                                      0.000     0.000 r  
    AD12                                              0.000     0.000 r  sys_clk_p (IN)
                         net (fo=0)                   0.000     0.000    i_ddr/u_xlnx_mig_7_ddr3_mig/u_ddr3_clk_ibuf/sys_clk_p
    AD12                 IBUFDS (Prop_ibufds_I_O)     0.832     0.832 r  i_ddr/u_xlnx_mig_7_ddr3_mig/u_ddr3_clk_ibuf/diff_input_clk.u_ibufg_sys_clk/O
                         net (fo=3, routed)           1.098     1.930    i_ddr/u_xlnx_mig_7_ddr3_mig/u_ddr3_infrastructure/out
    PLLE2_ADV_X1Y1       PLLE2_ADV (Prop_plle2_adv_CLKIN1_CLKOUT3)
                                                      0.077     2.007 r  i_ddr/u_xlnx_mig_7_ddr3_mig/u_ddr3_infrastructure/plle2_i/CLKOUT3
                         net (fo=1, routed)           1.155     3.162    i_ddr/u_xlnx_mig_7_ddr3_mig/u_ddr3_infrastructure/pll_clk3_out
    BUFHCE_X1Y12         BUFH (Prop_bufh_I_O)         0.103     3.265 r  i_ddr/u_xlnx_mig_7_ddr3_mig/u_ddr3_infrastructure/u_bufh_pll_clk3/O
                         net (fo=1, routed)           0.790     4.055    i_ddr/u_xlnx_mig_7_ddr3_mig/u_ddr3_infrastructure/pll_clk3
    MMCME2_ADV_X1Y1      MMCME2_ADV (Prop_mmcme2_adv_CLKIN1_CLKFBOUT)
                                                     -3.987     0.068 r  i_ddr/u_xlnx_mig_7_ddr3_mig/u_ddr3_infrastructure/gen_mmcm.mmcm_i/CLKFBOUT
                         net (fo=1, routed)           2.130     2.198    i_ddr/u_xlnx_mig_7_ddr3_mig/u_ddr3_infrastructure/clk_pll_i
    BUFGCTRL_X0Y1        BUFG (Prop_bufg_I_O)         0.093     2.291 r  i_ddr/u_xlnx_mig_7_ddr3_mig/u_ddr3_infrastructure/u_bufg_clkdiv0/O
                         net (fo=11269, routed)       1.471     3.762    i_ddr/u_xlnx_mig_7_ddr3_mig/u_memc_ui_top_axi/mem_intfc0/mc0/CLK
    SLICE_X136Y111       FDRE                                         r  i_ddr/u_xlnx_mig_7_ddr3_mig/u_memc_ui_top_axi/mem_intfc0/mc0/mc_read_idle_r_reg/C
  -------------------------------------------------------------------    -------------------
    SLICE_X136Y111       FDRE (Prop_fdre_C_Q)         0.259     4.021 r  i_ddr/u_xlnx_mig_7_ddr3_mig/u_memc_ui_top_axi/mem_intfc0/mc0/mc_read_idle_r_reg/Q
                         net (fo=72, routed)          2.735     6.756    i_ddr/u_xlnx_mig_7_ddr3_mig/u_memc_ui_top_axi/mem_intfc0/ddr_phy_top0/u_ddr_mc_phy_wrapper/gen_dq_iobuf_HP.gen_dq_iobuf[8].u_iobuf_dq/IBUFDISABLE
    AF2                  IBUF_IBUFDISABLE (Prop_ibuf_ibufdisable_IBUFDISABLE_O)
                                                      1.453     8.209 r  i_ddr/u_xlnx_mig_7_ddr3_mig/u_memc_ui_top_axi/mem_intfc0/ddr_phy_top0/u_ddr_mc_phy_wrapper/gen_dq_iobuf_HP.gen_dq_iobuf[8].u_iobuf_dq/IBUF/O
                         net (fo=2, routed)           0.000     8.209    i_ddr/u_xlnx_mig_7_ddr3_mig/u_memc_ui_top_axi/mem_intfc0/ddr_phy_top0/u_ddr_mc_phy_wrapper/u_ddr_mc_phy/ddr_phy_4lanes_0.u_ddr_phy_4lanes/ddr_byte_lane_C.ddr_byte_lane_C/ddr_byte_group_io/mem_dq_in[7]
    IDELAY_X1Y135        IDELAYE2_FINEDELAY (Prop_idelaye2_finedelay_IDATAIN_DATAOUT)
                                                      0.666     8.875 r  i_ddr/u_xlnx_mig_7_ddr3_mig/u_memc_ui_top_axi/mem_intfc0/ddr_phy_top0/u_ddr_mc_phy_wrapper/u_ddr_mc_phy/ddr_phy_4lanes_0.u_ddr_phy_4lanes/ddr_byte_lane_C.ddr_byte_lane_C/ddr_byte_group_io/input_[8].iserdes_dq_.idelay_finedelay_dq.idelaye2/DATAOUT
                         net (fo=1, routed)           0.000     8.875    i_ddr/u_xlnx_mig_7_ddr3_mig/u_memc_ui_top_axi/mem_intfc0/ddr_phy_top0/u_ddr_mc_phy_wrapper/u_ddr_mc_phy/ddr_phy_4lanes_0.u_ddr_phy_4lanes/ddr_byte_lane_C.ddr_byte_lane_C/ddr_byte_group_io/data_in_dly_8
    ILOGIC_X1Y135        ISERDESE2                                    r  i_ddr/u_xlnx_mig_7_ddr3_mig/u_memc_ui_top_axi/mem_intfc0/ddr_phy_top0/u_ddr_mc_phy_wrapper/u_ddr_mc_phy/ddr_phy_4lanes_0.u_ddr_phy_4lanes/ddr_byte_lane_C.ddr_byte_lane_C/ddr_byte_group_io/input_[8].iserdes_dq_.iserdesdq/DDLY
  -------------------------------------------------------------------    -------------------

                         (clock u_memc_ui_top_axi/mem_intfc0/ddr_phy_top0/u_ddr_mc_phy_wrapper/u_ddr_mc_phy/ddr_phy_4lanes_0.u_ddr_phy_4lanes/ddr_byte_lane_C.ddr_byte_lane_C/iserdes_clk fall edge)
                                                      6.797     6.797 f  
    AD12                                              0.000     6.797 f  sys_clk_p (IN)
                         net (fo=0)                   0.000     6.797    i_ddr/u_xlnx_mig_7_ddr3_mig/u_ddr3_clk_ibuf/sys_clk_p
    AD12                 IBUFDS (Prop_ibufds_I_O)     0.735     7.532 f  i_ddr/u_xlnx_mig_7_ddr3_mig/u_ddr3_clk_ibuf/diff_input_clk.u_ibufg_sys_clk/O
                         net (fo=3, routed)           1.001     8.533    i_ddr/u_xlnx_mig_7_ddr3_mig/u_ddr3_infrastructure/out
    PLLE2_ADV_X1Y1       PLLE2_ADV (Prop_plle2_adv_CLKIN1_CLKOUT0)
                                                      0.073     8.606 f  i_ddr/u_xlnx_mig_7_ddr3_mig/u_ddr3_infrastructure/plle2_i/CLKOUT0
                         net (fo=14, routed)          1.065     9.671    i_ddr/u_xlnx_mig_7_ddr3_mig/u_memc_ui_top_axi/mem_intfc0/ddr_phy_top0/u_ddr_mc_phy_wrapper/u_ddr_mc_phy/ddr_phy_4lanes_0.u_ddr_phy_4lanes/ddr_byte_lane_C.ddr_byte_lane_C/freq_refclk
    PHASER_IN_PHY_X1Y10  PHASER_IN_PHY (Prop_phaser_in_phy_FREQREFCLK_ICLK)
                                                      1.394    11.065 f  i_ddr/u_xlnx_mig_7_ddr3_mig/u_memc_ui_top_axi/mem_intfc0/ddr_phy_top0/u_ddr_mc_phy_wrapper/u_ddr_mc_phy/ddr_phy_4lanes_0.u_ddr_phy_4lanes/ddr_byte_lane_C.ddr_byte_lane_C/phaser_in_gen.phaser_in/ICLK
                         net (fo=16, routed)          0.302    11.367    i_ddr/u_xlnx_mig_7_ddr3_mig/u_memc_ui_top_axi/mem_intfc0/ddr_phy_top0/u_ddr_mc_phy_wrapper/u_ddr_mc_phy/ddr_phy_4lanes_0.u_ddr_phy_4lanes/ddr_byte_lane_C.ddr_byte_lane_C/ddr_byte_group_io/CLKB0_8
    ILOGIC_X1Y135        ISERDESE2                                    r  i_ddr/u_xlnx_mig_7_ddr3_mig/u_memc_ui_top_axi/mem_intfc0/ddr_phy_top0/u_ddr_mc_phy_wrapper/u_ddr_mc_phy/ddr_phy_4lanes_0.u_ddr_phy_4lanes/ddr_byte_lane_C.ddr_byte_lane_C/ddr_byte_group_io/input_[8].iserdes_dq_.iserdesdq/CLKB  (IS_INVERTED)
                         clock pessimism              0.197    11.565    
                         clock uncertainty           -0.173    11.392    
    ILOGIC_X1Y135        ISERDESE2 (Setup_iserdese2_CLKB_DDLY)
                                                     -0.115    11.277    i_ddr/u_xlnx_mig_7_ddr3_mig/u_memc_ui_top_axi/mem_intfc0/ddr_phy_top0/u_ddr_mc_phy_wrapper/u_ddr_mc_phy/ddr_phy_4lanes_0.u_ddr_phy_4lanes/ddr_byte_lane_C.ddr_byte_lane_C/ddr_byte_group_io/input_[8].iserdes_dq_.iserdesdq
  -------------------------------------------------------------------
                         required time                         11.277    
                         arrival time                          -8.875    
  -------------------------------------------------------------------
                         slack                                  2.402    

Slack (MET) :             2.687ns  (required time - arrival time)
  Source:                 i_ddr/u_xlnx_mig_7_ddr3_mig/u_ddr3_infrastructure/rst_sync_r1_reg/C
                            (rising edge-triggered cell FDPE clocked by mmcm_ps_clk_bufg_in  {rise@0.000ns fall@5.000ns period=10.000ns})
  Destination:            i_ddr/u_xlnx_mig_7_ddr3_mig/u_memc_ui_top_axi/mem_intfc0/ddr_phy_top0/u_ddr_mc_phy_wrapper/gen_dqs_iobuf_HP.gen_dqs_iobuf[3].gen_dqs_diff.u_iddr_edge_det/u_phase_detector/R
                            (rising edge-triggered cell IDDR clocked by mmcm_ps_clk_bufg_in  {rise@0.000ns fall@5.000ns period=10.000ns})
  Path Group:             mmcm_ps_clk_bufg_in
  Path Type:              Setup (Max at Slow Process Corner)
  Requirement:            5.000ns  (mmcm_ps_clk_bufg_in fall@5.000ns - mmcm_ps_clk_bufg_in rise@0.000ns)
  Data Path Delay:        1.663ns  (logic 0.223ns (13.407%)  route 1.440ns (86.593%))
  Logic Levels:           0  
  Clock Path Skew:        0.025ns (DCD - SCD + CPR)
    Destination Clock Delay (DCD):    3.489ns = ( 8.489 - 5.000 ) 
    Source Clock Delay      (SCD):    3.809ns
    Clock Pessimism Removal (CPR):    0.344ns
  Clock Uncertainty:      0.068ns  ((TSJ^2 + DJ^2)^1/2) / 2 + PE
    Total System Jitter     (TSJ):    0.071ns
    Discrete Jitter          (DJ):    0.117ns
    Phase Error              (PE):    0.000ns

    Location             Delay type                Incr(ns)  Path(ns)    Netlist Resource(s)
  -------------------------------------------------------------------    -------------------
                         (clock mmcm_ps_clk_bufg_in rise edge)
                                                      0.000     0.000 r  
    AD12                                              0.000     0.000 r  sys_clk_p (IN)
                         net (fo=0)                   0.000     0.000    i_ddr/u_xlnx_mig_7_ddr3_mig/u_ddr3_clk_ibuf/sys_clk_p
    AD12                 IBUFDS (Prop_ibufds_I_O)     0.832     0.832 r  i_ddr/u_xlnx_mig_7_ddr3_mig/u_ddr3_clk_ibuf/diff_input_clk.u_ibufg_sys_clk/O
                         net (fo=3, routed)           1.098     1.930    i_ddr/u_xlnx_mig_7_ddr3_mig/u_ddr3_infrastructure/out
    PLLE2_ADV_X1Y1       PLLE2_ADV (Prop_plle2_adv_CLKIN1_CLKOUT3)
                                                      0.077     2.007 r  i_ddr/u_xlnx_mig_7_ddr3_mig/u_ddr3_infrastructure/plle2_i/CLKOUT3
                         net (fo=1, routed)           1.155     3.162    i_ddr/u_xlnx_mig_7_ddr3_mig/u_ddr3_infrastructure/pll_clk3_out
    BUFHCE_X1Y12         BUFH (Prop_bufh_I_O)         0.103     3.265 r  i_ddr/u_xlnx_mig_7_ddr3_mig/u_ddr3_infrastructure/u_bufh_pll_clk3/O
                         net (fo=1, routed)           0.790     4.055    i_ddr/u_xlnx_mig_7_ddr3_mig/u_ddr3_infrastructure/pll_clk3
    MMCME2_ADV_X1Y1      MMCME2_ADV (Prop_mmcme2_adv_CLKIN1_CLKOUT0)
                                                     -3.987     0.068 r  i_ddr/u_xlnx_mig_7_ddr3_mig/u_ddr3_infrastructure/gen_mmcm.mmcm_i/CLKOUT0
                         net (fo=1, routed)           2.130     2.198    i_ddr/u_xlnx_mig_7_ddr3_mig/u_ddr3_infrastructure/mmcm_ps_clk_bufg_in
    BUFGCTRL_X0Y3        BUFG (Prop_bufg_I_O)         0.093     2.291 r  i_ddr/u_xlnx_mig_7_ddr3_mig/u_ddr3_infrastructure/gen_mmcm.u_bufg_mmcm_ps_clk/O
                         net (fo=18, routed)          1.518     3.809    i_ddr/u_xlnx_mig_7_ddr3_mig/u_ddr3_infrastructure/mmcm_ps_clk
    SLICE_X150Y131       FDPE                                         r  i_ddr/u_xlnx_mig_7_ddr3_mig/u_ddr3_infrastructure/rst_sync_r1_reg/C
  -------------------------------------------------------------------    -------------------
    SLICE_X150Y131       FDPE (Prop_fdpe_C_Q)         0.223     4.032 r  i_ddr/u_xlnx_mig_7_ddr3_mig/u_ddr3_infrastructure/rst_sync_r1_reg/Q
                         net (fo=4, routed)           1.440     5.472    i_ddr/u_xlnx_mig_7_ddr3_mig/u_memc_ui_top_axi/mem_intfc0/ddr_phy_top0/u_ddr_mc_phy_wrapper/gen_dqs_iobuf_HP.gen_dqs_iobuf[3].gen_dqs_diff.u_iddr_edge_det/rst_sync_r1
    ILOGIC_X1Y107        IDDR                                         r  i_ddr/u_xlnx_mig_7_ddr3_mig/u_memc_ui_top_axi/mem_intfc0/ddr_phy_top0/u_ddr_mc_phy_wrapper/gen_dqs_iobuf_HP.gen_dqs_iobuf[3].gen_dqs_diff.u_iddr_edge_det/u_phase_detector/R
  -------------------------------------------------------------------    -------------------

                         (clock mmcm_ps_clk_bufg_in fall edge)
                                                      5.000     5.000 f  
    AD12                                              0.000     5.000 f  sys_clk_p (IN)
                         net (fo=0)                   0.000     5.000    i_ddr/u_xlnx_mig_7_ddr3_mig/u_ddr3_clk_ibuf/sys_clk_p
    AD12                 IBUFDS (Prop_ibufds_I_O)     0.735     5.735 f  i_ddr/u_xlnx_mig_7_ddr3_mig/u_ddr3_clk_ibuf/diff_input_clk.u_ibufg_sys_clk/O
                         net (fo=3, routed)           1.001     6.736    i_ddr/u_xlnx_mig_7_ddr3_mig/u_ddr3_infrastructure/out
    PLLE2_ADV_X1Y1       PLLE2_ADV (Prop_plle2_adv_CLKIN1_CLKOUT3)
                                                      0.073     6.809 f  i_ddr/u_xlnx_mig_7_ddr3_mig/u_ddr3_infrastructure/plle2_i/CLKOUT3
                         net (fo=1, routed)           1.043     7.852    i_ddr/u_xlnx_mig_7_ddr3_mig/u_ddr3_infrastructure/pll_clk3_out
    BUFHCE_X1Y12         BUFH (Prop_bufh_I_O)         0.066     7.918 f  i_ddr/u_xlnx_mig_7_ddr3_mig/u_ddr3_infrastructure/u_bufh_pll_clk3/O
                         net (fo=1, routed)           0.722     8.640    i_ddr/u_xlnx_mig_7_ddr3_mig/u_ddr3_infrastructure/pll_clk3
    MMCME2_ADV_X1Y1      MMCME2_ADV (Prop_mmcme2_adv_CLKIN1_CLKOUT0)
                                                     -3.694     4.946 f  i_ddr/u_xlnx_mig_7_ddr3_mig/u_ddr3_infrastructure/gen_mmcm.mmcm_i/CLKOUT0
                         net (fo=1, routed)           2.005     6.951    i_ddr/u_xlnx_mig_7_ddr3_mig/u_ddr3_infrastructure/mmcm_ps_clk_bufg_in
    BUFGCTRL_X0Y3        BUFG (Prop_bufg_I_O)         0.083     7.034 f  i_ddr/u_xlnx_mig_7_ddr3_mig/u_ddr3_infrastructure/gen_mmcm.u_bufg_mmcm_ps_clk/O
                         net (fo=18, routed)          1.455     8.489    i_ddr/u_xlnx_mig_7_ddr3_mig/u_memc_ui_top_axi/mem_intfc0/ddr_phy_top0/u_ddr_mc_phy_wrapper/gen_dqs_iobuf_HP.gen_dqs_iobuf[3].gen_dqs_diff.u_iddr_edge_det/mmcm_ps_clk
    ILOGIC_X1Y107        IDDR                                         f  i_ddr/u_xlnx_mig_7_ddr3_mig/u_memc_ui_top_axi/mem_intfc0/ddr_phy_top0/u_ddr_mc_phy_wrapper/gen_dqs_iobuf_HP.gen_dqs_iobuf[3].gen_dqs_diff.u_iddr_edge_det/u_phase_detector/C
                         clock pessimism              0.344     8.834    
                         clock uncertainty           -0.068     8.765    
    ILOGIC_X1Y107        IDDR (Setup_iddr_C_R)       -0.606     8.159    i_ddr/u_xlnx_mig_7_ddr3_mig/u_memc_ui_top_axi/mem_intfc0/ddr_phy_top0/u_ddr_mc_phy_wrapper/gen_dqs_iobuf_HP.gen_dqs_iobuf[3].gen_dqs_diff.u_iddr_edge_det/u_phase_detector
  -------------------------------------------------------------------
                         required time                          8.159    
                         arrival time                          -5.472    
  -------------------------------------------------------------------
                         slack                                  2.687    

Slack (MET) :             2.733ns  (required time - arrival time)
  Source:                 i_ddr/u_xlnx_mig_7_ddr3_mig/u_ddr3_infrastructure/rstdiv0_sync_r1_reg_rep__18/C
                            (rising edge-triggered cell FDPE clocked by clk_pll_i  {rise@0.000ns fall@2.500ns period=5.000ns})
  Destination:            i_ddr/u_xlnx_mig_7_ddr3_mig/u_memc_ui_top_axi/mem_intfc0/ddr_phy_top0/u_ddr_mc_phy_wrapper/u_ddr_mc_phy/ddr_phy_4lanes_1.u_ddr_phy_4lanes/rst_out_reg/CLR
                            (recovery check against rising-edge clock clk_pll_i  {rise@0.000ns fall@2.500ns period=5.000ns})
  Path Group:             **async_default**
  Path Type:              Recovery (Max at Slow Process Corner)
  Requirement:            5.000ns  (clk_pll_i rise@5.000ns - clk_pll_i rise@0.000ns)
  Data Path Delay:        2.004ns  (logic 0.259ns (12.926%)  route 1.745ns (87.074%))
  Logic Levels:           0  
  Clock Path Skew:        0.001ns (DCD - SCD + CPR)
    Destination Clock Delay (DCD):    3.421ns = ( 8.421 - 5.000 ) 
    Source Clock Delay      (SCD):    3.765ns
    Clock Pessimism Removal (CPR):    0.344ns
  Clock Uncertainty:      0.052ns  ((TSJ^2 + DJ^2)^1/2) / 2 + PE
    Total System Jitter     (TSJ):    0.071ns
    Discrete Jitter          (DJ):    0.077ns
    Phase Error              (PE):    0.000ns

    Location             Delay type                Incr(ns)  Path(ns)    Netlist Resource(s)
  -------------------------------------------------------------------    -------------------
                         (clock clk_pll_i rise edge)
                                                      0.000     0.000 r  
    AD12                                              0.000     0.000 r  sys_clk_p (IN)
                         net (fo=0)                   0.000     0.000    i_ddr/u_xlnx_mig_7_ddr3_mig/u_ddr3_clk_ibuf/sys_clk_p
    AD12                 IBUFDS (Prop_ibufds_I_O)     0.832     0.832 r  i_ddr/u_xlnx_mig_7_ddr3_mig/u_ddr3_clk_ibuf/diff_input_clk.u_ibufg_sys_clk/O
                         net (fo=3, routed)           1.098     1.930    i_ddr/u_xlnx_mig_7_ddr3_mig/u_ddr3_infrastructure/out
    PLLE2_ADV_X1Y1       PLLE2_ADV (Prop_plle2_adv_CLKIN1_CLKOUT3)
                                                      0.077     2.007 r  i_ddr/u_xlnx_mig_7_ddr3_mig/u_ddr3_infrastructure/plle2_i/CLKOUT3
                         net (fo=1, routed)           1.155     3.162    i_ddr/u_xlnx_mig_7_ddr3_mig/u_ddr3_infrastructure/pll_clk3_out
    BUFHCE_X1Y12         BUFH (Prop_bufh_I_O)         0.103     3.265 r  i_ddr/u_xlnx_mig_7_ddr3_mig/u_ddr3_infrastructure/u_bufh_pll_clk3/O
                         net (fo=1, routed)           0.790     4.055    i_ddr/u_xlnx_mig_7_ddr3_mig/u_ddr3_infrastructure/pll_clk3
    MMCME2_ADV_X1Y1      MMCME2_ADV (Prop_mmcme2_adv_CLKIN1_CLKFBOUT)
                                                     -3.987     0.068 r  i_ddr/u_xlnx_mig_7_ddr3_mig/u_ddr3_infrastructure/gen_mmcm.mmcm_i/CLKFBOUT
                         net (fo=1, routed)           2.130     2.198    i_ddr/u_xlnx_mig_7_ddr3_mig/u_ddr3_infrastructure/clk_pll_i
    BUFGCTRL_X0Y1        BUFG (Prop_bufg_I_O)         0.093     2.291 r  i_ddr/u_xlnx_mig_7_ddr3_mig/u_ddr3_infrastructure/u_bufg_clkdiv0/O
                         net (fo=11269, routed)       1.474     3.765    i_ddr/u_xlnx_mig_7_ddr3_mig/u_ddr3_infrastructure/CLK
    SLICE_X134Y148       FDPE                                         r  i_ddr/u_xlnx_mig_7_ddr3_mig/u_ddr3_infrastructure/rstdiv0_sync_r1_reg_rep__18/C
  -------------------------------------------------------------------    -------------------
    SLICE_X134Y148       FDPE (Prop_fdpe_C_Q)         0.259     4.024 f  i_ddr/u_xlnx_mig_7_ddr3_mig/u_ddr3_infrastructure/rstdiv0_sync_r1_reg_rep__18/Q
                         net (fo=50, routed)          1.745     5.768    i_ddr/u_xlnx_mig_7_ddr3_mig/u_memc_ui_top_axi/mem_intfc0/ddr_phy_top0/u_ddr_mc_phy_wrapper/u_ddr_mc_phy/ddr_phy_4lanes_1.u_ddr_phy_4lanes/rst_out_reg_0[0]
    SLICE_X146Y112       FDCE                                         f  i_ddr/u_xlnx_mig_7_ddr3_mig/u_memc_ui_top_axi/mem_intfc0/ddr_phy_top0/u_ddr_mc_phy_wrapper/u_ddr_mc_phy/ddr_phy_4lanes_1.u_ddr_phy_4lanes/rst_out_reg/CLR
  -------------------------------------------------------------------    -------------------

                         (clock clk_pll_i rise edge)
                                                      5.000     5.000 r  
    AD12                                              0.000     5.000 r  sys_clk_p (IN)
                         net (fo=0)                   0.000     5.000    i_ddr/u_xlnx_mig_7_ddr3_mig/u_ddr3_clk_ibuf/sys_clk_p
    AD12                 IBUFDS (Prop_ibufds_I_O)     0.735     5.735 r  i_ddr/u_xlnx_mig_7_ddr3_mig/u_ddr3_clk_ibuf/diff_input_clk.u_ibufg_sys_clk/O
                         net (fo=3, routed)           1.001     6.736    i_ddr/u_xlnx_mig_7_ddr3_mig/u_ddr3_infrastructure/out
    PLLE2_ADV_X1Y1       PLLE2_ADV (Prop_plle2_adv_CLKIN1_CLKOUT3)
                                                      0.073     6.809 r  i_ddr/u_xlnx_mig_7_ddr3_mig/u_ddr3_infrastructure/plle2_i/CLKOUT3
                         net (fo=1, routed)           1.043     7.852    i_ddr/u_xlnx_mig_7_ddr3_mig/u_ddr3_infrastructure/pll_clk3_out
    BUFHCE_X1Y12         BUFH (Prop_bufh_I_O)         0.066     7.918 r  i_ddr/u_xlnx_mig_7_ddr3_mig/u_ddr3_infrastructure/u_bufh_pll_clk3/O
                         net (fo=1, routed)           0.722     8.640    i_ddr/u_xlnx_mig_7_ddr3_mig/u_ddr3_infrastructure/pll_clk3
    MMCME2_ADV_X1Y1      MMCME2_ADV (Prop_mmcme2_adv_CLKIN1_CLKFBOUT)
                                                     -3.694     4.946 r  i_ddr/u_xlnx_mig_7_ddr3_mig/u_ddr3_infrastructure/gen_mmcm.mmcm_i/CLKFBOUT
                         net (fo=1, routed)           2.005     6.951    i_ddr/u_xlnx_mig_7_ddr3_mig/u_ddr3_infrastructure/clk_pll_i
    BUFGCTRL_X0Y1        BUFG (Prop_bufg_I_O)         0.083     7.034 r  i_ddr/u_xlnx_mig_7_ddr3_mig/u_ddr3_infrastructure/u_bufg_clkdiv0/O
                         net (fo=11269, routed)       1.387     8.421    i_ddr/u_xlnx_mig_7_ddr3_mig/u_memc_ui_top_axi/mem_intfc0/ddr_phy_top0/u_ddr_mc_phy_wrapper/u_ddr_mc_phy/ddr_phy_4lanes_1.u_ddr_phy_4lanes/CLK
    SLICE_X146Y112       FDCE                                         r  i_ddr/u_xlnx_mig_7_ddr3_mig/u_memc_ui_top_axi/mem_intfc0/ddr_phy_top0/u_ddr_mc_phy_wrapper/u_ddr_mc_phy/ddr_phy_4lanes_1.u_ddr_phy_4lanes/rst_out_reg/C
                         clock pessimism              0.344     8.766    
                         clock uncertainty           -0.052     8.713    
    SLICE_X146Y112       FDCE (Recov_fdce_C_CLR)     -0.212     8.501    i_ddr/u_xlnx_mig_7_ddr3_mig/u_memc_ui_top_axi/mem_intfc0/ddr_phy_top0/u_ddr_mc_phy_wrapper/u_ddr_mc_phy/ddr_phy_4lanes_1.u_ddr_phy_4lanes/rst_out_reg
  -------------------------------------------------------------------
                         required time                          8.501    
                         arrival time                          -5.768    
  -------------------------------------------------------------------
                         slack                                  2.733    

Slack (MET) :             2.843ns  (required time - arrival time)
  Source:                 i_dmi_jtag/i_dmi_jtag_tap/td_o_reg/C
                            (falling edge-triggered cell FDCE clocked by tck  {rise@0.000ns fall@50.000ns period=100.000ns})
  Destination:            tdo
                            (output port clocked by tck  {rise@0.000ns fall@50.000ns period=100.000ns})
  Path Group:             tck
  Path Type:              Max at Slow Process Corner
  Requirement:            20.000ns  (MaxDelay Path 20.000ns)
  Data Path Delay:        6.172ns  (logic 3.508ns (56.841%)  route 2.664ns (43.159%))
  Logic Levels:           1  (OBUF=1)
  Output Delay:           5.000ns
  Clock Path Skew:        -5.483ns (DCD - SCD + CPR)
    Destination Clock Delay (DCD):    0.000ns
    Source Clock Delay      (SCD):    5.483ns
    Clock Pessimism Removal (CPR):    0.000ns
  Clock Uncertainty:      0.501ns  ((TSJ^2 + TIJ^2)^1/2 + DJ) / 2 + PE
    Total System Jitter     (TSJ):    0.071ns
    Total Input Jitter      (TIJ):    1.000ns
    Discrete Jitter          (DJ):    0.000ns
    Phase Error              (PE):    0.000ns
  Timing Exception:       MaxDelay Path 20.000ns

    Location             Delay type                Incr(ns)  Path(ns)    Netlist Resource(s)
  -------------------------------------------------------------------    -------------------
                         (clock tck fall edge)        0.000     0.000 f  
    AD27                                              0.000     0.000 f  tck (IN)
                         net (fo=0)                   0.000     0.000    tck
    AD27                 IBUF (Prop_ibuf_I_O)         1.518     1.518 f  tck_IBUF_inst/O
                         net (fo=1, routed)           2.312     3.830    tck_IBUF
    BUFGCTRL_X0Y6        BUFG (Prop_bufg_I_O)         0.093     3.923 f  tck_IBUF_BUFG_inst/O
                         net (fo=258, routed)         1.560     5.483    i_dmi_jtag/i_dmi_jtag_tap/tck_ni
    SLICE_X79Y91         FDCE                                         r  i_dmi_jtag/i_dmi_jtag_tap/td_o_reg/C  (IS_INVERTED)
  -------------------------------------------------------------------    -------------------
    SLICE_X79Y91         FDCE (Prop_fdce_C_Q)         0.228     5.711 r  i_dmi_jtag/i_dmi_jtag_tap/td_o_reg/Q
                         net (fo=1, routed)           2.664     8.375    tdo_OBUF
    W28                  OBUF (Prop_obuf_I_O)         3.280    11.655 r  tdo_OBUF_inst/O
                         net (fo=0)                   0.000    11.655    tdo
    W28                                                               r  tdo (OUT)
  -------------------------------------------------------------------    -------------------

                         max delay                   20.000    20.000    
                         clock pessimism              0.000    20.000    
                         clock uncertainty           -0.501    19.499    
                         output delay                -5.000    14.499    
  -------------------------------------------------------------------
                         required time                         14.499    
                         arrival time                         -11.655    
  -------------------------------------------------------------------
                         slack                                  2.843    

Slack (MET) :             3.113ns  (required time - arrival time)
  Source:                 i_ddr/u_xlnx_mig_7_ddr3_mig/temp_mon_enabled.u_tempmon/xadc_supplied_temperature.rst_r2_reg/C
                            (rising edge-triggered cell FDRE clocked by sys_clk_p  {rise@0.000ns fall@2.500ns period=5.000ns})
  Destination:            i_ddr/u_xlnx_mig_7_ddr3_mig/temp_mon_enabled.u_tempmon/xadc_supplied_temperature.sample_timer_reg[0]/R
                            (rising edge-triggered cell FDRE clocked by sys_clk_p  {rise@0.000ns fall@2.500ns period=5.000ns})
  Path Group:             sys_clk_p
  Path Type:              Setup (Max at Slow Process Corner)
  Requirement:            5.000ns  (sys_clk_p rise@5.000ns - sys_clk_p rise@0.000ns)
  Data Path Delay:        1.527ns  (logic 0.327ns (21.410%)  route 1.200ns (78.590%))
  Logic Levels:           1  (LUT2=1)
  Clock Path Skew:        -0.043ns (DCD - SCD + CPR)
    Destination Clock Delay (DCD):    4.133ns = ( 9.133 - 5.000 ) 
    Source Clock Delay      (SCD):    4.495ns
    Clock Pessimism Removal (CPR):    0.318ns
  Clock Uncertainty:      0.035ns  ((TSJ^2 + TIJ^2)^1/2 + DJ) / 2 + PE
    Total System Jitter     (TSJ):    0.071ns
    Total Input Jitter      (TIJ):    0.000ns
    Discrete Jitter          (DJ):    0.000ns
    Phase Error              (PE):    0.000ns

    Location             Delay type                Incr(ns)  Path(ns)    Netlist Resource(s)
  -------------------------------------------------------------------    -------------------
                         (clock sys_clk_p rise edge)
                                                      0.000     0.000 r  
    AD12                                              0.000     0.000 r  sys_clk_p (IN)
                         net (fo=0)                   0.000     0.000    i_ddr/u_xlnx_mig_7_ddr3_mig/u_ddr3_clk_ibuf/sys_clk_p
    AD12                 IBUFDS (Prop_ibufds_I_O)     0.832     0.832 r  i_ddr/u_xlnx_mig_7_ddr3_mig/u_ddr3_clk_ibuf/diff_input_clk.u_ibufg_sys_clk/O
                         net (fo=3, routed)           2.299     3.131    i_ddr/u_xlnx_mig_7_ddr3_mig/u_iodelay_ctrl/out
    BUFGCTRL_X0Y7        BUFG (Prop_bufg_I_O)         0.093     3.224 r  i_ddr/u_xlnx_mig_7_ddr3_mig/u_iodelay_ctrl/clk_ref_200.u_bufg_clk_ref/O
                         net (fo=60, routed)          1.271     4.495    i_ddr/u_xlnx_mig_7_ddr3_mig/temp_mon_enabled.u_tempmon/CLK
    SLICE_X47Y168        FDRE                                         r  i_ddr/u_xlnx_mig_7_ddr3_mig/temp_mon_enabled.u_tempmon/xadc_supplied_temperature.rst_r2_reg/C
  -------------------------------------------------------------------    -------------------
    SLICE_X47Y168        FDRE (Prop_fdre_C_Q)         0.204     4.699 r  i_ddr/u_xlnx_mig_7_ddr3_mig/temp_mon_enabled.u_tempmon/xadc_supplied_temperature.rst_r2_reg/Q
                         net (fo=32, routed)          0.714     5.413    i_ddr/u_xlnx_mig_7_ddr3_mig/temp_mon_enabled.u_tempmon/xadc_supplied_temperature.rst_r2
    SLICE_X36Y175        LUT2 (Prop_lut2_I0_O)        0.123     5.536 r  i_ddr/u_xlnx_mig_7_ddr3_mig/temp_mon_enabled.u_tempmon/xadc_supplied_temperature.sample_timer[10]_i_1/O
                         net (fo=11, routed)          0.486     6.022    i_ddr/u_xlnx_mig_7_ddr3_mig/temp_mon_enabled.u_tempmon/xadc_supplied_temperature.sample_timer0
    SLICE_X38Y178        FDRE                                         r  i_ddr/u_xlnx_mig_7_ddr3_mig/temp_mon_enabled.u_tempmon/xadc_supplied_temperature.sample_timer_reg[0]/R
  -------------------------------------------------------------------    -------------------

                         (clock sys_clk_p rise edge)
                                                      5.000     5.000 r  
    AD12                                              0.000     5.000 r  sys_clk_p (IN)
                         net (fo=0)                   0.000     5.000    i_ddr/u_xlnx_mig_7_ddr3_mig/u_ddr3_clk_ibuf/sys_clk_p
    AD12                 IBUFDS (Prop_ibufds_I_O)     0.735     5.735 r  i_ddr/u_xlnx_mig_7_ddr3_mig/u_ddr3_clk_ibuf/diff_input_clk.u_ibufg_sys_clk/O
                         net (fo=3, routed)           2.173     7.908    i_ddr/u_xlnx_mig_7_ddr3_mig/u_iodelay_ctrl/out
    BUFGCTRL_X0Y7        BUFG (Prop_bufg_I_O)         0.083     7.991 r  i_ddr/u_xlnx_mig_7_ddr3_mig/u_iodelay_ctrl/clk_ref_200.u_bufg_clk_ref/O
                         net (fo=60, routed)          1.142     9.133    i_ddr/u_xlnx_mig_7_ddr3_mig/temp_mon_enabled.u_tempmon/CLK
    SLICE_X38Y178        FDRE                                         r  i_ddr/u_xlnx_mig_7_ddr3_mig/temp_mon_enabled.u_tempmon/xadc_supplied_temperature.sample_timer_reg[0]/C
                         clock pessimism              0.318     9.452    
                         clock uncertainty           -0.035     9.416    
    SLICE_X38Y178        FDRE (Setup_fdre_C_R)       -0.281     9.135    i_ddr/u_xlnx_mig_7_ddr3_mig/temp_mon_enabled.u_tempmon/xadc_supplied_temperature.sample_timer_reg[0]
  -------------------------------------------------------------------
                         required time                          9.135    
                         arrival time                          -6.022    
  -------------------------------------------------------------------
                         slack                                  3.113    

Slack (MET) :             3.510ns  (required time - arrival time)
  Source:                 i_ddr/u_xlnx_mig_7_ddr3_mig/u_memc_ui_top_axi/mem_intfc0/mc0/mc_read_idle_r_reg/C
                            (rising edge-triggered cell FDRE clocked by clk_pll_i  {rise@0.000ns fall@2.500ns period=5.000ns})
  Destination:            i_ddr/u_xlnx_mig_7_ddr3_mig/u_memc_ui_top_axi/mem_intfc0/ddr_phy_top0/u_ddr_mc_phy_wrapper/u_ddr_mc_phy/ddr_phy_4lanes_0.u_ddr_phy_4lanes/ddr_byte_lane_B.ddr_byte_lane_B/ddr_byte_group_io/input_[8].iserdes_dq_.iserdesdq/DDLY
                            (falling edge-triggered cell ISERDESE2 clocked by u_memc_ui_top_axi/mem_intfc0/ddr_phy_top0/u_ddr_mc_phy_wrapper/u_ddr_mc_phy/ddr_phy_4lanes_0.u_ddr_phy_4lanes/ddr_byte_lane_B.ddr_byte_lane_B/iserdes_clk  {rise@1.172ns fall@1.797ns period=1.250ns})
  Path Group:             u_memc_ui_top_axi/mem_intfc0/ddr_phy_top0/u_ddr_mc_phy_wrapper/u_ddr_mc_phy/ddr_phy_4lanes_0.u_ddr_phy_4lanes/ddr_byte_lane_B.ddr_byte_lane_B/iserdes_clk
  Path Type:              Setup (Max at Slow Process Corner)
  Requirement:            6.797ns  (u_memc_ui_top_axi/mem_intfc0/ddr_phy_top0/u_ddr_mc_phy_wrapper/u_ddr_mc_phy/ddr_phy_4lanes_0.u_ddr_phy_4lanes/ddr_byte_lane_B.ddr_byte_lane_B/iserdes_clk fall@6.797ns - clk_pll_i rise@0.000ns)
  Data Path Delay:        4.016ns  (logic 2.378ns (59.214%)  route 1.638ns (40.786%))
  Logic Levels:           2  (IBUF_IBUFDISABLE=1 IDELAYE2_FINEDELAY=1)
  Clock Path Skew:        1.017ns (DCD - SCD + CPR)
    Destination Clock Delay (DCD):    4.581ns = ( 5.128 - 0.547 ) 
    Source Clock Delay      (SCD):    3.762ns
    Clock Pessimism Removal (CPR):    0.197ns
  Clock Uncertainty:      0.173ns  ((TSJ^2 + DJ^2)^1/2) / 2 + PE
    Total System Jitter     (TSJ):    0.071ns
    Discrete Jitter          (DJ):    0.076ns
    Phase Error              (PE):    0.121ns
  Timing Exception:       MultiCycle Path   Setup -end   6

    Location             Delay type                Incr(ns)  Path(ns)    Netlist Resource(s)
  -------------------------------------------------------------------    -------------------
                         (clock clk_pll_i rise edge)
                                                      0.000     0.000 r  
    AD12                                              0.000     0.000 r  sys_clk_p (IN)
                         net (fo=0)                   0.000     0.000    i_ddr/u_xlnx_mig_7_ddr3_mig/u_ddr3_clk_ibuf/sys_clk_p
    AD12                 IBUFDS (Prop_ibufds_I_O)     0.832     0.832 r  i_ddr/u_xlnx_mig_7_ddr3_mig/u_ddr3_clk_ibuf/diff_input_clk.u_ibufg_sys_clk/O
                         net (fo=3, routed)           1.098     1.930    i_ddr/u_xlnx_mig_7_ddr3_mig/u_ddr3_infrastructure/out
    PLLE2_ADV_X1Y1       PLLE2_ADV (Prop_plle2_adv_CLKIN1_CLKOUT3)
                                                      0.077     2.007 r  i_ddr/u_xlnx_mig_7_ddr3_mig/u_ddr3_infrastructure/plle2_i/CLKOUT3
                         net (fo=1, routed)           1.155     3.162    i_ddr/u_xlnx_mig_7_ddr3_mig/u_ddr3_infrastructure/pll_clk3_out
    BUFHCE_X1Y12         BUFH (Prop_bufh_I_O)         0.103     3.265 r  i_ddr/u_xlnx_mig_7_ddr3_mig/u_ddr3_infrastructure/u_bufh_pll_clk3/O
                         net (fo=1, routed)           0.790     4.055    i_ddr/u_xlnx_mig_7_ddr3_mig/u_ddr3_infrastructure/pll_clk3
    MMCME2_ADV_X1Y1      MMCME2_ADV (Prop_mmcme2_adv_CLKIN1_CLKFBOUT)
                                                     -3.987     0.068 r  i_ddr/u_xlnx_mig_7_ddr3_mig/u_ddr3_infrastructure/gen_mmcm.mmcm_i/CLKFBOUT
                         net (fo=1, routed)           2.130     2.198    i_ddr/u_xlnx_mig_7_ddr3_mig/u_ddr3_infrastructure/clk_pll_i
    BUFGCTRL_X0Y1        BUFG (Prop_bufg_I_O)         0.093     2.291 r  i_ddr/u_xlnx_mig_7_ddr3_mig/u_ddr3_infrastructure/u_bufg_clkdiv0/O
                         net (fo=11269, routed)       1.471     3.762    i_ddr/u_xlnx_mig_7_ddr3_mig/u_memc_ui_top_axi/mem_intfc0/mc0/CLK
    SLICE_X136Y111       FDRE                                         r  i_ddr/u_xlnx_mig_7_ddr3_mig/u_memc_ui_top_axi/mem_intfc0/mc0/mc_read_idle_r_reg/C
  -------------------------------------------------------------------    -------------------
    SLICE_X136Y111       FDRE (Prop_fdre_C_Q)         0.259     4.021 r  i_ddr/u_xlnx_mig_7_ddr3_mig/u_memc_ui_top_axi/mem_intfc0/mc0/mc_read_idle_r_reg/Q
                         net (fo=72, routed)          1.638     5.659    i_ddr/u_xlnx_mig_7_ddr3_mig/u_memc_ui_top_axi/mem_intfc0/ddr_phy_top0/u_ddr_mc_phy_wrapper/gen_dq_iobuf_HP.gen_dq_iobuf[16].u_iobuf_dq/IBUFDISABLE
    AJ4                  IBUF_IBUFDISABLE (Prop_ibuf_ibufdisable_IBUFDISABLE_O)
                                                      1.453     7.112 r  i_ddr/u_xlnx_mig_7_ddr3_mig/u_memc_ui_top_axi/mem_intfc0/ddr_phy_top0/u_ddr_mc_phy_wrapper/gen_dq_iobuf_HP.gen_dq_iobuf[16].u_iobuf_dq/IBUF/O
                         net (fo=2, routed)           0.000     7.112    i_ddr/u_xlnx_mig_7_ddr3_mig/u_memc_ui_top_axi/mem_intfc0/ddr_phy_top0/u_ddr_mc_phy_wrapper/u_ddr_mc_phy/ddr_phy_4lanes_0.u_ddr_phy_4lanes/ddr_byte_lane_B.ddr_byte_lane_B/ddr_byte_group_io/mem_dq_in[7]
    IDELAY_X1Y123        IDELAYE2_FINEDELAY (Prop_idelaye2_finedelay_IDATAIN_DATAOUT)
                                                      0.666     7.778 r  i_ddr/u_xlnx_mig_7_ddr3_mig/u_memc_ui_top_axi/mem_intfc0/ddr_phy_top0/u_ddr_mc_phy_wrapper/u_ddr_mc_phy/ddr_phy_4lanes_0.u_ddr_phy_4lanes/ddr_byte_lane_B.ddr_byte_lane_B/ddr_byte_group_io/input_[8].iserdes_dq_.idelay_finedelay_dq.idelaye2/DATAOUT
                         net (fo=1, routed)           0.000     7.778    i_ddr/u_xlnx_mig_7_ddr3_mig/u_memc_ui_top_axi/mem_intfc0/ddr_phy_top0/u_ddr_mc_phy_wrapper/u_ddr_mc_phy/ddr_phy_4lanes_0.u_ddr_phy_4lanes/ddr_byte_lane_B.ddr_byte_lane_B/ddr_byte_group_io/data_in_dly_8
    ILOGIC_X1Y123        ISERDESE2                                    r  i_ddr/u_xlnx_mig_7_ddr3_mig/u_memc_ui_top_axi/mem_intfc0/ddr_phy_top0/u_ddr_mc_phy_wrapper/u_ddr_mc_phy/ddr_phy_4lanes_0.u_ddr_phy_4lanes/ddr_byte_lane_B.ddr_byte_lane_B/ddr_byte_group_io/input_[8].iserdes_dq_.iserdesdq/DDLY
  -------------------------------------------------------------------    -------------------

                         (clock u_memc_ui_top_axi/mem_intfc0/ddr_phy_top0/u_ddr_mc_phy_wrapper/u_ddr_mc_phy/ddr_phy_4lanes_0.u_ddr_phy_4lanes/ddr_byte_lane_B.ddr_byte_lane_B/iserdes_clk fall edge)
                                                      6.797     6.797 f  
    AD12                                              0.000     6.797 f  sys_clk_p (IN)
                         net (fo=0)                   0.000     6.797    i_ddr/u_xlnx_mig_7_ddr3_mig/u_ddr3_clk_ibuf/sys_clk_p
    AD12                 IBUFDS (Prop_ibufds_I_O)     0.735     7.532 f  i_ddr/u_xlnx_mig_7_ddr3_mig/u_ddr3_clk_ibuf/diff_input_clk.u_ibufg_sys_clk/O
                         net (fo=3, routed)           1.001     8.533    i_ddr/u_xlnx_mig_7_ddr3_mig/u_ddr3_infrastructure/out
    PLLE2_ADV_X1Y1       PLLE2_ADV (Prop_plle2_adv_CLKIN1_CLKOUT0)
                                                      0.073     8.606 f  i_ddr/u_xlnx_mig_7_ddr3_mig/u_ddr3_infrastructure/plle2_i/CLKOUT0
                         net (fo=14, routed)          1.075     9.681    i_ddr/u_xlnx_mig_7_ddr3_mig/u_memc_ui_top_axi/mem_intfc0/ddr_phy_top0/u_ddr_mc_phy_wrapper/u_ddr_mc_phy/ddr_phy_4lanes_0.u_ddr_phy_4lanes/ddr_byte_lane_B.ddr_byte_lane_B/freq_refclk
    PHASER_IN_PHY_X1Y9   PHASER_IN_PHY (Prop_phaser_in_phy_FREQREFCLK_ICLK)
                                                      1.394    11.075 f  i_ddr/u_xlnx_mig_7_ddr3_mig/u_memc_ui_top_axi/mem_intfc0/ddr_phy_top0/u_ddr_mc_phy_wrapper/u_ddr_mc_phy/ddr_phy_4lanes_0.u_ddr_phy_4lanes/ddr_byte_lane_B.ddr_byte_lane_B/phaser_in_gen.phaser_in/ICLK
                         net (fo=16, routed)          0.303    11.378    i_ddr/u_xlnx_mig_7_ddr3_mig/u_memc_ui_top_axi/mem_intfc0/ddr_phy_top0/u_ddr_mc_phy_wrapper/u_ddr_mc_phy/ddr_phy_4lanes_0.u_ddr_phy_4lanes/ddr_byte_lane_B.ddr_byte_lane_B/ddr_byte_group_io/CLKB0_7
    ILOGIC_X1Y123        ISERDESE2                                    r  i_ddr/u_xlnx_mig_7_ddr3_mig/u_memc_ui_top_axi/mem_intfc0/ddr_phy_top0/u_ddr_mc_phy_wrapper/u_ddr_mc_phy/ddr_phy_4lanes_0.u_ddr_phy_4lanes/ddr_byte_lane_B.ddr_byte_lane_B/ddr_byte_group_io/input_[8].iserdes_dq_.iserdesdq/CLKB  (IS_INVERTED)
                         clock pessimism              0.197    11.576    
                         clock uncertainty           -0.173    11.403    
    ILOGIC_X1Y123        ISERDESE2 (Setup_iserdese2_CLKB_DDLY)
                                                     -0.115    11.288    i_ddr/u_xlnx_mig_7_ddr3_mig/u_memc_ui_top_axi/mem_intfc0/ddr_phy_top0/u_ddr_mc_phy_wrapper/u_ddr_mc_phy/ddr_phy_4lanes_0.u_ddr_phy_4lanes/ddr_byte_lane_B.ddr_byte_lane_B/ddr_byte_group_io/input_[8].iserdes_dq_.iserdesdq
  -------------------------------------------------------------------
                         required time                         11.288    
                         arrival time                          -7.778    
  -------------------------------------------------------------------
                         slack                                  3.510    

Slack (MET) :             3.797ns  (required time - arrival time)
  Source:                 i_ddr/u_xlnx_mig_7_ddr3_mig/u_memc_ui_top_axi/mem_intfc0/mc0/mc_read_idle_r_reg/C
                            (rising edge-triggered cell FDRE clocked by clk_pll_i  {rise@0.000ns fall@2.500ns period=5.000ns})
  Destination:            i_ddr/u_xlnx_mig_7_ddr3_mig/u_memc_ui_top_axi/mem_intfc0/ddr_phy_top0/u_ddr_mc_phy_wrapper/u_ddr_mc_phy/ddr_phy_4lanes_0.u_ddr_phy_4lanes/ddr_byte_lane_A.ddr_byte_lane_A/ddr_byte_group_io/input_[0].iserdes_dq_.iserdesdq/DDLY
                            (falling edge-triggered cell ISERDESE2 clocked by u_memc_ui_top_axi/mem_intfc0/ddr_phy_top0/u_ddr_mc_phy_wrapper/u_ddr_mc_phy/ddr_phy_4lanes_0.u_ddr_phy_4lanes/ddr_byte_lane_A.ddr_byte_lane_A/iserdes_clk  {rise@1.172ns fall@1.797ns period=1.250ns})
  Path Group:             u_memc_ui_top_axi/mem_intfc0/ddr_phy_top0/u_ddr_mc_phy_wrapper/u_ddr_mc_phy/ddr_phy_4lanes_0.u_ddr_phy_4lanes/ddr_byte_lane_A.ddr_byte_lane_A/iserdes_clk
  Path Type:              Setup (Max at Slow Process Corner)
  Requirement:            6.797ns  (u_memc_ui_top_axi/mem_intfc0/ddr_phy_top0/u_ddr_mc_phy_wrapper/u_ddr_mc_phy/ddr_phy_4lanes_0.u_ddr_phy_4lanes/ddr_byte_lane_A.ddr_byte_lane_A/iserdes_clk fall@6.797ns - clk_pll_i rise@0.000ns)
  Data Path Delay:        3.739ns  (logic 2.378ns (63.602%)  route 1.361ns (36.398%))
  Logic Levels:           2  (IBUF_IBUFDISABLE=1 IDELAYE2_FINEDELAY=1)
  Clock Path Skew:        1.027ns (DCD - SCD + CPR)
    Destination Clock Delay (DCD):    4.591ns = ( 5.138 - 0.547 ) 
    Source Clock Delay      (SCD):    3.762ns
    Clock Pessimism Removal (CPR):    0.197ns
  Clock Uncertainty:      0.173ns  ((TSJ^2 + DJ^2)^1/2) / 2 + PE
    Total System Jitter     (TSJ):    0.071ns
    Discrete Jitter          (DJ):    0.076ns
    Phase Error              (PE):    0.121ns
  Timing Exception:       MultiCycle Path   Setup -end   6

    Location             Delay type                Incr(ns)  Path(ns)    Netlist Resource(s)
  -------------------------------------------------------------------    -------------------
                         (clock clk_pll_i rise edge)
                                                      0.000     0.000 r  
    AD12                                              0.000     0.000 r  sys_clk_p (IN)
                         net (fo=0)                   0.000     0.000    i_ddr/u_xlnx_mig_7_ddr3_mig/u_ddr3_clk_ibuf/sys_clk_p
    AD12                 IBUFDS (Prop_ibufds_I_O)     0.832     0.832 r  i_ddr/u_xlnx_mig_7_ddr3_mig/u_ddr3_clk_ibuf/diff_input_clk.u_ibufg_sys_clk/O
                         net (fo=3, routed)           1.098     1.930    i_ddr/u_xlnx_mig_7_ddr3_mig/u_ddr3_infrastructure/out
    PLLE2_ADV_X1Y1       PLLE2_ADV (Prop_plle2_adv_CLKIN1_CLKOUT3)
                                                      0.077     2.007 r  i_ddr/u_xlnx_mig_7_ddr3_mig/u_ddr3_infrastructure/plle2_i/CLKOUT3
                         net (fo=1, routed)           1.155     3.162    i_ddr/u_xlnx_mig_7_ddr3_mig/u_ddr3_infrastructure/pll_clk3_out
    BUFHCE_X1Y12         BUFH (Prop_bufh_I_O)         0.103     3.265 r  i_ddr/u_xlnx_mig_7_ddr3_mig/u_ddr3_infrastructure/u_bufh_pll_clk3/O
                         net (fo=1, routed)           0.790     4.055    i_ddr/u_xlnx_mig_7_ddr3_mig/u_ddr3_infrastructure/pll_clk3
    MMCME2_ADV_X1Y1      MMCME2_ADV (Prop_mmcme2_adv_CLKIN1_CLKFBOUT)
                                                     -3.987     0.068 r  i_ddr/u_xlnx_mig_7_ddr3_mig/u_ddr3_infrastructure/gen_mmcm.mmcm_i/CLKFBOUT
                         net (fo=1, routed)           2.130     2.198    i_ddr/u_xlnx_mig_7_ddr3_mig/u_ddr3_infrastructure/clk_pll_i
    BUFGCTRL_X0Y1        BUFG (Prop_bufg_I_O)         0.093     2.291 r  i_ddr/u_xlnx_mig_7_ddr3_mig/u_ddr3_infrastructure/u_bufg_clkdiv0/O
                         net (fo=11269, routed)       1.471     3.762    i_ddr/u_xlnx_mig_7_ddr3_mig/u_memc_ui_top_axi/mem_intfc0/mc0/CLK
    SLICE_X136Y111       FDRE                                         r  i_ddr/u_xlnx_mig_7_ddr3_mig/u_memc_ui_top_axi/mem_intfc0/mc0/mc_read_idle_r_reg/C
  -------------------------------------------------------------------    -------------------
    SLICE_X136Y111       FDRE (Prop_fdre_C_Q)         0.259     4.021 r  i_ddr/u_xlnx_mig_7_ddr3_mig/u_memc_ui_top_axi/mem_intfc0/mc0/mc_read_idle_r_reg/Q
                         net (fo=72, routed)          1.361     5.382    i_ddr/u_xlnx_mig_7_ddr3_mig/u_memc_ui_top_axi/mem_intfc0/ddr_phy_top0/u_ddr_mc_phy_wrapper/gen_dq_iobuf_HP.gen_dq_iobuf[31].u_iobuf_dq/IBUFDISABLE
    AK4                  IBUF_IBUFDISABLE (Prop_ibuf_ibufdisable_IBUFDISABLE_O)
                                                      1.453     6.835 r  i_ddr/u_xlnx_mig_7_ddr3_mig/u_memc_ui_top_axi/mem_intfc0/ddr_phy_top0/u_ddr_mc_phy_wrapper/gen_dq_iobuf_HP.gen_dq_iobuf[31].u_iobuf_dq/IBUF/O
                         net (fo=2, routed)           0.000     6.835    i_ddr/u_xlnx_mig_7_ddr3_mig/u_memc_ui_top_axi/mem_intfc0/ddr_phy_top0/u_ddr_mc_phy_wrapper/u_ddr_mc_phy/ddr_phy_4lanes_0.u_ddr_phy_4lanes/ddr_byte_lane_A.ddr_byte_lane_A/ddr_byte_group_io/mem_dq_in[0]
    IDELAY_X1Y101        IDELAYE2_FINEDELAY (Prop_idelaye2_finedelay_IDATAIN_DATAOUT)
                                                      0.666     7.501 r  i_ddr/u_xlnx_mig_7_ddr3_mig/u_memc_ui_top_axi/mem_intfc0/ddr_phy_top0/u_ddr_mc_phy_wrapper/u_ddr_mc_phy/ddr_phy_4lanes_0.u_ddr_phy_4lanes/ddr_byte_lane_A.ddr_byte_lane_A/ddr_byte_group_io/input_[0].iserdes_dq_.idelay_finedelay_dq.idelaye2/DATAOUT
                         net (fo=1, routed)           0.000     7.501    i_ddr/u_xlnx_mig_7_ddr3_mig/u_memc_ui_top_axi/mem_intfc0/ddr_phy_top0/u_ddr_mc_phy_wrapper/u_ddr_mc_phy/ddr_phy_4lanes_0.u_ddr_phy_4lanes/ddr_byte_lane_A.ddr_byte_lane_A/ddr_byte_group_io/data_in_dly_0
    ILOGIC_X1Y101        ISERDESE2                                    r  i_ddr/u_xlnx_mig_7_ddr3_mig/u_memc_ui_top_axi/mem_intfc0/ddr_phy_top0/u_ddr_mc_phy_wrapper/u_ddr_mc_phy/ddr_phy_4lanes_0.u_ddr_phy_4lanes/ddr_byte_lane_A.ddr_byte_lane_A/ddr_byte_group_io/input_[0].iserdes_dq_.iserdesdq/DDLY
  -------------------------------------------------------------------    -------------------

                         (clock u_memc_ui_top_axi/mem_intfc0/ddr_phy_top0/u_ddr_mc_phy_wrapper/u_ddr_mc_phy/ddr_phy_4lanes_0.u_ddr_phy_4lanes/ddr_byte_lane_A.ddr_byte_lane_A/iserdes_clk fall edge)
                                                      6.797     6.797 f  
    AD12                                              0.000     6.797 f  sys_clk_p (IN)
                         net (fo=0)                   0.000     6.797    i_ddr/u_xlnx_mig_7_ddr3_mig/u_ddr3_clk_ibuf/sys_clk_p
    AD12                 IBUFDS (Prop_ibufds_I_O)     0.735     7.532 f  i_ddr/u_xlnx_mig_7_ddr3_mig/u_ddr3_clk_ibuf/diff_input_clk.u_ibufg_sys_clk/O
                         net (fo=3, routed)           1.001     8.533    i_ddr/u_xlnx_mig_7_ddr3_mig/u_ddr3_infrastructure/out
    PLLE2_ADV_X1Y1       PLLE2_ADV (Prop_plle2_adv_CLKIN1_CLKOUT0)
                                                      0.073     8.606 f  i_ddr/u_xlnx_mig_7_ddr3_mig/u_ddr3_infrastructure/plle2_i/CLKOUT0
                         net (fo=14, routed)          1.076     9.682    i_ddr/u_xlnx_mig_7_ddr3_mig/u_memc_ui_top_axi/mem_intfc0/ddr_phy_top0/u_ddr_mc_phy_wrapper/u_ddr_mc_phy/ddr_phy_4lanes_0.u_ddr_phy_4lanes/ddr_byte_lane_A.ddr_byte_lane_A/freq_refclk
    PHASER_IN_PHY_X1Y8   PHASER_IN_PHY (Prop_phaser_in_phy_FREQREFCLK_ICLK)
                                                      1.394    11.076 f  i_ddr/u_xlnx_mig_7_ddr3_mig/u_memc_ui_top_axi/mem_intfc0/ddr_phy_top0/u_ddr_mc_phy_wrapper/u_ddr_mc_phy/ddr_phy_4lanes_0.u_ddr_phy_4lanes/ddr_byte_lane_A.ddr_byte_lane_A/phaser_in_gen.phaser_in/ICLK
                         net (fo=16, routed)          0.312    11.388    i_ddr/u_xlnx_mig_7_ddr3_mig/u_memc_ui_top_axi/mem_intfc0/ddr_phy_top0/u_ddr_mc_phy_wrapper/u_ddr_mc_phy/ddr_phy_4lanes_0.u_ddr_phy_4lanes/ddr_byte_lane_A.ddr_byte_lane_A/ddr_byte_group_io/CLKB0
    ILOGIC_X1Y101        ISERDESE2                                    r  i_ddr/u_xlnx_mig_7_ddr3_mig/u_memc_ui_top_axi/mem_intfc0/ddr_phy_top0/u_ddr_mc_phy_wrapper/u_ddr_mc_phy/ddr_phy_4lanes_0.u_ddr_phy_4lanes/ddr_byte_lane_A.ddr_byte_lane_A/ddr_byte_group_io/input_[0].iserdes_dq_.iserdesdq/CLKB  (IS_INVERTED)
                         clock pessimism              0.197    11.586    
                         clock uncertainty           -0.173    11.413    
    ILOGIC_X1Y101        ISERDESE2 (Setup_iserdese2_CLKB_DDLY)
                                                     -0.115    11.298    i_ddr/u_xlnx_mig_7_ddr3_mig/u_memc_ui_top_axi/mem_intfc0/ddr_phy_top0/u_ddr_mc_phy_wrapper/u_ddr_mc_phy/ddr_phy_4lanes_0.u_ddr_phy_4lanes/ddr_byte_lane_A.ddr_byte_lane_A/ddr_byte_group_io/input_[0].iserdes_dq_.iserdesdq
  -------------------------------------------------------------------
                         required time                         11.298    
                         arrival time                          -7.501    
  -------------------------------------------------------------------
                         slack                                  3.797    

Slack (MET) :             4.973ns  (required time - arrival time)
  Source:                 i_ariane_peripherals/gen_ethernet.eth_rgmii/rgmii_soc1/core_inst/eth_mac_inst/eth_mac_1g_rgmii_inst/rgmii_phy_if_inst/rx_ssio_ddr_inst/data_iddr_inst/iddr[2].iddr_inst/C
                            (rising edge-triggered cell IDDR clocked by eth_rxck  {rise@0.000ns fall@4.000ns period=8.000ns})
  Destination:            i_ariane_peripherals/gen_ethernet.eth_rgmii/rgmii_soc1/core_inst/eth_mac_inst/eth_mac_1g_rgmii_inst/eth_mac_1g_inst/axis_gmii_rx_inst/mii_odd_reg/D
                            (rising edge-triggered cell FDRE clocked by eth_rxck  {rise@0.000ns fall@4.000ns period=8.000ns})
  Path Group:             eth_rxck
  Path Type:              Setup (Max at Slow Process Corner)
  Requirement:            8.000ns  (eth_rxck rise@8.000ns - eth_rxck rise@0.000ns)
  Data Path Delay:        2.452ns  (logic 0.572ns (23.324%)  route 1.880ns (76.676%))
  Logic Levels:           3  (LUT3=1 LUT6=2)
  Clock Path Skew:        -0.625ns (DCD - SCD + CPR)
    Destination Clock Delay (DCD):    1.845ns = ( 9.845 - 8.000 ) 
    Source Clock Delay      (SCD):    2.576ns
    Clock Pessimism Removal (CPR):    0.106ns
  Clock Uncertainty:      0.035ns  ((TSJ^2 + TIJ^2)^1/2 + DJ) / 2 + PE
    Total System Jitter     (TSJ):    0.071ns
    Total Input Jitter      (TIJ):    0.000ns
    Discrete Jitter          (DJ):    0.000ns
    Phase Error              (PE):    0.000ns

    Location             Delay type                Incr(ns)  Path(ns)    Netlist Resource(s)
  -------------------------------------------------------------------    -------------------
                         (clock eth_rxck rise edge)
                                                      0.000     0.000 r  
    AG10                                              0.000     0.000 r  eth_rxck (IN)
                         net (fo=0)                   0.000     0.000    eth_rxck
    AG10                 IBUF (Prop_ibuf_I_O)         0.736     0.736 r  eth_rxck_IBUF_inst/O
                         net (fo=2, routed)           0.354     1.090    i_ariane_peripherals/gen_ethernet.eth_rgmii/rgmii_soc1/core_inst/eth_mac_inst/eth_mac_1g_rgmii_inst/rgmii_phy_if_inst/rx_ssio_ddr_inst/input_clk
    BUFIO_X1Y5           BUFIO (Prop_bufio_I_O)       1.140     2.230 r  i_ariane_peripherals/gen_ethernet.eth_rgmii/rgmii_soc1/core_inst/eth_mac_inst/eth_mac_1g_rgmii_inst/rgmii_phy_if_inst/rx_ssio_ddr_inst/clk_bufio/O
                         net (fo=5, routed)           0.346     2.576    i_ariane_peripherals/gen_ethernet.eth_rgmii/rgmii_soc1/core_inst/eth_mac_inst/eth_mac_1g_rgmii_inst/rgmii_phy_if_inst/rx_ssio_ddr_inst/data_iddr_inst/clk_io
    ILOGIC_X1Y58         IDDR                                         r  i_ariane_peripherals/gen_ethernet.eth_rgmii/rgmii_soc1/core_inst/eth_mac_inst/eth_mac_1g_rgmii_inst/rgmii_phy_if_inst/rx_ssio_ddr_inst/data_iddr_inst/iddr[2].iddr_inst/C
  -------------------------------------------------------------------    -------------------
    ILOGIC_X1Y58         IDDR (Prop_iddr_C_Q1)        0.392     2.968 f  i_ariane_peripherals/gen_ethernet.eth_rgmii/rgmii_soc1/core_inst/eth_mac_inst/eth_mac_1g_rgmii_inst/rgmii_phy_if_inst/rx_ssio_ddr_inst/data_iddr_inst/iddr[2].iddr_inst/Q1
                         net (fo=5, routed)           1.123     4.091    i_ariane_peripherals/gen_ethernet.eth_rgmii/rgmii_soc1/core_inst/eth_mac_inst/eth_mac_1g_rgmii_inst/rgmii_phy_if_inst/rx_ssio_ddr_inst/data_iddr_inst/q1[2]
    SLICE_X136Y59        LUT6 (Prop_lut6_I3_O)        0.086     4.177 r  i_ariane_peripherals/gen_ethernet.eth_rgmii/rgmii_soc1/core_inst/eth_mac_inst/eth_mac_1g_rgmii_inst/rgmii_phy_if_inst/rx_ssio_ddr_inst/data_iddr_inst/mii_odd_i_3/O
                         net (fo=1, routed)           0.416     4.593    i_ariane_peripherals/gen_ethernet.eth_rgmii/rgmii_soc1/core_inst/eth_mac_inst/eth_mac_1g_rgmii_inst/eth_mac_1g_inst/axis_gmii_rx_inst/mii_odd_reg_0
    SLICE_X135Y59        LUT6 (Prop_lut6_I5_O)        0.043     4.636 r  i_ariane_peripherals/gen_ethernet.eth_rgmii/rgmii_soc1/core_inst/eth_mac_inst/eth_mac_1g_rgmii_inst/eth_mac_1g_inst/axis_gmii_rx_inst/mii_odd_i_2/O
                         net (fo=1, routed)           0.342     4.977    i_ariane_peripherals/gen_ethernet.eth_rgmii/rgmii_soc1/core_inst/eth_mac_inst/eth_mac_1g_rgmii_inst/eth_mac_1g_inst/axis_gmii_rx_inst/mii_odd12_out
    SLICE_X132Y58        LUT3 (Prop_lut3_I1_O)        0.051     5.028 r  i_ariane_peripherals/gen_ethernet.eth_rgmii/rgmii_soc1/core_inst/eth_mac_inst/eth_mac_1g_rgmii_inst/eth_mac_1g_inst/axis_gmii_rx_inst/mii_odd_i_1/O
                         net (fo=1, routed)           0.000     5.028    i_ariane_peripherals/gen_ethernet.eth_rgmii/rgmii_soc1/core_inst/eth_mac_inst/eth_mac_1g_rgmii_inst/eth_mac_1g_inst/axis_gmii_rx_inst/mii_odd_i_1_n_0
    SLICE_X132Y58        FDRE                                         r  i_ariane_peripherals/gen_ethernet.eth_rgmii/rgmii_soc1/core_inst/eth_mac_inst/eth_mac_1g_rgmii_inst/eth_mac_1g_inst/axis_gmii_rx_inst/mii_odd_reg/D
  -------------------------------------------------------------------    -------------------

                         (clock eth_rxck rise edge)
                                                      8.000     8.000 r  
    AG10                                              0.000     8.000 r  eth_rxck (IN)
                         net (fo=0)                   0.000     8.000    eth_rxck
    AG10                 IBUF (Prop_ibuf_I_O)         0.630     8.630 r  eth_rxck_IBUF_inst/O
                         net (fo=2, routed)           0.351     8.981    i_ariane_peripherals/gen_ethernet.eth_rgmii/rgmii_soc1/core_inst/eth_mac_inst/eth_mac_1g_rgmii_inst/rgmii_phy_if_inst/rx_ssio_ddr_inst/input_clk
    BUFR_X1Y5            BUFR (Prop_bufr_I_O)         0.289     9.270 r  i_ariane_peripherals/gen_ethernet.eth_rgmii/rgmii_soc1/core_inst/eth_mac_inst/eth_mac_1g_rgmii_inst/rgmii_phy_if_inst/rx_ssio_ddr_inst/clk_bufr/O
                         net (fo=210, routed)         0.575     9.845    i_ariane_peripherals/gen_ethernet.eth_rgmii/rgmii_soc1/core_inst/eth_mac_inst/eth_mac_1g_rgmii_inst/eth_mac_1g_inst/axis_gmii_rx_inst/output_clk
    SLICE_X132Y58        FDRE                                         r  i_ariane_peripherals/gen_ethernet.eth_rgmii/rgmii_soc1/core_inst/eth_mac_inst/eth_mac_1g_rgmii_inst/eth_mac_1g_inst/axis_gmii_rx_inst/mii_odd_reg/C
                         clock pessimism              0.106     9.951    
                         clock uncertainty           -0.035     9.915    
    SLICE_X132Y58        FDRE (Setup_fdre_C_D)        0.086    10.001    i_ariane_peripherals/gen_ethernet.eth_rgmii/rgmii_soc1/core_inst/eth_mac_inst/eth_mac_1g_rgmii_inst/eth_mac_1g_inst/axis_gmii_rx_inst/mii_odd_reg
  -------------------------------------------------------------------
                         required time                         10.001    
                         arrival time                          -5.028    
  -------------------------------------------------------------------
                         slack                                  4.973    




